Inventory ID,Item ID,DateTime,Amount,SourcePurchaseID,LocationID,Reason,OperatorEmail,MachineID,RelatedRefillID
a2de7383,0006,1/29/2026 14:47:37,10,,MAIN,,anasgherfal@gmail.com,,
b8816e1c,0006,1/29/2026 14:48:20,5,,,,anasgherfal@gmail.com,,
221920c0,0006,1/29/2026 14:50:12,1,,MAIN,,anasgherfal@gmail.com,,
f8aa4cc4,e7e30487,1/29/2026 15:04:46,5,,MAIN,,anasgherfal@gmail.com,,
990d0e76,e7e30487,1/29/2026 15:05:13,1,,MAIN,,anasgherfal@gmail.com,,
6696660f,e7e30487,1/29/2026 15:06:08,2,,MAIN,,anasgherfal@gmail.com,,
896c8803,0006,1/29/2026 15:33:16,-1,,,,anasgherfal@gmail.com,,
dd5616d6,0021,2/1/2026 19:32:46,24,74a12150,,,anasgherfal@gmail.com,,
ba5930ad,bb6c2490,2/1/2026 19:34:09,36,c0422ab4,,,anasgherfal@gmail.com,,
0d7cc23e,0021,2/1/2026 19:36:24,72,fc17b57a,,,anasgherfal@gmail.com,,
0cd028fc,f2959682,2/1/2026 19:39:10,150,cfbae1fe,,,anasgherfal@gmail.com,,
6d65039b,f2959682,2/2/2026 11:09:28,1,c6aff753,,,anasgherfal@gmail.com,,
0545c094,0086,2/2/2026 11:26:09,100,31ff09fe,,,anasgherfal@gmail.com,,
db21cf1f,f2959682,2/2/2026 11:26:52,1,e7b42511,,,anasgherfal@gmail.com,,
42edc66b,0086,2/2/2026 11:32:47,70,8a70271d,,,anasgherfal@gmail.com,,
765458b7,f2959682,2/3/2026 17:47:01,1,a5df8846,,,anasgherfal@gmail.com,,
05b29cf4,f2959682,2/3/2026 18:05:08,0,8c868700,,,anasgherfal@gmail.com,,
b6055385,0001,2/8/2026 15:12:36,45,,,,zegallai911@gmail.com,,
42fc3374,12b96290,2/8/2026 15:12:46,4,,,,zegallai911@gmail.com,,
6afc4cec,0015,2/8/2026 15:15:10,53,,,,zegallai911@gmail.com,,
b18bb8b0,0029,2/8/2026 15:15:42,24,,,,zegallai911@gmail.com,,
bbd6236a,0029,2/8/2026 15:15:51,24,,,,zegallai911@gmail.com,,
843fa583,0029,2/8/2026 15:16:08,3,,,,zegallai911@gmail.com,,
85b1096b,0054,2/8/2026 15:16:47,17,,,,zegallai911@gmail.com,,
7a0084b3,a3f74383,2/8/2026 15:17:56,18,,,,zegallai911@gmail.com,,
dcf5f141,a3f74383,2/8/2026 15:18:21,24,,,,zegallai911@gmail.com,,
8174d233,0044,2/8/2026 15:18:48,4,,,,zegallai911@gmail.com,,
4a7286f4,78233e6f,2/8/2026 15:21:18,30,,,,zegallai911@gmail.com,,
7db5cceb,0023,2/8/2026 15:22:14,12,,,,zegallai911@gmail.com,,
d3bfee7f,0015,2/8/2026 15:28:27,5,,,,zegallai911@gmail.com,,
a6636d75,0011,2/8/2026 15:30:09,141,,,,zegallai911@gmail.com,,
f2fc3485,364fe321,2/8/2026 15:30:31,40,,,,zegallai911@gmail.com,,
24f3dc13,ed187a9e,2/8/2026 15:38:11,14,,,,zegallai911@gmail.com,,
588e71d2,bfd1b639,2/8/2026 15:38:55,18,,,,zegallai911@gmail.com,,
1f961ff5,0011,2/8/2026 15:39:05,109,,,,zegallai911@gmail.com,,
c4baf50e,0011,2/8/2026 15:39:47,-141,,,,zegallai911@gmail.com,,
bb09feb3,364fe321,2/8/2026 15:40:28,-40,,,,zegallai911@gmail.com,,
1e6cac36,364fe321,2/8/2026 15:40:43,24,,,,zegallai911@gmail.com,,
4bad21a8,b112660a,2/8/2026 15:41:56,16,,,,zegallai911@gmail.com,,
771db0b1,0005,2/8/2026 15:43:31,35,,,,zegallai911@gmail.com,,
bc4fa413,649eaeb5,2/8/2026 15:44:49,34,,,,zegallai911@gmail.com,,
5c0b42b1,f38e69c5,2/8/2026 15:45:25,12,,,,zegallai911@gmail.com,,
604d9434,0049,2/8/2026 15:46:27,89,,,,zegallai911@gmail.com,,
515eb569,69692785,2/8/2026 15:48:07,2,,,,zegallai911@gmail.com,,
bd540a24,f3465619,2/8/2026 15:48:17,1,,,,zegallai911@gmail.com,,
a6121aab,2a5b5163,2/8/2026 15:48:30,24,,,,zegallai911@gmail.com,,
24a2cd9e,0015,2/8/2026 15:49:04,-5,,,,zegallai911@gmail.com,,
4b3dc21d,3e9fa8d9,2/8/2026 15:52:08,7,,,,zegallai911@gmail.com,,
7d3d7dbf,0064,2/8/2026 15:52:31,1,,,,zegallai911@gmail.com,,
d1f23d0b,0064,2/8/2026 15:52:53,-1,,,,zegallai911@gmail.com,,
f18d1be6,0033,2/8/2026 15:59:41,70,,,,zegallai911@gmail.com,,
97cda473,27febea6,2/8/2026 16:02:36,12,,,,zegallai911@gmail.com,,
312b006e,0070,2/8/2026 16:03:19,12,,,,zegallai911@gmail.com,,
45f6bffb,3945efc9,2/8/2026 16:05:33,4,,,,zegallai911@gmail.com,,
f62073df,9f3ec79c,2/8/2026 16:06:14,5,,,,zegallai911@gmail.com,,
254d5b01,492147d3,2/8/2026 16:06:27,12,,,,zegallai911@gmail.com,,
f68d947c,0006,2/8/2026 16:06:35,12,,,,zegallai911@gmail.com,,
38b4361d,c099f042,2/8/2026 16:09:16,1,,,,zegallai911@gmail.com,,
09f174ab,cd21eb57,2/8/2026 16:10:17,1,,,,zegallai911@gmail.com,,
c9864ed0,e7e30487,2/8/2026 16:10:25,-8,,,,zegallai911@gmail.com,,
d5ef1776,0006,2/8/2026 16:10:37,-15,,,,zegallai911@gmail.com,,
90380702,b3204174,2/8/2026 16:14:55,41,,,,zegallai911@gmail.com,,
4c0b0ec0,e28d366b,2/8/2026 16:16:55,73,,,,zegallai911@gmail.com,,
e93a3996,bb6c2490,2/8/2026 16:19:20,72,,,,zegallai911@gmail.com,,
f23dea83,0038,2/8/2026 16:21:00,16,,,,zegallai911@gmail.com,,
71c5537e,360bd4d4,2/8/2026 16:25:19,13,,,,zegallai911@gmail.com,,
25b80b03,cf6c9481,2/8/2026 16:25:42,48,,,,zegallai911@gmail.com,,
59fbbb4c,0021,2/8/2026 16:26:22,-96,,,,zegallai911@gmail.com,,
4fd283c3,0021,2/8/2026 16:26:33,72,,,,zegallai911@gmail.com,,
982580c9,f30d8158,2/8/2026 16:26:59,4,,,,zegallai911@gmail.com,,
8cebf362,0086,2/8/2026 16:27:37,-99,,,,zegallai911@gmail.com,,
ab74bc99,567c0b27,2/8/2026 16:28:08,10,,,,zegallai911@gmail.com,,
b034b138,0020,2/8/2026 16:28:45,12,,,,zegallai911@gmail.com,,
fa7935df,0025,2/8/2026 16:29:23,2,,,,zegallai911@gmail.com,,
04f20028,ee3cf870,2/8/2026 16:30:45,3,,,,zegallai911@gmail.com,,
6012ae73,0010,2/8/2026 16:30:56,1,,,,zegallai911@gmail.com,,
58748be6,0019,2/8/2026 16:32:44,84,,,,zegallai911@gmail.com,,
dbe7e884,0014,2/8/2026 16:33:08,15,,,,zegallai911@gmail.com,,
82aa0598,0030,2/8/2026 16:33:21,7,,,,zegallai911@gmail.com,,
37b29fa8,3a1acd45,2/8/2026 16:33:53,4,,,,zegallai911@gmail.com,,
1a6d9b04,0003,2/8/2026 16:34:08,2,,,,zegallai911@gmail.com,,
44db3bcc,0028,2/8/2026 16:34:58,14,,,,zegallai911@gmail.com,,
08603a38,7cd3aac7,2/8/2026 16:36:54,10,,,,zegallai911@gmail.com,,
5bbefc58,9d0be7b3,2/8/2026 16:38:23,16,,,,zegallai911@gmail.com,,
e1feffb1,0032,2/8/2026 16:39:52,54,,,,zegallai911@gmail.com,,
9bfba582,0032,2/8/2026 16:40:15,3,,,,zegallai911@gmail.com,,
1b2c29a6,0064,2/8/2026 16:40:41,80,,,,zegallai911@gmail.com,,
1e9f50c0,0f694cb5,2/8/2026 16:42:42,13,,,,zegallai911@gmail.com,,
1172aa26,0082,2/8/2026 16:42:55,21,,,,zegallai911@gmail.com,,
4ba079fb,0012,2/8/2026 16:43:12,21,,,,zegallai911@gmail.com,,
032d03f5,d8e8d66a,2/8/2026 17:09:22,33,,,,zegallai911@gmail.com,,
ffe8d1fc,0002,2/8/2026 17:10:26,600,78bf660c,,,anasgherfal@gmail.com,,
2000653e,0065,2/8/2026 17:09:56,95,,,,zegallai911@gmail.com,,
33d6aa86,83dd14b5,2/8/2026 17:11:34,144,,,,zegallai911@gmail.com,,
a5671efb,1b6b5ed6,2/8/2026 17:14:30,183,,,,zegallai911@gmail.com,,
9ca7073d,83dd14b5,2/8/2026 17:14:46,1,,,,zegallai911@gmail.com,,
ee72e553,6670c5c1,2/8/2026 17:15:07,24,,,,zegallai911@gmail.com,,
44faee1c,0f694cb5,2/8/2026 17:17:30,4,,,,zegallai911@gmail.com,,
0709224d,d8e8d66a,2/8/2026 17:18:38,5,,,,zegallai911@gmail.com,,
e92040c3,a3f74383,2/8/2026 17:18:46,5,,,,zegallai911@gmail.com,,
a94ab7af,0053,2/8/2026 17:19:39,15,,,,zegallai911@gmail.com,,
f5ce98dd,cc35c9db,2/8/2026 17:19:56,1,,,,zegallai911@gmail.com,,
325591f7,3e9fa8d9,2/8/2026 17:20:25,2,,,,zegallai911@gmail.com,,
c757789d,0032,2/8/2026 17:21:27,-7,,,,anasgherfal@gmail.com,,
2770416e,0064,2/8/2026 17:21:39,-6,,,,anasgherfal@gmail.com,,
ce10e9e5,0049,2/8/2026 17:21:50,-4,,,,anasgherfal@gmail.com,,
ccc20938,0011,2/8/2026 17:22:02,-5,,,,anasgherfal@gmail.com,,
42a68c91,d0f577e2,2/8/2026 17:22:07,72,,,,zegallai911@gmail.com,,
a518e6ea,ed187a9e,2/8/2026 17:22:13,-3,,,,anasgherfal@gmail.com,,
a2e90dfb,cf6c9481,2/8/2026 17:23:07,-3,,,,anasgherfal@gmail.com,,
ad157a36,bb6c2490,2/8/2026 17:23:33,-4,,,,anasgherfal@gmail.com,,
ae6083ea,27febea6,2/8/2026 17:24:16,-6,,,,anasgherfal@gmail.com,,
90ff3450,649eaeb5,2/8/2026 17:24:59,-2,,,,anasgherfal@gmail.com,,
3f58795d,b3204174,2/8/2026 17:25:31,-2,,,,anasgherfal@gmail.com,,
c71a7404,0002,2/8/2026 17:26:39,-84,,,,anasgherfal@gmail.com,,
56d24e71,12b96290,2/8/2026 22:29:41,-4,,,,zegallai911@gmail.com,,
ef07a395,0001,2/8/2026 22:29:55,-45,,,,zegallai911@gmail.com,,
d1750f5c,0019,2/8/2026 22:31:20,-12,,,,zegallai911@gmail.com,,
6077a763,0021,2/8/2026 22:32:19,-7,,,,zegallai911@gmail.com,,
162b8673,1b6b5ed6,2/8/2026 22:33:07,-8,,,,zegallai911@gmail.com,,
03428c4c,d8e8d66a,2/8/2026 22:33:42,-5,,,,zegallai911@gmail.com,,
ede98773,0002,2/8/2026 22:34:21,-36,,,,zegallai911@gmail.com,,
1af2d686,0065,2/8/2026 22:35:13,-9,,,,zegallai911@gmail.com,,
23576cd2,6670c5c1,2/8/2026 22:36:05,-8,,,,zegallai911@gmail.com,,
26015e2d,0f694cb5,2/8/2026 22:36:50,-5,,,,zegallai911@gmail.com,,
5303657e,567c0b27,2/8/2026 22:37:29,-6,,,,zegallai911@gmail.com,,
4d870448,bb6c2490,2/8/2026 22:38:48,-14,,,,zegallai911@gmail.com,,
6d73e588,cd21eb57,2/8/2026 23:25:50,1,,,,zegallai911@gmail.com,,
69213db0,0019,2/8/2026 23:26:09,3,,,,zegallai911@gmail.com,,
a7664fb8,0038,2/8/2026 23:26:25,6,,,,zegallai911@gmail.com,,
2f6379c0,360bd4d4,2/8/2026 23:26:39,5,,,,zegallai911@gmail.com,,
35668862,0033,2/8/2026 23:26:55,5,,,,zegallai911@gmail.com,,
65ae54e9,c099f042,2/9/2026 16:10:17,80,1e8e1725,,,anasgherfal@gmail.com,,
c59e3ce7,c80ae9f2,2/9/2026 16:34:39,12,205b5873,,,anasgherfal@gmail.com,,
b72e6521,cf6c9481,2/9/2026 16:34:49,16,205b5873,,,anasgherfal@gmail.com,,
ca0251f2,1039e79c,2/9/2026 16:36:00,12,205b5873,,,anasgherfal@gmail.com,,
cc6aacfd,c099f042,2/9/2026 22:41:53,-7,,,,zegallai911@gmail.com,,
2b1eb431,bb6c2490,2/9/2026 22:42:01,-14,,,,zegallai911@gmail.com,,
f9886766,360bd4d4,2/9/2026 22:42:21,-7,,,,zegallai911@gmail.com,,
feff7c62,f30d8158,2/9/2026 22:43:03,-4,,,,zegallai911@gmail.com,,
d20a2791,0038,2/9/2026 22:43:45,-3,,,,zegallai911@gmail.com,,
44ccb44b,0033,2/9/2026 22:44:12,-5,,,,zegallai911@gmail.com,,
6b97f17b,3a1acd45,2/9/2026 22:44:48,-4,,,,zegallai911@gmail.com,,
9622f3da,0003,2/9/2026 22:45:07,-2,,,,zegallai911@gmail.com,,
1d5a665e,0014,2/9/2026 22:45:34,-13,,,,zegallai911@gmail.com,,
9b25735d,0021,2/9/2026 22:46:35,-10,,,,zegallai911@gmail.com,,
659a566e,0019,2/9/2026 22:47:37,-12,,,,zegallai911@gmail.com,,
0f38d54e,1b6b5ed6,2/9/2026 22:48:54,-12,,,,zegallai911@gmail.com,,
9efe4e85,0f694cb5,2/9/2026 22:49:54,-7,,,,zegallai911@gmail.com,,
751eeef6,0029,2/9/2026 23:54:19,-11,,,,zegallai911@gmail.com,,
a16451b0,0054,2/9/2026 23:54:35,-4,,,,zegallai911@gmail.com,,
c3671a86,a3f74383,2/9/2026 23:54:47,-2,,,,zegallai911@gmail.com,,
2a775865,0011,2/9/2026 23:54:56,-16,,,,zegallai911@gmail.com,,
9f6206c5,bb6c2490,2/9/2026 23:58:14,-28,,,,zegallai911@gmail.com,,
d7af1ab2,bb6c2490,2/9/2026 23:58:37,7,,,,zegallai911@gmail.com,,
ff43d5b4,c099f042,2/9/2026 23:59:29,-7,,,,zegallai911@gmail.com,,
2c4eca00,1b6b5ed6,2/10/2026 0:00:38,-12,,,,zegallai911@gmail.com,,
35863b23,0002,2/10/2026 0:01:01,-12,,,,zegallai911@gmail.com,,
2766680f,6670c5c1,2/10/2026 0:01:35,-8,,,,zegallai911@gmail.com,,
1852b4df,0064,2/10/2026 0:05:43,-3,,,,zegallai911@gmail.com,,
2ea543e6,0032,2/10/2026 0:05:52,-5,,,,zegallai911@gmail.com,,
7eab0772,1b6b5ed6,2/10/2026 0:06:04,-18,,,,zegallai911@gmail.com,,
774c1392,0029,2/10/2026 0:06:15,-14,,,,zegallai911@gmail.com,,
b4246b21,a3f74383,2/10/2026 0:06:24,-5,,,,zegallai911@gmail.com,,
a0051cb6,0008,2/10/2026 0:58:41,3,,,,zegallai911@gmail.com,,
9374a76d,0011,2/10/2026 0:58:51,2,,,,zegallai911@gmail.com,,
3909be96,bb6c2490,2/10/2026 1:50:41,1,,,,zegallai911@gmail.com,,
c6b85e48,1b6b5ed6,2/10/2026 10:53:51,6,,,,zegallai911@gmail.com,,
732b60e5,649eaeb5,2/10/2026 10:54:04,1,,,,zegallai911@gmail.com,,
acea088b,0064,2/10/2026 10:54:15,3,,,,zegallai911@gmail.com,,
88364d64,0012,2/10/2026 10:54:29,1,,,,zegallai911@gmail.com,,
6266946e,0032,2/10/2026 13:21:10,-6,,,,anasgherfal@gmail.com,,
f3b05dc0,0064,2/10/2026 13:21:49,-5,,,,anasgherfal@gmail.com,,
3962879d,1039e79c,2/10/2026 13:21:59,-6,,,,anasgherfal@gmail.com,,
4316d6a0,c80ae9f2,2/10/2026 13:22:09,-6,,,,anasgherfal@gmail.com,,
430bc77a,bb6c2490,2/10/2026 13:22:23,-16,,,,anasgherfal@gmail.com,,
9673a519,bb6c2490,2/10/2026 13:23:29,-11,,,,zegallai911@gmail.com,,
ed703c0e,c099f042,2/10/2026 13:24:03,-14,,,,zegallai911@gmail.com,,
716fa340,492147d3,2/10/2026 13:24:15,-7,,,,zegallai911@gmail.com,,
e29165d6,b3204174,2/10/2026 13:24:30,-7,,,,zegallai911@gmail.com,,
165a4e26,cf6c9481,2/10/2026 13:24:42,-24,,,,zegallai911@gmail.com,,
c0400872,0049,2/10/2026 13:24:56,-15,,,,zegallai911@gmail.com,,
9b9c9f9e,0086,2/10/2026 13:25:18,-24,,,,zegallai911@gmail.com,,
2a8facba,0011,2/10/2026 13:25:30,-7,,,,zegallai911@gmail.com,,
84452d00,bfd1b639,2/10/2026 13:25:45,-6,,,,zegallai911@gmail.com,,
a68b5fd8,0032,2/10/2026 13:25:58,-11,,,,zegallai911@gmail.com,,
b640e061,0064,2/10/2026 13:26:09,-4,,,,zegallai911@gmail.com,,
969c4fff,0021,2/10/2026 13:26:21,-8,,,,zegallai911@gmail.com,,
26c1a81a,0015,2/10/2026 13:26:40,-14,,,,zegallai911@gmail.com,,
30ea4035,0029,2/10/2026 13:26:53,-12,,,,zegallai911@gmail.com,,
b62a3bf7,0054,2/10/2026 13:27:09,-2,,,,zegallai911@gmail.com,,
157e4b91,a3f74383,2/10/2026 13:27:22,-4,,,,zegallai911@gmail.com,,
f9beda82,0002,2/10/2026 13:33:07,-36,,,,zegallai911@gmail.com,,
fea98f62,83dd14b5,2/10/2026 13:37:25,-16,,,,zegallai911@gmail.com,,
ec56984b,0019,2/10/2026 13:39:16,-29,,,,zegallai911@gmail.com,,
c88c01cc,cf6c9481,2/10/2026 15:03:09,2,,,,zegallai911@gmail.com,,
ed0842c0,308fcfb2,2/10/2026 15:32:38,2,,,,zegallai911@gmail.com,,
847df8eb,b3204174,2/10/2026 15:32:54,7,,,,zegallai911@gmail.com,,
f72b6d6b,0008,2/10/2026 18:36:01,-3,,,,anasgherfal@gmail.com,,
c5bd588a,bfd1b639,2/10/2026 18:36:24,-4,,,,anasgherfal@gmail.com,,
706c41b9,c099f042,2/10/2026 21:38:57,-14,,,,zegallai911@gmail.com,,
f0aafe20,9f3ec79c,2/10/2026 21:39:04,-5,,,,zegallai911@gmail.com,,
94707de0,492147d3,2/10/2026 21:39:08,-5,,,,zegallai911@gmail.com,,
d2ba047b,0006,2/10/2026 21:39:15,-7,,,,zegallai911@gmail.com,,
4aefdbfc,0086,2/10/2026 21:39:32,-20,,,,zegallai911@gmail.com,,
cbc2ca64,0019,2/10/2026 21:39:55,-24,,,,zegallai911@gmail.com,,
6af673be,0028,2/10/2026 21:40:04,-8,,,,zegallai911@gmail.com,,
784d9d44,0021,2/10/2026 21:40:27,-12,,,,zegallai911@gmail.com,,
17986214,0030,2/10/2026 21:40:44,-7,,,,zegallai911@gmail.com,,
4856e0a1,bb6c2490,2/10/2026 21:40:57,-29,,,,zegallai911@gmail.com,,
e6d7d2de,e28d366b,2/10/2026 21:41:15,-18,,,,zegallai911@gmail.com,,
309dd432,cf6c9481,2/10/2026 21:41:30,-20,,,,zegallai911@gmail.com,,
9bbc11e2,0049,2/10/2026 21:42:49,-14,,,,zegallai911@gmail.com,,
fdb78374,7cd3aac7,2/10/2026 21:43:20,-10,,,,zegallai911@gmail.com,,
49f5478c,0032,2/10/2026 21:44:32,-14,,,,zegallai911@gmail.com,,
5a5a650a,0032,2/10/2026 21:45:06,-6,,,,zegallai911@gmail.com,,
63cbcd68,0064,2/10/2026 21:45:27,-7,,,,zegallai911@gmail.com,,
e2d52b6e,d8e8d66a,2/10/2026 21:46:28,-6,,,,zegallai911@gmail.com,,
47a7a96b,0065,2/10/2026 21:47:00,-14,,,,zegallai911@gmail.com,,
05d52f6a,1b6b5ed6,2/10/2026 21:48:04,-24,,,,zegallai911@gmail.com,,
8801757a,6670c5c1,2/10/2026 21:48:29,-8,,,,zegallai911@gmail.com,,
2634344e,567c0b27,2/10/2026 21:48:54,-4,,,,zegallai911@gmail.com,,
b466716b,0020,2/10/2026 21:49:08,-12,,,,zegallai911@gmail.com,,
d5e7cde7,0021,2/10/2026 21:49:53,-11,,,,zegallai911@gmail.com,,
bcb645b2,0038,2/10/2026 21:50:27,-6,,,,zegallai911@gmail.com,,
4dd5019e,364fe321,2/10/2026 21:52:00,-6,,,,zegallai911@gmail.com,,
d070aca7,b112660a,2/10/2026 21:52:06,-6,,,,zegallai911@gmail.com,,
269b006b,0005,2/10/2026 21:52:17,-6,,,,zegallai911@gmail.com,,
55c166f9,649eaeb5,2/10/2026 21:52:26,-6,,,,zegallai911@gmail.com,,
f4c3c81f,0019,2/10/2026 21:54:44,29,,,,zegallai911@gmail.com,,
763fa4e6,bb6c2490,2/10/2026 22:02:20,19,,,,zegallai911@gmail.com,,
3e3116af,c099f042,2/10/2026 22:02:32,-11,,,,zegallai911@gmail.com,,
3d402672,e28d366b,2/10/2026 22:03:00,-14,,,,zegallai911@gmail.com,,
15ac6d84,e28d366b,2/10/2026 22:04:19,14,,,,zegallai911@gmail.com,,
d2e3acd8,e28d366b,2/10/2026 22:04:40,-7,,,,zegallai911@gmail.com,,
e9a935a1,12b96290,2/11/2026 20:57:58,-15,,,,zegallai911@gmail.com,,
a10ab086,0001,2/11/2026 20:58:09,-15,,,,zegallai911@gmail.com,,
108e4ad7,0af806f8,2/11/2026 20:58:22,-15,,,,zegallai911@gmail.com,,
ba451ae8,bb6c2490,2/11/2026 20:58:34,-7,,,,zegallai911@gmail.com,,
5fe7ded3,0af806f8,2/11/2026 20:58:55,-15,,,,zegallai911@gmail.com,,
28fa1c30,0001,2/11/2026 20:59:03,-15,,,,zegallai911@gmail.com,,
542352b3,12b96290,2/11/2026 20:59:18,-7,,,,zegallai911@gmail.com,,
6696ecef,e28d366b,2/11/2026 20:59:32,-7,,,,zegallai911@gmail.com,,
43cfc43f,308fcfb2,2/11/2026 20:59:49,-2,,,,zegallai911@gmail.com,,
8d9cc659,0049,2/11/2026 21:00:00,-16,,,,zegallai911@gmail.com,,
9409367f,bb6c2490,2/11/2026 21:00:10,-14,,,,zegallai911@gmail.com,,
a59a1825,27febea6,2/11/2026 21:00:25,-6,,,,zegallai911@gmail.com,,
12ce2cf4,0028,2/11/2026 21:01:40,-6,,,,zegallai911@gmail.com,,
c798069a,0025,2/11/2026 21:01:48,-2,,,,zegallai911@gmail.com,,
4d3f0f6d,cf6c9481,2/11/2026 21:03:33,-5,,,,zegallai911@gmail.com,,
1fa2c700,0019,2/11/2026 21:04:32,-24,,,,zegallai911@gmail.com,,
23ee11d3,364fe321,2/11/2026 21:05:51,-6,,,,zegallai911@gmail.com,,
f88b06a0,b112660a,2/11/2026 21:06:44,-6,,,,zegallai911@gmail.com,,
010c39f1,0064,2/11/2026 21:07:48,-18,,,,zegallai911@gmail.com,,
c8218b90,0032,2/11/2026 21:07:59,-3,,,,zegallai911@gmail.com,,
9e2f1deb,0f694cb5,2/11/2026 21:08:20,-5,,,,zegallai911@gmail.com,,
bec7020c,d8e8d66a,2/11/2026 21:09:55,-7,,,,zegallai911@gmail.com,,
9e4de790,83dd14b5,2/11/2026 21:10:08,-24,,,,zegallai911@gmail.com,,
34699dfd,0065,2/11/2026 21:10:27,-12,,,,zegallai911@gmail.com,,
a532c944,0086,2/11/2026 21:10:41,-27,,,,zegallai911@gmail.com,,
d81174a5,0005,2/11/2026 21:12:28,-7,,,,zegallai911@gmail.com,,
bd11c1a0,0015,2/11/2026 21:14:14,-7,,,,zegallai911@gmail.com,,
760fd9cb,3e9fa8d9,2/11/2026 21:14:31,-2,,,,zegallai911@gmail.com,,
66aba7ea,3e9fa8d9,2/11/2026 21:14:41,-2,,,,zegallai911@gmail.com,,
8d5a6383,0038,2/11/2026 21:14:54,-6,,,,zegallai911@gmail.com,,
c1a92c15,0002,2/11/2026 21:15:39,-60,,,,zegallai911@gmail.com,,
073e34ca,0002,2/11/2026 21:15:48,-60,,,,zegallai911@gmail.com,,
bf4a2aac,12b96290,2/12/2026 0:37:45,1,,,,zegallai911@gmail.com,,
fb4859cc,0af806f8,2/12/2026 0:37:50,2,,,,zegallai911@gmail.com,,
2184d805,0001,2/12/2026 0:37:55,2,,,,zegallai911@gmail.com,,
5ceaad74,e28d366b,2/12/2026 0:38:49,4,,,,zegallai911@gmail.com,,
3ac56233,c099f042,2/12/2026 0:38:56,2,,,,zegallai911@gmail.com,,
6ce65d56,308fcfb2,2/12/2026 0:40:42,1,,,,zegallai911@gmail.com,,
918193d2,12b96290,2/12/2026 0:57:47,30,e6061ec0,,,anasgherfal@gmail.com,,
a2c0a68e,0001,2/12/2026 0:57:51,75,e6061ec0,,,anasgherfal@gmail.com,,
c0b5434b,0af806f8,2/12/2026 0:57:58,195,e6061ec0,,,anasgherfal@gmail.com,,
447841a1,bb6c2490,2/12/2026 11:52:31,-11,,,,zegallai911@gmail.com,,
9c17ac39,0049,2/12/2026 11:52:42,-7,,,,zegallai911@gmail.com,,
524cbc07,0011,2/12/2026 11:52:59,-24,,,,zegallai911@gmail.com,,
d552ac47,0af806f8,2/12/2026 11:53:10,-30,,,,zegallai911@gmail.com,,
1db48049,0001,2/12/2026 11:53:21,-15,,,,zegallai911@gmail.com,,
c6fe5b54,cf6c9481,2/12/2026 11:53:48,-14,,,,zegallai911@gmail.com,,
6bb7f49a,bb6c2490,2/12/2026 11:54:03,-2,,,,zegallai911@gmail.com,,
15bc051a,83dd14b5,2/12/2026 11:54:38,-24,,,,zegallai911@gmail.com,,
acdac358,0002,2/12/2026 11:55:06,-60,,,,zegallai911@gmail.com,,
90cdcc40,0019,2/12/2026 16:03:33,-15,,,,zegallai911@gmail.com,,
a55102e2,0025,2/13/2026 1:35:24,10,699bb18e,,,anasgherfal@gmail.com,,
dd6dcbf9,0014,2/13/2026 1:35:32,20,699bb18e,,,anasgherfal@gmail.com,,
e7e44c95,cf6c9481,2/13/2026 1:35:35,80,699bb18e,,,anasgherfal@gmail.com,,
ebedd0b7,12b96290,2/13/2026 1:39:11,15,081080d2,,,anasgherfal@gmail.com,,
0fdd0211,0001,2/13/2026 1:39:15,165,081080d2,,,anasgherfal@gmail.com,,
f88ad674,0af806f8,2/13/2026 1:39:19,120,081080d2,,,anasgherfal@gmail.com,,
0f46325d,0032,2/14/2026 23:25:42,81,5edb299b,,,anasgherfal@gmail.com,,
275b5608,0038,2/14/2026 23:25:46,18,5edb299b,,,anasgherfal@gmail.com,,
49752419,0029,2/14/2026 23:25:51,72,5edb299b,,,anasgherfal@gmail.com,,
1b868571,0049,2/16/2026 20:25:17,48,5911af10,,,anasgherfal@gmail.com,,
0a5a2480,0025,2/16/2026 20:25:21,10,5911af10,,,anasgherfal@gmail.com,,
49fb4745,0014,2/16/2026 20:25:25,10,5911af10,,,anasgherfal@gmail.com,,
ff60464a,0011,2/16/2026 20:26:25,96,bef5de38,,,anasgherfal@gmail.com,,
a44c8ca9,83dd14b5,2/16/2026 20:26:29,96,bef5de38,,,anasgherfal@gmail.com,,
2a41aeae,0003,2/16/2026 20:27:27,24,5a06a350,,,anasgherfal@gmail.com,,
55f964cd,0019,2/16/2026 20:29:15,120,5a06a350,,,anasgherfal@gmail.com,,
4fc1b920,0054,2/16/2026 20:29:38,48,5a06a350,,,anasgherfal@gmail.com,,
5d03ca54,83dd14b5,2/16/2026 20:30:05,72,5a06a350,,,anasgherfal@gmail.com,,
14ff236f,c80ae9f2,2/16/2026 20:32:52,12,b19189c2,,,anasgherfal@gmail.com,,
973d8164,0014,2/16/2026 20:32:56,10,b19189c2,,,anasgherfal@gmail.com,,
a4d1aff8,0027,2/16/2026 20:32:59,50,b19189c2,,,anasgherfal@gmail.com,,
e9688893,0025,2/16/2026 20:33:03,20,b19189c2,,,anasgherfal@gmail.com,,
e7e7565f,0049,2/16/2026 20:33:07,24,b19189c2,,,anasgherfal@gmail.com,,
330d56f3,0030,2/16/2026 20:33:11,10,b19189c2,,,anasgherfal@gmail.com,,
a40ccabc,0086,2/16/2026 20:33:15,10,b19189c2,,,anasgherfal@gmail.com,,
91c2338a,0001,2/16/2026 20:33:35,105,bcb95171,,,anasgherfal@gmail.com,,
d0f50a49,0af806f8,2/16/2026 20:33:39,105,bcb95171,,,anasgherfal@gmail.com,,
be2fe505,c099f042,2/16/2026 20:34:08,40,bcb95171,,,anasgherfal@gmail.com,,
2fc96265,0027,2/16/2026 20:35:30,25,5f9fc030,,,anasgherfal@gmail.com,,
b1f85d30,0014,2/16/2026 20:35:34,10,5f9fc030,,,anasgherfal@gmail.com,,
50929837,cd21eb57,2/16/2026 20:35:38,48,5f9fc030,,,anasgherfal@gmail.com,,
e12952ad,bb6c2490,2/16/2026 20:37:38,126,7c315092,,,anasgherfal@gmail.com,,
beccdecb,0021,2/16/2026 20:37:41,72,7c315092,,,anasgherfal@gmail.com,,
9dc168f3,0064,2/16/2026 20:37:49,27,7c315092,,,anasgherfal@gmail.com,,
98686e6d,0019,2/16/2026 20:37:53,96,7c315092,,,anasgherfal@gmail.com,,
5fe44a22,0002,2/20/2026 22:04:13,600,666228c0,,,anasgherfal@gmail.com,,
3d4744d1,0001,2/20/2026 22:10:59,21,a02d1fa8,,,anasgherfal@gmail.com,,
45f8bb52,0011,2/20/2026 22:42:09,120,24f2992a,,,anasgherfal@gmail.com,,
e2ba8b04,0029,3/1/2026 14:51:15,72,49781d38,,,anasgherfal@gmail.com,,
7ca7412d,83dd14b5,3/1/2026 14:51:52,120,49781d38,,,anasgherfal@gmail.com,,
25aef0dc,1b6b5ed6,3/1/2026 14:52:01,120,49781d38,,,anasgherfal@gmail.com,,
2492fe4c,0030,3/1/2026 14:52:40,10,e44fac19,,,anasgherfal@gmail.com,,
3baaa0fc,0001,3/1/2026 14:56:20,705,fa326fde,,,anasgherfal@gmail.com,,
a919ab71,bb6c2490,3/1/2026 14:56:27,90,fa326fde,,,anasgherfal@gmail.com,,
a060cc72,0011,3/1/2026 14:56:32,120,fa326fde,,,anasgherfal@gmail.com,,
a08008d9,0032,3/1/2026 14:56:49,108,4d8053dc,,,anasgherfal@gmail.com,,
9deae075,0021,3/1/2026 14:59:39,72,f1314e9b,,,anasgherfal@gmail.com,,
a708a46e,0029,3/1/2026 14:59:45,168,f1314e9b,,,anasgherfal@gmail.com,,
e4512f62,83dd14b5,3/1/2026 14:59:51,144,f1314e9b,,,anasgherfal@gmail.com,,
58babd32,0011,3/3/2026 7:01:30,120,58f0f51e,,,anasgherfal@gmail.com,,
d1e87efb,0032,3/3/2026 7:01:34,162,58f0f51e,,,anasgherfal@gmail.com,,
b9137303,0002,3/3/2026 7:04:26,480,8fe7beb3,,,anasgherfal@gmail.com,,
7f946ecb,0021,3/3/2026 20:28:18,96,2200b6da,,,anasgherfal@gmail.com,,
349617f1,0016,3/3/2026 20:28:22,24,2200b6da,,,anasgherfal@gmail.com,,
a6d9735f,0049,3/3/2026 20:29:08,60,edecceb3,,,anasgherfal@gmail.com,,
09172c41,12b96290,3/3/2026 20:30:12,105,30ca239d,,,anasgherfal@gmail.com,,
0f912aab,b3204174,3/3/2026 20:30:16,100,30ca239d,,,anasgherfal@gmail.com,,
eb2747f5,0049,3/10/2026 18:37:46,42,43f4b2f6,,,anasgherfal@gmail.com,,
3957543f,cf6c9481,3/10/2026 18:37:50,48,43f4b2f6,,,anasgherfal@gmail.com,,
aa8dd9f0,0086,3/10/2026 18:37:54,50,43f4b2f6,,,anasgherfal@gmail.com,,
dd27904f,a19879cf,3/10/2026 18:39:16,24,35cb0a30,,,anasgherfal@gmail.com,,
cfa5e5cc,27c8f623,3/10/2026 18:39:55,24,35cb0a30,,,anasgherfal@gmail.com,,
923c30f4,02d86a9b,3/10/2026 18:40:11,24,35cb0a30,,,anasgherfal@gmail.com,,
0daf6c1c,0001,3/10/2026 18:41:48,60,fd017c96,,,anasgherfal@gmail.com,,
8cd0286a,bb6c2490,3/10/2026 18:41:55,72,fd017c96,,,anasgherfal@gmail.com,,
7b843ac3,c099f042,3/10/2026 18:41:59,40,fd017c96,,,anasgherfal@gmail.com,,
63bda8f0,83dd14b5,3/10/2026 18:42:08,240,fd017c96,,,anasgherfal@gmail.com,,
b2a49ccc,0029,3/10/2026 18:44:21,96,f00c0ff5,,,anasgherfal@gmail.com,,
03e2b8ce,0054,3/10/2026 18:44:25,42,f00c0ff5,,,anasgherfal@gmail.com,,
a9f64be7,a3f74383,3/10/2026 18:44:29,24,f00c0ff5,,,anasgherfal@gmail.com,,
1b3107e7,699ad05d,3/10/2026 18:44:33,24,f00c0ff5,,,anasgherfal@gmail.com,,
79b5623b,d5b5f9d1,3/10/2026 18:44:55,30,db31e3f8,,,anasgherfal@gmail.com,,
a93d91bf,cb9e809e,3/10/2026 18:53:27,60,e5fb83ab,,,anasgherfal@gmail.com,,
abb85757,a19879cf,3/10/2026 18:53:32,42,e5fb83ab,,,anasgherfal@gmail.com,,
03e41aae,02d86a9b,3/10/2026 18:53:40,24,e5fb83ab,,,anasgherfal@gmail.com,,
085a434a,27c8f623,3/10/2026 18:53:44,24,e5fb83ab,,,anasgherfal@gmail.com,,
63588ef5,bb4d1bd1,3/10/2026 18:53:48,24,e5fb83ab,,,anasgherfal@gmail.com,,
8282fd04,0021,3/10/2026 18:53:52,42,e5fb83ab,,,anasgherfal@gmail.com,,
3068b698,57a5617b,3/10/2026 18:53:56,42,e5fb83ab,,,anasgherfal@gmail.com,,
971a454d,0001,3/10/2026 18:55:22,135,e5fb83ab,,,anasgherfal@gmail.com,,
f4c15288,0af806f8,3/10/2026 18:55:26,45,e5fb83ab,,,anasgherfal@gmail.com,,
159d567d,12b96290,3/10/2026 18:56:05,30,e5fb83ab,,,anasgherfal@gmail.com,,
d6f30136,d5b5f9d1,3/10/2026 18:56:09,90,e5fb83ab,,,anasgherfal@gmail.com,,
057f747e,cf6c9481,3/10/2026 18:56:34,96,e420d6a9,,,anasgherfal@gmail.com,,
a2f2a104,bb6c2490,3/10/2026 18:57:17,126,fbd124cf,,,anasgherfal@gmail.com,,
7b3d0de8,c099f042,3/10/2026 18:57:21,60,fbd124cf,,,anasgherfal@gmail.com,,
73be1089,0011,3/10/2026 18:57:47,120,82c76ea5,,,anasgherfal@gmail.com,,
ae276613,bb6c2490,3/10/2026 18:59:24,-273,,,,anasgherfal@gmail.com,,
6f5eb0c4,c099f042,3/10/2026 18:59:48,-107,,,,anasgherfal@gmail.com,,
dfd51b17,b3204174,3/10/2026 19:01:21,-51,,,,anasgherfal@gmail.com,,
333a09fb,cd21eb57,3/10/2026 19:01:50,-33,,,,anasgherfal@gmail.com,,
fb5846a5,cd21eb57,3/10/2026 19:02:10,2,,,,anasgherfal@gmail.com,,
5a12b8f0,0006,3/10/2026 19:02:40,-5,,,,anasgherfal@gmail.com,,
96191318,e28d366b,3/10/2026 19:04:10,-22,,,,anasgherfal@gmail.com,,
05222d0f,0001,3/10/2026 19:04:42,-1088,,,,anasgherfal@gmail.com,,
2b3c5003,0af806f8,3/10/2026 19:05:03,-362,,,,anasgherfal@gmail.com,,
11d9e895,d5b5f9d1,3/10/2026 19:05:24,-30,,,,anasgherfal@gmail.com,,
c477e20c,12b96290,3/10/2026 19:05:32,-129,,,,anasgherfal@gmail.com,,
4ab0f9da,0019,3/10/2026 19:06:34,-200,,,,anasgherfal@gmail.com,,
d457c0db,0019,3/10/2026 19:07:16,23,,,,anasgherfal@gmail.com,,
ec91bffb,0025,3/10/2026 19:07:27,-36,,,,anasgherfal@gmail.com,,
3d3ad911,0003,3/10/2026 19:07:51,-24,,,,anasgherfal@gmail.com,,
d5e25325,83dd14b5,3/10/2026 19:08:34,-513,,,,anasgherfal@gmail.com,,
652c6932,0002,3/10/2026 19:09:48,948,,,,anasgherfal@gmail.com,,
991565f4,0029,3/10/2026 19:10:28,-333,,,,anasgherfal@gmail.com,,
95ffb638,406a1fee,3/10/2026 19:12:53,31,,,,anasgherfal@gmail.com,,
9bf2e775,57a5617b,3/10/2026 19:13:15,6,,,,anasgherfal@gmail.com,,
e7607f0c,0054,3/10/2026 19:13:41,-88,,,,anasgherfal@gmail.com,,
326d90ff,a3f74383,3/10/2026 19:14:28,-17,,,,anasgherfal@gmail.com,,
38fedbc2,0011,3/10/2026 19:14:50,-515,,,,anasgherfal@gmail.com,,
a16b27e4,0005,3/10/2026 19:15:35,10,,,,anasgherfal@gmail.com,,
9af13720,649eaeb5,3/10/2026 19:15:46,-20,,,,anasgherfal@gmail.com,,
fd0fec37,f38e69c5,3/10/2026 19:16:11,-12,,,,anasgherfal@gmail.com,,
ffd4b39a,649eaeb5,3/10/2026 19:16:21,1,,,,anasgherfal@gmail.com,,
fc2be9b9,0070,3/10/2026 19:16:47,3,,,,anasgherfal@gmail.com,,
54e9c269,0033,3/10/2026 19:17:34,-44,,,,anasgherfal@gmail.com,,
433dd279,1039e79c,3/10/2026 19:17:51,-4,,,,anasgherfal@gmail.com,,
81d367bc,cc35c9db,3/10/2026 19:18:04,1,,,,anasgherfal@gmail.com,,
01d91884,0014,3/10/2026 19:18:59,-42,,,,anasgherfal@gmail.com,,
3aa56196,0021,3/10/2026 19:20:04,-234,,,,anasgherfal@gmail.com,,
1157128a,cf6c9481,3/10/2026 19:20:39,-128,,,,anasgherfal@gmail.com,,
857d2cb5,0049,3/10/2026 19:22:02,-170,,,,anasgherfal@gmail.com,,
2db08346,69692785,3/10/2026 19:22:32,-1,,,,anasgherfal@gmail.com,,
40a69234,0016,3/10/2026 19:22:48,5,,,,anasgherfal@gmail.com,,
783da5b7,0086,3/10/2026 19:35:59,-40,,,,anasgherfal@gmail.com,,
3161beb2,c80ae9f2,3/10/2026 19:37:33,-18,,,,anasgherfal@gmail.com,,
5454bd03,561399a6,3/10/2026 19:37:43,48,,,,anasgherfal@gmail.com,,
79bf18cb,0027,3/10/2026 19:39:25,-75,,,,anasgherfal@gmail.com,,
81cc095e,0032,3/10/2026 19:40:14,-344,,,,anasgherfal@gmail.com,,
452b5783,0064,3/10/2026 19:40:35,-27,,,,anasgherfal@gmail.com,,
4622f4f7,1b6b5ed6,3/10/2026 19:42:21,-97,,,,anasgherfal@gmail.com,,
3dfe7f8b,0065,3/10/2026 19:42:48,-22,,,,anasgherfal@gmail.com,,
6f273cc4,d8e8d66a,3/10/2026 19:43:26,-20,,,,anasgherfal@gmail.com,,
744b7567,0015,3/10/2026 19:44:28,-32,,,,anasgherfal@gmail.com,,
7a63c589,360bd4d4,3/10/2026 19:44:43,-11,,,,anasgherfal@gmail.com,,
57097fac,0038,3/10/2026 19:44:58,-25,,,,anasgherfal@gmail.com,,
cdf95d0a,0030,3/10/2026 19:45:12,-20,,,,anasgherfal@gmail.com,,
d3b6a8e3,ed187a9e,3/10/2026 19:45:21,-11,,,,anasgherfal@gmail.com,,
9404025f,364fe321,3/10/2026 19:45:30,-12,,,,anasgherfal@gmail.com,,
8d6ab26e,b112660a,3/10/2026 19:45:49,-4,,,,anasgherfal@gmail.com,,
d9bbc6e4,78233e6f,3/10/2026 19:46:26,-23,,,,anasgherfal@gmail.com,,
c9a7d7ca,78233e6f,3/10/2026 19:46:37,10,,,,anasgherfal@gmail.com,,
0d8c2d42,0064,3/10/2026 19:47:01,1,,,,anasgherfal@gmail.com,,
1bbb9f81,cd21eb57,3/10/2026 19:47:14,7,,,,anasgherfal@gmail.com,,
2497f919,0053,3/10/2026 19:47:45,-15,,,,anasgherfal@gmail.com,,
7416ec27,3e9fa8d9,3/10/2026 19:48:04,-5,,,,anasgherfal@gmail.com,,
b2dd8b2b,bfd1b639,3/10/2026 19:48:15,-8,,,,anasgherfal@gmail.com,,
41d67828,0023,3/10/2026 19:48:27,-12,,,,anasgherfal@gmail.com,,
3ee8bab8,bb6c2490,3/12/2026 2:33:03,-14,,,,zegallai911@gmail.com,,
69ee82d6,c099f042,3/12/2026 2:33:11,-7,,,,zegallai911@gmail.com,,
7ed54d3c,0001,3/12/2026 2:33:20,-7,,,,zegallai911@gmail.com,,
7265bcb7,d5b5f9d1,3/12/2026 2:33:30,-7,,,,zegallai911@gmail.com,,
fbf8c7f4,0af806f8,3/12/2026 2:33:37,-7,,,,zegallai911@gmail.com,,
b3936765,12b96290,3/12/2026 2:33:45,-7,,,,zegallai911@gmail.com,,
45fbd641,0019,3/12/2026 2:34:11,-11,,,,zegallai911@gmail.com,,
9a29fdd8,0014,3/12/2026 2:34:33,-10,,,,zegallai911@gmail.com,,
dafbba06,a19879cf,3/12/2026 2:35:09,-12,,,,zegallai911@gmail.com,,
1ea7445e,02d86a9b,3/12/2026 2:35:47,-12,,,,zegallai911@gmail.com,,
acc8ddb2,bb4d1bd1,3/12/2026 2:36:06,-12,,,,zegallai911@gmail.com,,
50be5525,1b6b5ed6,3/12/2026 2:37:01,-13,,,,zegallai911@gmail.com,,
7a3cdca3,0064,3/12/2026 2:37:43,-5,,,,zegallai911@gmail.com,,
ee0b0e19,0011,3/12/2026 2:38:55,-21,,,,zegallai911@gmail.com,,
6f1569a3,649eaeb5,3/12/2026 2:39:15,-6,,,,zegallai911@gmail.com,,
d80f820a,0002,3/12/2026 2:40:16,-36,,,,zegallai911@gmail.com,,
86110833,0029,3/12/2026 2:42:53,-14,,,,zegallai911@gmail.com,,
be4e01f6,0054,3/12/2026 2:43:02,-7,,,,zegallai911@gmail.com,,
6ad8ab76,57a5617b,3/12/2026 2:43:20,-5,,,,zegallai911@gmail.com,,
7ec42d40,0af806f8,3/12/2026 12:01:43,-7,,,,zegallai911@gmail.com,,
6df4fb71,12b96290,3/12/2026 12:02:14,-7,,,,zegallai911@gmail.com,,
9a045650,d5b5f9d1,3/12/2026 12:02:30,-7,,,,zegallai911@gmail.com,,
cfde6ba4,0001,3/12/2026 12:05:26,5,,,,zegallai911@gmail.com,,
c6faff30,cd21eb57,3/12/2026 12:05:49,7,,,,zegallai911@gmail.com,,
4fa6ebff,bb6c2490,3/12/2026 12:08:56,-14,,,,zegallai911@gmail.com,,
ee77fa0e,c099f042,3/12/2026 12:09:02,-7,,,,zegallai911@gmail.com,,
403219bf,c099f042,3/12/2026 12:09:12,-3,,,,zegallai911@gmail.com,,
e0d99876,b3204174,3/12/2026 12:09:58,-12,,,,zegallai911@gmail.com,,
3ffa282d,a19879cf,3/12/2026 12:12:53,-12,,,,zegallai911@gmail.com,,
df682cb5,27c8f623,3/12/2026 12:13:11,-12,,,,zegallai911@gmail.com,,
98fb2f0d,02d86a9b,3/12/2026 12:13:24,-12,,,,zegallai911@gmail.com,,
797329be,bb4d1bd1,3/12/2026 12:13:33,-12,,,,zegallai911@gmail.com,,
aa3d0322,0021,3/12/2026 12:16:47,-8,,,,zegallai911@gmail.com,,
70d33f63,cb9e809e,3/12/2026 12:18:19,-2,,,,zegallai911@gmail.com,,
5b4d9c35,cb9e809e,3/12/2026 12:19:13,-5,,,,zegallai911@gmail.com,,
84ab48f5,cb9e809e,3/12/2026 12:19:43,-2,,,,zegallai911@gmail.com,,
21834735,cf6c9481,3/12/2026 12:20:13,-12,,,,zegallai911@gmail.com,,
d5852622,a3f74383,3/12/2026 12:21:27,-3,,,,zegallai911@gmail.com,,
c6df0609,0054,3/12/2026 12:21:35,-5,,,,zegallai911@gmail.com,,
0320c79d,0005,3/12/2026 12:22:41,-6,,,,zegallai911@gmail.com,,
6d7de0c6,0011,3/12/2026 12:23:40,-18,,,,zegallai911@gmail.com,,
32cc0937,0002,3/12/2026 12:23:56,-60,,,,zegallai911@gmail.com,,
44572cc8,0049,3/12/2026 12:24:06,7,,,,zegallai911@gmail.com,,
d4a1c9ba,0001,3/12/2026 12:28:30,-7,,,,zegallai911@gmail.com,,
fb1549ca,d5b5f9d1,3/12/2026 12:28:34,-7,,,,zegallai911@gmail.com,,
7eeb7f20,0af806f8,3/12/2026 12:28:39,-7,,,,zegallai911@gmail.com,,
8beccc50,12b96290,3/12/2026 12:28:44,-7,,,,zegallai911@gmail.com,,
90c6d0ad,a19879cf,3/12/2026 12:30:26,8,,,,zegallai911@gmail.com,,
c335eabe,27c8f623,3/12/2026 12:30:49,-12,,,,zegallai911@gmail.com,,
67068202,1b6b5ed6,3/12/2026 12:34:25,-17,,,,zegallai911@gmail.com,,
899c79c2,0032,3/12/2026 12:34:42,-3,,,,zegallai911@gmail.com,,
1fca86d4,78233e6f,3/12/2026 12:34:57,-4,,,,zegallai911@gmail.com,,
68734d17,0005,3/12/2026 12:35:09,-9,,,,zegallai911@gmail.com,,
1efe232a,0029,3/12/2026 12:35:34,-6,,,,zegallai911@gmail.com,,
207f7615,a3f74383,3/12/2026 12:35:44,-3,,,,zegallai911@gmail.com,,
22d1a727,699ad05d,3/12/2026 12:36:19,-5,,,,zegallai911@gmail.com,,
741dd58a,0011,3/12/2026 12:36:36,-12,,,,zegallai911@gmail.com,,
ec36187c,0002,3/12/2026 12:37:14,-12,,,,zegallai911@gmail.com,,
e6146150,a19879cf,3/12/2026 12:41:58,-26,,,,zegallai911@gmail.com,,
363765dc,27c8f623,3/12/2026 12:42:24,-24,,,,zegallai911@gmail.com,,
bee4a101,02d86a9b,3/12/2026 12:42:37,-24,,,,zegallai911@gmail.com,,
197a11a4,0af806f8,3/12/2026 16:40:20,-15,,,,zegallai911@gmail.com,,
21b46ffd,d5b5f9d1,3/12/2026 16:40:32,-7,,,,zegallai911@gmail.com,,
a80b20bf,bb6c2490,3/12/2026 16:40:36,-7,,,,zegallai911@gmail.com,,
87b18d2c,0011,3/12/2026 16:40:57,-21,,,,zegallai911@gmail.com,,
f2c30442,0021,3/12/2026 16:41:35,-8,,,,zegallai911@gmail.com,,
b7ad02f0,a19879cf,3/12/2026 16:41:43,-5,,,,zegallai911@gmail.com,,
cb0cf2d6,cb9e809e,3/12/2026 16:41:54,-3,,,,zegallai911@gmail.com,,
b91cb8a6,0086,3/12/2026 16:42:03,-10,,,,zegallai911@gmail.com,,
8d4f516e,0029,3/12/2026 16:42:16,-7,,,,zegallai911@gmail.com,,
bd2699d6,406a1fee,3/12/2026 16:42:31,-7,,,,zegallai911@gmail.com,,
55f52ff6,0002,3/12/2026 16:42:51,-24,,,,zegallai911@gmail.com,,
4eb8c0b6,cf6c9481,3/12/2026 16:47:24,-3,,,,zegallai911@gmail.com,,
7efdc0f5,0049,3/12/2026 16:47:55,-2,,,,zegallai911@gmail.com,,
14cba4f4,0086,3/12/2026 17:47:44,3,,,,zegallai911@gmail.com,,
a5fabaca,0021,3/12/2026 17:48:06,6,,,,zegallai911@gmail.com,,
505844a6,a19879cf,3/12/2026 17:48:18,4,,,,zegallai911@gmail.com,,
d2253a2e,bb6c2490,3/13/2026 15:05:13,18,,,,zegallai911@gmail.com,,
d729c3ae,bb6c2490,3/13/2026 15:05:21,-18,,,,zegallai911@gmail.com,,
970a5173,bb6c2490,3/13/2026 15:05:26,-18,,,,zegallai911@gmail.com,,
2eba88f9,0001,3/13/2026 15:05:32,-30,,,,zegallai911@gmail.com,,
05a18d8a,d5b5f9d1,3/13/2026 15:05:40,-15,,,,zegallai911@gmail.com,,
68edeafb,0029,3/13/2026 15:05:49,-6,,,,zegallai911@gmail.com,,
cd4c3a64,a3f74383,3/13/2026 15:05:59,-3,,,,zegallai911@gmail.com,,
62b22154,0054,3/13/2026 15:06:13,-1,,,,zegallai911@gmail.com,,
e8d1f9a6,83dd14b5,3/13/2026 15:06:22,-6,,,,zegallai911@gmail.com,,
885bd11c,0064,3/13/2026 15:06:33,-4,,,,zegallai911@gmail.com,,
a23602d7,0032,3/13/2026 15:06:39,-6,,,,zegallai911@gmail.com,,
d0e045ee,0032,3/13/2026 15:06:57,6,,,,zegallai911@gmail.com,,
521ae3b6,0011,3/13/2026 15:07:10,-10,,,,zegallai911@gmail.com,,
f8bf32ab,0002,3/13/2026 15:07:21,-24,,,,zegallai911@gmail.com,,
409e4b8e,0002,3/13/2026 15:08:14,-2124,,,,zegallai911@gmail.com,,
aad1ce7b,0002,3/13/2026 15:08:28,228,,,,zegallai911@gmail.com,,
dfb87ba9,b3204174,3/13/2026 15:15:33,-12,,,,zegallai911@gmail.com,,
13848927,bb6c2490,3/13/2026 15:15:37,-8,,,,zegallai911@gmail.com,,
01e3ad90,c099f042,3/13/2026 15:15:42,-2,,,,zegallai911@gmail.com,,
74c607d2,0001,3/13/2026 15:15:48,-7,,,,zegallai911@gmail.com,,
c6465972,d5b5f9d1,3/13/2026 15:15:52,-7,,,,zegallai911@gmail.com,,
46183ce5,12b96290,3/13/2026 15:15:59,-2,,,,zegallai911@gmail.com,,
c604a713,0af806f8,3/13/2026 15:16:05,-7,,,,zegallai911@gmail.com,,
ca8ea1b0,0086,3/13/2026 15:16:38,-10,,,,zegallai911@gmail.com,,
c905b79c,83dd14b5,3/13/2026 15:16:52,-6,,,,zegallai911@gmail.com,,
5a7283dd,cb9e809e,3/13/2026 15:17:19,-4,,,,zegallai911@gmail.com,,
eca1566f,0032,3/13/2026 15:18:04,-9,,,,zegallai911@gmail.com,,
6a0ea653,0029,3/13/2026 15:21:48,-11,,,,zegallai911@gmail.com,,
c0cefd25,a3f74383,3/13/2026 15:22:00,-3,,,,zegallai911@gmail.com,,
ee2e9ffd,406a1fee,3/13/2026 15:22:14,-2,,,,zegallai911@gmail.com,,
55abba83,0011,3/13/2026 15:22:24,-4,,,,zegallai911@gmail.com,,
5648cf08,0002,3/13/2026 15:22:43,-36,,,,zegallai911@gmail.com,,
5fcbb3ad,0001,3/13/2026 17:36:43,5,,,,zegallai911@gmail.com,,
13bbe1c8,bb6c2490,3/14/2026 14:14:39,-11,,,,zegallai911@gmail.com,,
a8ecb7dc,c099f042,3/14/2026 14:14:54,-2,,,,zegallai911@gmail.com,,
f89f4b99,0001,3/14/2026 14:15:03,-15,,,,zegallai911@gmail.com,,
cb08c626,d5b5f9d1,3/14/2026 14:15:12,-15,,,,zegallai911@gmail.com,,
38e06f87,0049,3/14/2026 14:15:25,-8,,,,zegallai911@gmail.com,,
ed4580ad,1b6b5ed6,3/14/2026 14:15:33,-8,,,,zegallai911@gmail.com,,
4de04651,0011,3/14/2026 14:15:47,-10,,,,zegallai911@gmail.com,,
1d0360a7,0086,3/14/2026 14:16:55,-3,,,,zegallai911@gmail.com,,
a2813a37,0064,3/14/2026 14:17:54,-10,,,,zegallai911@gmail.com,,
c3eb471b,0029,3/14/2026 14:18:32,-2,,,,zegallai911@gmail.com,,
dfaf0714,0002,3/14/2026 14:18:50,-48,,,,zegallai911@gmail.com,,
2243d658,b3204174,3/14/2026 14:26:54,-4,,,,zegallai911@gmail.com,,
9c07fd03,bb6c2490,3/14/2026 14:26:59,-6,,,,zegallai911@gmail.com,,
20039cf7,c099f042,3/14/2026 14:27:08,-5,,,,zegallai911@gmail.com,,
1adde3d1,0001,3/14/2026 14:27:37,-11,,,,zegallai911@gmail.com,,
38ea7fa5,d5b5f9d1,3/14/2026 14:27:52,-10,,,,zegallai911@gmail.com,,
64ead495,0af806f8,3/14/2026 14:29:40,-2,,,,zegallai911@gmail.com,,
95ab37e2,12b96290,3/14/2026 14:29:47,-7,,,,zegallai911@gmail.com,,
0b6abc96,0021,3/14/2026 14:30:27,-11,,,,zegallai911@gmail.com,,
0a6480f1,a19879cf,3/14/2026 14:30:39,-23,,,,zegallai911@gmail.com,,
100d14ba,83dd14b5,3/14/2026 14:30:54,-6,,,,zegallai911@gmail.com,,
581fd5eb,cb9e809e,3/14/2026 14:32:29,-14,,,,zegallai911@gmail.com,,
a8ddd8c2,0049,3/14/2026 14:33:45,-10,,,,zegallai911@gmail.com,,
05b36e07,0064,3/14/2026 14:34:41,-4,,,,zegallai911@gmail.com,,
c6019670,0029,3/14/2026 14:38:54,-6,,,,zegallai911@gmail.com,,
b681997d,406a1fee,3/14/2026 14:39:15,-3,,,,zegallai911@gmail.com,,
d66bb1af,a3f74383,3/14/2026 14:39:27,-1,,,,zegallai911@gmail.com,,
1b935b96,0005,3/14/2026 14:39:35,-3,,,,zegallai911@gmail.com,,
762fc49d,649eaeb5,3/14/2026 14:39:44,-1,,,,zegallai911@gmail.com,,
7e892ec8,0011,3/14/2026 14:39:51,-8,,,,zegallai911@gmail.com,,
b362459c,0002,3/14/2026 14:40:08,-60,,,,zegallai911@gmail.com,,
745012de,0001,3/15/2026 18:16:04,-2,,,,zegallai911@gmail.com,,
e4533c2c,12b96290,3/15/2026 18:16:16,-5,,,,zegallai911@gmail.com,,
f40f4bae,0af806f8,3/15/2026 18:16:31,-1,,,,zegallai911@gmail.com,,
60a72ebc,d5b5f9d1,3/15/2026 18:16:37,-1,,,,zegallai911@gmail.com,,
7316563b,bb6c2490,3/15/2026 18:16:46,-13,,,,zegallai911@gmail.com,,
c9ecf1c7,0019,3/15/2026 18:17:29,96,c71a5b2c,,,anasgherfal@gmail.com,,
94020b71,0029,3/15/2026 18:17:34,72,c71a5b2c,,,anasgherfal@gmail.com,,
22c4f5e7,a3f74383,3/15/2026 18:17:40,24,c71a5b2c,,,anasgherfal@gmail.com,,
3f0ad902,0054,3/15/2026 18:17:45,24,c71a5b2c,,,anasgherfal@gmail.com,,
a91f8a62,0af806f8,3/15/2026 18:17:49,60,c71a5b2c,,,anasgherfal@gmail.com,,
16688914,12b96290,3/15/2026 18:18:00,90,c71a5b2c,,,anasgherfal@gmail.com,,
abd44ef1,0001,3/15/2026 18:18:04,75,c71a5b2c,,,anasgherfal@gmail.com,,
e1727764,bb4d1bd1,3/15/2026 18:19:09,-12,,,,zegallai911@gmail.com,,
d2765689,0014,3/15/2026 18:19:49,-10,,,,zegallai911@gmail.com,,
b05e78ed,02d86a9b,3/15/2026 18:20:41,-12,,,,zegallai911@gmail.com,,
8d5a1ab5,0021,3/15/2026 18:21:25,-14,,,,zegallai911@gmail.com,,
bb15bbc8,1b6b5ed6,3/15/2026 18:23:43,-6,,,,zegallai911@gmail.com,,
9180031e,0011,3/15/2026 18:24:09,48,c71a5b2c,,,anasgherfal@gmail.com,,
892980a8,0032,3/15/2026 18:24:17,-4,,,,zegallai911@gmail.com,,
d1a9cf08,0064,3/15/2026 18:24:25,-2,,,,zegallai911@gmail.com,,
86ed7c2d,0011,3/15/2026 18:26:01,-3,,,,zegallai911@gmail.com,,
101a9ecc,0029,3/15/2026 18:26:22,-10,,,,zegallai911@gmail.com,,
8354bc3d,0029,3/15/2026 18:26:46,2,,,,zegallai911@gmail.com,,
c74135d3,a3f74383,3/15/2026 18:26:55,-6,,,,zegallai911@gmail.com,,
0001fd34,0086,3/15/2026 18:27:16,50,0aabb6d2,,,anasgherfal@gmail.com,,
26fe3630,0027,3/15/2026 18:27:20,30,0aabb6d2,,,anasgherfal@gmail.com,,
7fce197e,406a1fee,3/15/2026 18:27:16,-7,,,,zegallai911@gmail.com,,
0c03ad46,0014,3/15/2026 18:27:25,20,0aabb6d2,,,anasgherfal@gmail.com,,
ef522f7d,0054,3/15/2026 18:27:26,-4,,,,zegallai911@gmail.com,,
d869e80b,699ad05d,3/15/2026 18:27:38,-7,,,,zegallai911@gmail.com,,
0e6e1f5c,02d86a9b,3/15/2026 18:30:09,24,1144b357,,,anasgherfal@gmail.com,,
dbecb350,bb4d1bd1,3/15/2026 18:30:13,48,1144b357,,,anasgherfal@gmail.com,,
1ca7f573,a19879cf,3/15/2026 18:30:16,72,1144b357,,,anasgherfal@gmail.com,,
83182162,0f694cb5,3/15/2026 18:30:20,48,1144b357,,,anasgherfal@gmail.com,,
5d34e08d,0064,3/15/2026 18:30:24,54,1144b357,,,anasgherfal@gmail.com,,
236bbee4,0032,3/15/2026 18:30:28,54,1144b357,,,anasgherfal@gmail.com,,
0d82b542,cb9e809e,3/15/2026 18:30:33,72,1144b357,,,anasgherfal@gmail.com,,
0b88284a,0049,3/15/2026 18:30:37,48,1144b357,,,anasgherfal@gmail.com,,
86f0edeb,0021,3/15/2026 18:30:40,24,1144b357,,,anasgherfal@gmail.com,,
8bdc3d23,0002,3/15/2026 18:31:53,-60,,,,zegallai911@gmail.com,,
567d0732,0002,3/15/2026 18:33:04,600,de4ec195,,,anasgherfal@gmail.com,,
39f97575,bb6c2490,3/15/2026 18:33:37,36,c71a5b2c,,,anasgherfal@gmail.com,,
011bc7d0,0086,3/15/2026 18:34:08,32,,,,zegallai911@gmail.com,,
717832aa,0086,3/15/2026 18:34:22,-34,,,,zegallai911@gmail.com,,
486b132f,0086,3/15/2026 18:35:01,-48,,,,zegallai911@gmail.com,,
8f82aca8,0086,3/15/2026 18:35:15,18,,,,zegallai911@gmail.com,,
c676868a,bb6c2490,3/15/2026 18:37:07,1,,,,zegallai911@gmail.com,,
116b3f39,0011,3/15/2026 18:37:23,1,,,,zegallai911@gmail.com,,
ea7b03cd,83dd14b5,3/15/2026 18:37:34,1,,,,zegallai911@gmail.com,,
ed9c1d73,bb6c2490,3/16/2026 16:52:01,-9,,,,zegallai911@gmail.com,,
d5beda67,b3204174,3/16/2026 16:52:09,-12,,,,zegallai911@gmail.com,,
833eff88,0001,3/16/2026 16:52:16,-14,,,,zegallai911@gmail.com,,
474f9c85,12b96290,3/16/2026 16:52:22,-7,,,,zegallai911@gmail.com,,
d1322966,d5b5f9d1,3/16/2026 16:52:31,-14,,,,zegallai911@gmail.com,,
ddae2474,0af806f8,3/16/2026 16:52:46,-14,,,,zegallai911@gmail.com,,
cc080309,561399a6,3/16/2026 16:53:05,-16,,,,zegallai911@gmail.com,,
0f3be98b,02d86a9b,3/16/2026 16:55:17,-12,,,,zegallai911@gmail.com,,
049782ff,a19879cf,3/16/2026 16:55:35,-12,,,,zegallai911@gmail.com,,
ba993d58,bb4d1bd1,3/16/2026 16:55:44,-12,,,,zegallai911@gmail.com,,
7739a436,0086,3/16/2026 16:56:06,-11,,,,zegallai911@gmail.com,,
47435d88,561399a6,3/16/2026 16:57:57,-16,,,,zegallai911@gmail.com,,
f87b23a0,83dd14b5,3/16/2026 16:58:31,-5,,,,zegallai911@gmail.com,,
231d17b1,cb9e809e,3/16/2026 16:58:53,-12,,,,zegallai911@gmail.com,,
9063a98e,cf6c9481,3/16/2026 17:00:22,-4,,,,zegallai911@gmail.com,,
1458b027,0049,3/16/2026 17:00:33,-14,,,,zegallai911@gmail.com,,
516fd3ba,0064,3/16/2026 17:00:42,-3,,,,zegallai911@gmail.com,,
8f30dada,0032,3/16/2026 17:00:53,-10,,,,zegallai911@gmail.com,,
61ce96c4,0011,3/16/2026 17:05:40,-15,,,,zegallai911@gmail.com,,
3e4274d6,a3f74383,3/16/2026 17:05:50,-7,,,,zegallai911@gmail.com,,
8da479b8,0029,3/16/2026 17:05:59,-5,,,,zegallai911@gmail.com,,
8c2cb79b,0054,3/16/2026 17:06:07,-3,,,,zegallai911@gmail.com,,
1d17e5cc,0002,3/16/2026 17:06:32,-60,,,,zegallai911@gmail.com,,
b1a750ee,561399a6,3/16/2026 18:29:37,16,,,,zegallai911@gmail.com,,
d96b79b2,bb6c2490,3/17/2026 2:54:08,-14,,,,zegallai911@gmail.com,,
cc5aa455,c099f042,3/17/2026 2:54:15,-7,,,,zegallai911@gmail.com,,
ec264b67,0001,3/17/2026 2:54:21,-7,,,,zegallai911@gmail.com,,
5839923b,12b96290,3/17/2026 2:54:26,-7,,,,zegallai911@gmail.com,,
617a978f,0af806f8,3/17/2026 2:54:32,-14,,,,zegallai911@gmail.com,,
509cf504,0033,3/17/2026 2:56:27,-6,,,,zegallai911@gmail.com,,
5158e3b3,a19879cf,3/17/2026 2:57:58,-11,,,,zegallai911@gmail.com,,
e118af1e,a19879cf,3/17/2026 2:58:20,-1,,,,zegallai911@gmail.com,,
9e1a67cf,bb4d1bd1,3/17/2026 2:58:32,-12,,,,zegallai911@gmail.com,,
aec20e30,0014,3/17/2026 3:00:05,-10,,,,zegallai911@gmail.com,,
0ee871f8,0027,3/17/2026 3:00:24,-5,,,,zegallai911@gmail.com,,
84db2a0d,1b6b5ed6,3/17/2026 3:01:05,-19,,,,zegallai911@gmail.com,,
c0153350,0032,3/17/2026 3:01:20,-4,,,,zegallai911@gmail.com,,
2a583b98,0064,3/17/2026 3:01:31,-7,,,,zegallai911@gmail.com,,
d105d95f,0f694cb5,3/17/2026 3:03:11,-8,,,,zegallai911@gmail.com,,
a9db3a24,0f694cb5,3/17/2026 3:03:40,-4,,,,zegallai911@gmail.com,,
8bd260a2,0011,3/17/2026 3:05:01,-13,,,,zegallai911@gmail.com,,
7e20d000,0002,3/17/2026 3:05:21,-60,,,,zegallai911@gmail.com,,
12aa3b9c,a19879cf,3/17/2026 3:48:39,4,,,,zegallai911@gmail.com,,
73e4b2f0,bb6c2490,3/18/2026 14:27:44,-14,,,,zegallai911@gmail.com,,
0343617d,b3204174,3/18/2026 14:27:55,-12,,,,zegallai911@gmail.com,,
1ee2ef94,cd21eb57,3/18/2026 14:28:01,-7,,,,zegallai911@gmail.com,,
2b838099,0001,3/18/2026 14:28:07,-15,,,,zegallai911@gmail.com,,
0aca24b5,12b96290,3/18/2026 14:28:14,-15,,,,zegallai911@gmail.com,,
b76e362a,0af806f8,3/18/2026 14:28:20,-15,,,,zegallai911@gmail.com,,
f89c5088,0001,3/18/2026 14:29:59,1,,,,zegallai911@gmail.com,,
56efc935,12b96290,3/18/2026 14:30:04,1,,,,zegallai911@gmail.com,,
112cd7b6,0af806f8,3/18/2026 14:30:08,1,,,,zegallai911@gmail.com,,
eef39724,561399a6,3/18/2026 14:31:24,-11,,,,zegallai911@gmail.com,,
7421cda8,0019,3/18/2026 14:31:31,-14,,,,zegallai911@gmail.com,,
a2c8e213,a19879cf,3/18/2026 14:32:20,-5,,,,zegallai911@gmail.com,,
41c88ce1,0021,3/18/2026 14:32:37,-14,,,,zegallai911@gmail.com,,
f94e4588,0086,3/18/2026 14:33:36,-7,,,,zegallai911@gmail.com,,
4924b11f,0027,3/18/2026 14:34:36,-8,,,,zegallai911@gmail.com,,
6d0381d5,83dd14b5,3/18/2026 14:35:45,-9,,,,zegallai911@gmail.com,,
9f65b788,cb9e809e,3/18/2026 14:37:29,-9,,,,zegallai911@gmail.com,,
0c1907f3,cf6c9481,3/18/2026 14:37:35,-2,,,,zegallai911@gmail.com,,
872fbe43,0049,3/18/2026 14:37:54,-14,,,,zegallai911@gmail.com,,
39c711a8,0064,3/18/2026 14:40:02,-3,,,,zegallai911@gmail.com,,
06a98053,0032,3/18/2026 14:40:11,-5,,,,zegallai911@gmail.com,,
7fdbeed1,0029,3/18/2026 14:44:32,-16,,,,zegallai911@gmail.com,,
7d3f799c,a3f74383,3/18/2026 14:44:42,-2,,,,zegallai911@gmail.com,,
383b184e,0054,3/18/2026 14:44:59,-3,,,,zegallai911@gmail.com,,
faca2430,0005,3/18/2026 14:45:11,-6,,,,zegallai911@gmail.com,,
0abfd1d9,649eaeb5,3/18/2026 14:45:18,-1,,,,zegallai911@gmail.com,,
726ea377,0011,3/18/2026 14:45:26,-17,,,,zegallai911@gmail.com,,
b6550954,0002,3/18/2026 14:45:44,-60,,,,zegallai911@gmail.com,,
e29207b9,0036,3/18/2026 18:42:43,4,,,,zegallai911@gmail.com,,
747d7ed1,364fe321,3/18/2026 18:43:31,5,,,,zegallai911@gmail.com,,
b2495461,b112660a,3/18/2026 18:43:45,10,,,,zegallai911@gmail.com,,
a2e3e176,0f694cb5,3/18/2026 18:44:36,4,,,,zegallai911@gmail.com,,
59da6c68,364fe321,3/18/2026 18:44:47,1,,,,zegallai911@gmail.com,,
6efb5925,0054,3/18/2026 18:45:00,5,,,,zegallai911@gmail.com,,
bb3669eb,57a5617b,3/18/2026 18:45:18,6,,,,zegallai911@gmail.com,,
eae9f224,a3f74383,3/18/2026 18:45:25,2,,,,zegallai911@gmail.com,,
b4375141,0029,3/18/2026 18:45:33,2,,,,zegallai911@gmail.com,,
a6ec11d1,cd21eb57,3/18/2026 18:50:33,6,,,,zegallai911@gmail.com,,
b38e30bc,83dd14b5,3/18/2026 18:52:30,36,,,,zegallai911@gmail.com,,
5f415cc1,0012,3/18/2026 18:53:23,11,,,,zegallai911@gmail.com,,
94d847e8,1b6b5ed6,3/18/2026 18:54:41,4,,,,zegallai911@gmail.com,,
8d6783d7,0012,3/18/2026 18:54:51,1,,,,zegallai911@gmail.com,,
40f490f1,0019,3/18/2026 18:56:17,26,,,,zegallai911@gmail.com,,
61894fd1,0038,3/18/2026 18:57:28,3,,,,zegallai911@gmail.com,,
ba9a9bdb,d0a21a3b,3/18/2026 18:58:14,20,,,,zegallai911@gmail.com,,
afc339c8,0016,3/18/2026 18:59:29,14,,,,zegallai911@gmail.com,,
4f568d58,6670c5c1,3/18/2026 19:00:07,5,,,,zegallai911@gmail.com,,
1b13ff82,0032,3/18/2026 19:02:12,20,,,,zegallai911@gmail.com,,
c09d3757,0064,3/18/2026 19:02:23,18,,,,zegallai911@gmail.com,,
f21b2d3f,0001,3/18/2026 19:02:31,2,,,,zegallai911@gmail.com,,
cd9296c7,ccaf1c68,3/18/2026 19:02:38,1,,,,zegallai911@gmail.com,,
8e7e63a2,e9e2a383,3/18/2026 19:03:39,2,,,,zegallai911@gmail.com,,
84ec13ab,0065,3/18/2026 19:04:01,2,,,,zegallai911@gmail.com,,
dbe218f6,0061,3/18/2026 19:04:14,1,,,,zegallai911@gmail.com,,
c49be400,0002,3/18/2026 19:07:31,26,,,,zegallai911@gmail.com,,
89d51fdf,b3204174,3/19/2026 15:17:39,-12,,,,zegallai911@gmail.com,,
c0ab805f,bb6c2490,3/19/2026 15:17:44,-11,,,,zegallai911@gmail.com,,
d8814647,cd21eb57,3/19/2026 15:17:48,-2,,,,zegallai911@gmail.com,,
d849a905,0001,3/19/2026 15:17:55,-15,,,,zegallai911@gmail.com,,
12acf063,12b96290,3/19/2026 15:18:01,-15,,,,zegallai911@gmail.com,,
5dbdbd4f,0af806f8,3/19/2026 15:18:07,-15,,,,zegallai911@gmail.com,,
914d3407,bb4d1bd1,3/19/2026 15:19:32,-12,,,,zegallai911@gmail.com,,
0d64fe6f,a19879cf,3/19/2026 15:19:41,-6,,,,zegallai911@gmail.com,,
1958db7e,0021,3/19/2026 15:19:54,-8,,,,zegallai911@gmail.com,,
dce415e3,83dd14b5,3/19/2026 15:20:30,-12,,,,zegallai911@gmail.com,,
2bc1a523,cb9e809e,3/19/2026 15:22:03,-10,,,,zegallai911@gmail.com,,
93f391a5,0049,3/19/2026 15:22:40,-2,,,,zegallai911@gmail.com,,
50b03142,0064,3/19/2026 15:23:46,-2,,,,zegallai911@gmail.com,,
ba1a6e12,0032,3/19/2026 15:23:52,-8,,,,zegallai911@gmail.com,,
d27ba26e,0029,3/19/2026 15:24:59,-10,,,,zegallai911@gmail.com,,
a118c29a,406a1fee,3/19/2026 15:25:09,-4,,,,zegallai911@gmail.com,,
c04ef36e,a3f74383,3/19/2026 15:25:18,-1,,,,zegallai911@gmail.com,,
966b6ffd,0054,3/19/2026 15:25:26,-5,,,,zegallai911@gmail.com,,
d00fe01e,0011,3/19/2026 15:28:03,-11,,,,zegallai911@gmail.com,,
a72222d2,0002,3/19/2026 15:28:15,-60,,,,zegallai911@gmail.com,,
50464770,c099f042,3/19/2026 15:33:08,-6,,,,zegallai911@gmail.com,,
2256c0f9,bb6c2490,3/19/2026 15:33:12,-12,,,,zegallai911@gmail.com,,
dadbeb2d,0001,3/19/2026 15:33:20,-18,,,,zegallai911@gmail.com,,
f7ba7de4,0af806f8,3/19/2026 15:33:36,-2,,,,zegallai911@gmail.com,,
ab061f41,12b96290,3/19/2026 15:33:42,-15,,,,zegallai911@gmail.com,,
15988e0c,0019,3/19/2026 15:33:53,-10,,,,zegallai911@gmail.com,,
391c2417,83dd14b5,3/19/2026 15:34:26,-24,,,,zegallai911@gmail.com,,
f97a429c,0049,3/19/2026 15:34:42,-6,,,,zegallai911@gmail.com,,
ac68a30c,cf6c9481,3/19/2026 15:35:34,-12,,,,zegallai911@gmail.com,,
0efc2333,0064,3/19/2026 15:36:01,-7,,,,zegallai911@gmail.com,,
c9c58252,0032,3/19/2026 15:36:09,-4,,,,zegallai911@gmail.com,,
55162164,0002,3/19/2026 15:36:30,-60,,,,zegallai911@gmail.com,,
8943fb5f,0011,3/19/2026 15:37:11,-6,,,,zegallai911@gmail.com,,
e08855ec,406a1fee,3/19/2026 15:39:28,-5,,,,zegallai911@gmail.com,,
e79df754,0029,3/19/2026 15:39:42,-11,,,,zegallai911@gmail.com,,
930a6549,0054,3/19/2026 15:39:56,-6,,,,zegallai911@gmail.com,,
294a6f1d,a3f74383,3/19/2026 15:40:06,-4,,,,zegallai911@gmail.com,,
797889b5,0005,3/19/2026 15:40:40,-3,,,,zegallai911@gmail.com,,
295be6c0,0010,3/19/2026 17:10:46,14,6502020e,,,anasgherfal@gmail.com,,
e9119531,0086,3/19/2026 17:10:54,80,6502020e,,,anasgherfal@gmail.com,,
56360757,bb6c2490,3/19/2026 17:13:12,108,0717bd0b,,,anasgherfal@gmail.com,,
b99a6114,bb4d1bd1,3/19/2026 17:14:46,72,0717bd0b,,,anasgherfal@gmail.com,,
5ca9e8e7,02d86a9b,3/19/2026 17:14:50,48,0717bd0b,,,anasgherfal@gmail.com,,
36bcd959,27c8f623,3/19/2026 17:14:54,48,0717bd0b,,,anasgherfal@gmail.com,,
c2e2ac9a,0021,3/19/2026 17:14:59,24,0717bd0b,,,anasgherfal@gmail.com,,
b0b9ff09,0011,3/19/2026 17:15:03,48,0717bd0b,,,anasgherfal@gmail.com,,
7d47c4cf,12b96290,3/19/2026 17:16:52,75,161a86ec,,,anasgherfal@gmail.com,,
2a13b950,0001,3/19/2026 17:16:56,150,161a86ec,,,anasgherfal@gmail.com,,
e4e1ed11,0054,3/19/2026 17:17:00,48,161a86ec,,,anasgherfal@gmail.com,,
39d1e94b,c099f042,3/20/2026 0:21:08,-4,,,,zegallai911@gmail.com,,
64c88cea,0001,3/20/2026 0:21:22,-7,,,,zegallai911@gmail.com,,
6c351015,12b96290,3/20/2026 0:21:28,-5,,,,zegallai911@gmail.com,,
895eb5c9,bb6c2490,3/20/2026 0:22:37,-6,,,,zegallai911@gmail.com,,
9a523de6,0038,3/20/2026 0:23:39,-3,,,,zegallai911@gmail.com,,
c8212576,12b96290,3/20/2026 0:24:44,-6,,,,zegallai911@gmail.com,,
bff843a0,12b96290,3/20/2026 0:25:01,1,,,,zegallai911@gmail.com,,
0545693f,0021,3/20/2026 0:25:58,-8,,,,zegallai911@gmail.com,,
dfdf3b02,a19879cf,3/20/2026 0:27:32,-13,,,,zegallai911@gmail.com,,
b597a46a,02d86a9b,3/20/2026 0:28:11,-12,,,,zegallai911@gmail.com,,
678a67b9,bb4d1bd1,3/20/2026 0:29:04,-5,,,,zegallai911@gmail.com,,
2854771d,27c8f623,3/20/2026 0:29:13,-4,,,,zegallai911@gmail.com,,
c607b0aa,0012,3/20/2026 0:31:08,-8,,,,zegallai911@gmail.com,,
4d6dc5d5,0064,3/20/2026 0:31:30,-1,,,,zegallai911@gmail.com,,
55ee8548,78233e6f,3/20/2026 0:31:46,-3,,,,zegallai911@gmail.com,,
350c268a,0002,3/20/2026 0:37:35,48,,,,zegallai911@gmail.com,,
88295f6d,0002,3/20/2026 0:37:46,-48,,,,zegallai911@gmail.com,,
d9ba438f,0002,3/20/2026 0:37:54,-48,,,,zegallai911@gmail.com,,
54d98fd3,0029,3/20/2026 0:38:09,-14,,,,zegallai911@gmail.com,,
b6130bcd,57a5617b,3/20/2026 0:38:31,-1,,,,zegallai911@gmail.com,,
1a6cae1d,406a1fee,3/20/2026 0:38:41,-3,,,,zegallai911@gmail.com,,
4f8e7567,a3f74383,3/20/2026 0:38:50,-7,,,,zegallai911@gmail.com,,
db83a102,0054,3/20/2026 0:39:09,-7,,,,zegallai911@gmail.com,,
2e355e04,364fe321,3/20/2026 0:39:32,-6,,,,zegallai911@gmail.com,,
e3892923,b112660a,3/20/2026 0:39:45,-1,,,,zegallai911@gmail.com,,
8884cbc0,0f694cb5,3/20/2026 0:39:56,-3,,,,zegallai911@gmail.com,,
0980c53b,0011,3/20/2026 0:40:13,-6,,,,zegallai911@gmail.com,,
a3dc96c8,69692785,3/20/2026 0:43:52,7,,,,zegallai911@gmail.com,,
f69b6ef2,12b96290,3/20/2026 0:44:15,9,,,,zegallai911@gmail.com,,
672c4fbf,bb6c2490,3/20/2026 0:44:27,1,,,,zegallai911@gmail.com,,
debf41a4,0001,3/20/2026 0:44:54,13,,,,zegallai911@gmail.com,,
9153c292,0002,3/20/2026 15:41:06,-24,,,,anasgherfal@gmail.com,,
f08637ae,0011,3/20/2026 15:41:21,-14,,,,anasgherfal@gmail.com,,
2939d27c,0001,3/20/2026 15:41:34,-30,,,,anasgherfal@gmail.com,,
e5dce272,12b96290,3/20/2026 15:41:44,-12,,,,anasgherfal@gmail.com,,
6b765ccf,c099f042,3/20/2026 15:41:55,-7,,,,anasgherfal@gmail.com,,
199c18d7,0029,3/20/2026 15:42:06,-10,,,,anasgherfal@gmail.com,,
925ceb55,0054,3/20/2026 15:42:22,-6,,,,anasgherfal@gmail.com,,
7ea3571d,0049,3/20/2026 15:42:34,-6,,,,anasgherfal@gmail.com,,
3c453383,cf6c9481,3/20/2026 15:42:45,-12,,,,anasgherfal@gmail.com,,
7725da91,0086,3/20/2026 15:42:58,-20,,,,anasgherfal@gmail.com,,
92ed6f69,bb4d1bd1,3/20/2026 15:43:10,-7,,,,anasgherfal@gmail.com,,
38489725,02d86a9b,3/20/2026 15:43:19,-7,,,,anasgherfal@gmail.com,,
adddae5a,27c8f623,3/20/2026 15:43:31,-7,,,,anasgherfal@gmail.com,,
6f6479a3,0019,3/20/2026 15:43:41,-6,,,,anasgherfal@gmail.com,,
ca082b0c,cb9e809e,3/20/2026 15:43:52,-7,,,,anasgherfal@gmail.com,,
5c1f55b3,83dd14b5,3/20/2026 15:44:07,-24,,,,anasgherfal@gmail.com,,
3484ad35,bb6c2490,3/21/2026 12:56:22,-14,,,,zegallai911@gmail.com,,
b02bfe3d,b3204174,3/21/2026 12:56:27,-12,,,,zegallai911@gmail.com,,
c55e3bc6,0001,3/21/2026 12:56:34,-15,,,,zegallai911@gmail.com,,
37b8017d,12b96290,3/21/2026 12:56:41,-15,,,,zegallai911@gmail.com,,
5459afbb,12b96290,3/21/2026 12:56:52,-12,,,,zegallai911@gmail.com,,
56c43f6d,0049,3/21/2026 12:58:56,-14,,,,zegallai911@gmail.com,,
a5beab3a,0086,3/21/2026 12:59:03,-10,,,,zegallai911@gmail.com,,
4ef78c20,bb4d1bd1,3/21/2026 13:00:24,-12,,,,zegallai911@gmail.com,,
bd0e88e4,27c8f623,3/21/2026 13:00:31,-12,,,,zegallai911@gmail.com,,
e6621f56,02d86a9b,3/21/2026 13:00:42,-12,,,,zegallai911@gmail.com,,
7aa68d0d,0021,3/21/2026 13:01:28,-10,,,,zegallai911@gmail.com,,
358fcd87,cb9e809e,3/21/2026 13:02:15,-9,,,,zegallai911@gmail.com,,
b17bd496,0032,3/21/2026 13:02:34,-12,,,,zegallai911@gmail.com,,
d77711cf,0064,3/21/2026 13:02:45,-4,,,,zegallai911@gmail.com,,
4c45269d,0029,3/21/2026 13:02:55,-21,,,,zegallai911@gmail.com,,
40a37b27,406a1fee,3/21/2026 13:03:11,-7,,,,zegallai911@gmail.com,,
628747ca,a3f74383,3/21/2026 13:03:18,-7,,,,zegallai911@gmail.com,,
2e788b96,0054,3/21/2026 13:03:25,-7,,,,zegallai911@gmail.com,,
56d486fe,0005,3/21/2026 13:03:32,-5,,,,zegallai911@gmail.com,,
1c9e0153,0011,3/21/2026 13:03:41,-24,,,,zegallai911@gmail.com,,
d51172f1,0002,3/21/2026 13:03:50,-60,,,,zegallai911@gmail.com,,
fe776000,83dd14b5,3/21/2026 13:07:18,-12,,,,zegallai911@gmail.com,,
47c022b4,0001,3/21/2026 15:55:24,-30,,,,zegallai911@gmail.com,,
fb467c02,12b96290,3/21/2026 15:55:37,-15,,,,zegallai911@gmail.com,,
129ed80f,0011,3/21/2026 15:56:13,-4,,,,zegallai911@gmail.com,,
f885903f,0064,3/21/2026 15:57:32,-6,,,,zegallai911@gmail.com,,
60fe7e63,0032,3/21/2026 15:57:41,-12,,,,zegallai911@gmail.com,,
50beecb7,0049,3/21/2026 15:58:44,-5,,,,zegallai911@gmail.com,,
60c39b1f,0027,3/21/2026 15:59:03,-3,,,,zegallai911@gmail.com,,
88f86d81,0002,3/21/2026 15:59:40,-24,,,,zegallai911@gmail.com,,
6c1afdfa,83dd14b5,3/21/2026 16:00:55,-12,,,,zegallai911@gmail.com,,
d29beabc,0012,3/21/2026 16:01:08,-3,,,,zegallai911@gmail.com,,
8ced892b,0086,3/21/2026 16:01:22,-10,,,,zegallai911@gmail.com,,
7aea5bda,0086,3/22/2026 11:56:19,10,,,,zegallai911@gmail.com,,
adb4e6ba,57a5617b,3/22/2026 11:56:27,-7,,,,zegallai911@gmail.com,,
788bef4a,406a1fee,3/22/2026 11:56:34,7,,,,zegallai911@gmail.com,,
199839d6,bb6c2490,3/22/2026 11:59:00,-14,,,,zegallai911@gmail.com,,
bd7cf3a0,cd21eb57,3/22/2026 11:59:05,-1,,,,zegallai911@gmail.com,,
adac3a51,b3204174,3/22/2026 11:59:14,-12,,,,zegallai911@gmail.com,,
357608a2,0001,3/22/2026 11:59:24,-30,,,,zegallai911@gmail.com,,
80e1e069,12b96290,3/22/2026 11:59:31,-15,,,,zegallai911@gmail.com,,
899d2d7a,0019,3/22/2026 12:00:08,-10,,,,zegallai911@gmail.com,,
2f38e38a,bb4d1bd1,3/22/2026 12:03:09,-12,,,,zegallai911@gmail.com,,
5b41096a,27c8f623,3/22/2026 12:03:19,-12,,,,zegallai911@gmail.com,,
59006415,02d86a9b,3/22/2026 12:03:34,-12,,,,zegallai911@gmail.com,,
738e98a8,a19879cf,3/22/2026 12:03:44,-12,,,,zegallai911@gmail.com,,
76e6fc6d,0086,3/22/2026 12:05:05,-30,,,,zegallai911@gmail.com,,
3f2b7046,83dd14b5,3/22/2026 12:06:39,-12,,,,zegallai911@gmail.com,,
083a9715,cb9e809e,3/22/2026 12:06:49,-14,,,,zegallai911@gmail.com,,
d258b614,cf6c9481,3/22/2026 12:07:00,-7,,,,zegallai911@gmail.com,,
df22001e,0049,3/22/2026 12:07:11,-11,,,,zegallai911@gmail.com,,
115cb395,0064,3/22/2026 12:07:23,-5,,,,zegallai911@gmail.com,,
cba51fe0,0029,3/22/2026 12:13:18,-14,,,,zegallai911@gmail.com,,
4f28e05e,a3f74383,3/22/2026 12:13:29,-4,,,,zegallai911@gmail.com,,
50d99ba7,0054,3/22/2026 12:13:39,-3,,,,zegallai911@gmail.com,,
69b0f81d,0002,3/22/2026 12:14:05,-60,,,,zegallai911@gmail.com,,
73d24078,0001,3/22/2026 12:41:14,-30,,,,zegallai911@gmail.com,,
c064a1a1,12b96290,3/22/2026 12:41:20,-15,,,,zegallai911@gmail.com,,
a2e4c631,bb6c2490,3/22/2026 12:41:25,-14,,,,zegallai911@gmail.com,,
94cec2e1,bb6c2490,3/22/2026 12:41:34,-1,,,,zegallai911@gmail.com,,
44cec1f3,c099f042,3/22/2026 12:41:43,-13,,,,zegallai911@gmail.com,,
951d4ee9,0019,3/22/2026 13:28:36,-7,,,,zegallai911@gmail.com,,
a940937b,0011,3/22/2026 13:28:47,-48,,,,zegallai911@gmail.com,,
7c599d0d,bb4d1bd1,3/22/2026 13:29:46,-12,,,,zegallai911@gmail.com,,
c1d3c9da,0002,3/22/2026 13:29:54,600,dd9b4145,,,anasgherfal@gmail.com,,
2ca75b24,02d86a9b,3/22/2026 13:29:55,-5,,,,zegallai911@gmail.com,,
b8e293bd,a19879cf,3/22/2026 13:30:05,-12,,,,zegallai911@gmail.com,,
280da0f4,0014,3/22/2026 13:30:30,20,90f9d1f9,,,anasgherfal@gmail.com,,
2bcbb2aa,27c8f623,3/22/2026 13:30:28,-13,,,,zegallai911@gmail.com,,
0640ce6e,0021,3/22/2026 13:30:55,-12,,,,zegallai911@gmail.com,,
38270c14,0011,3/22/2026 13:31:03,120,868835ce,,,anasgherfal@gmail.com,,
c04cc3ab,83dd14b5,3/22/2026 13:32:29,-24,,,,zegallai911@gmail.com,,
d7525b3d,0029,3/22/2026 13:32:38,72,7a0e9897,,,anasgherfal@gmail.com,,
9d2573c2,0032,3/22/2026 13:32:42,54,7a0e9897,,,anasgherfal@gmail.com,,
8aae68ee,cb9e809e,3/22/2026 13:33:00,-14,,,,zegallai911@gmail.com,,
b3aa6aca,a19879cf,3/22/2026 13:33:36,24,4087a248,,,anasgherfal@gmail.com,,
b26a46d3,27c8f623,3/22/2026 13:33:39,24,4087a248,,,anasgherfal@gmail.com,,
dacfe1da,02d86a9b,3/22/2026 13:35:39,24,4087a248,,,anasgherfal@gmail.com,,
2d3a146a,69692785,3/22/2026 13:35:43,-8,,,,zegallai911@gmail.com,,
43914641,0021,3/22/2026 13:38:59,-24,,,,zegallai911@gmail.com,,
dc857041,0032,3/22/2026 13:40:28,-14,,,,zegallai911@gmail.com,,
cb4852d1,cf6c9481,3/22/2026 13:40:46,-7,,,,zegallai911@gmail.com,,
6b394f5b,0002,3/22/2026 13:41:02,-60,,,,zegallai911@gmail.com,,
63b4f2b6,0011,3/22/2026 13:41:15,-24,,,,zegallai911@gmail.com,,
336179f4,0029,3/22/2026 13:41:26,-13,,,,zegallai911@gmail.com,,
3a0921b7,a3f74383,3/22/2026 13:41:38,-7,,,,zegallai911@gmail.com,,
8bc169de,0054,3/22/2026 13:41:51,-7,,,,zegallai911@gmail.com,,
5465628c,57a5617b,3/22/2026 13:42:01,-6,,,,zegallai911@gmail.com,,
70f07edb,bb6c2490,3/22/2026 13:49:29,-18,,,,zegallai911@gmail.com,,
859bf83e,0001,3/22/2026 13:50:13,-45,,,,zegallai911@gmail.com,,
29686142,83dd14b5,3/22/2026 13:50:24,-17,,,,zegallai911@gmail.com,,
bd5ca5de,0002,3/22/2026 13:50:42,-36,,,,zegallai911@gmail.com,,
bece459b,0029,3/22/2026 13:53:45,-13,,,,zegallai911@gmail.com,,
6f43a38f,0054,3/22/2026 13:54:00,-3,,,,zegallai911@gmail.com,,
039117f5,a3f74383,3/22/2026 13:54:08,-5,,,,zegallai911@gmail.com,,
8fe82cd2,cb9e809e,3/22/2026 13:55:44,-5,,,,zegallai911@gmail.com,,
ab201c32,0032,3/22/2026 13:56:00,-12,,,,zegallai911@gmail.com,,
bc6d7e8e,0086,3/22/2026 13:58:56,-10,,,,anasgherfal@gmail.com,,
1af95d32,0010,3/22/2026 13:59:06,-15,,,,anasgherfal@gmail.com,,
d2d91aa5,27c8f623,3/22/2026 13:59:36,-6,,,,zegallai911@gmail.com,,
6ee8c4f0,bb4d1bd1,3/22/2026 13:59:47,-6,,,,zegallai911@gmail.com,,
12630229,a19879cf,3/22/2026 13:59:58,-6,,,,zegallai911@gmail.com,,
2d65e60a,0002,3/22/2026 15:29:14,-24,,,,zegallai911@gmail.com,,
049fdf07,0011,3/23/2026 11:59:30,72,20efc97b,,,anasgherfal@gmail.com,,
1a0d71a6,0001,3/23/2026 11:59:39,75,20efc97b,,,anasgherfal@gmail.com,,
3b5231c9,12b96290,3/23/2026 11:59:48,75,20efc97b,,,anasgherfal@gmail.com,,
4a2da4f6,0029,3/23/2026 11:59:55,48,20efc97b,,,anasgherfal@gmail.com,,
d44c784d,0021,3/23/2026 12:00:03,48,20efc97b,,,anasgherfal@gmail.com,,
7b86b170,0049,3/23/2026 12:00:34,24,1a253598,,,anasgherfal@gmail.com,,
7b791f23,cb9e809e,3/23/2026 12:00:43,12,1a253598,,,anasgherfal@gmail.com,,
442b6384,bb6c2490,3/23/2026 12:19:05,-18,,,,zegallai911@gmail.com,,
2a45efb3,0001,3/23/2026 12:19:23,-15,,,,zegallai911@gmail.com,,
fdda5fed,12b96290,3/23/2026 12:19:28,-15,,,,zegallai911@gmail.com,,
7f92ebd4,cd21eb57,3/23/2026 12:20:47,-15,,,,zegallai911@gmail.com,,
24533e6d,0011,3/23/2026 12:22:34,-24,,,,zegallai911@gmail.com,,
9fadb50e,0019,3/23/2026 12:22:54,-24,,,,zegallai911@gmail.com,,
1bf1002a,0012,3/23/2026 12:23:25,-21,,,,zegallai911@gmail.com,,
8718af91,0064,3/23/2026 12:23:56,-7,,,,zegallai911@gmail.com,,
4814e97b,0032,3/23/2026 12:24:40,-12,,,,zegallai911@gmail.com,,
638f9b17,0049,3/23/2026 12:27:17,-12,,,,zegallai911@gmail.com,,
628f793c,02d86a9b,3/23/2026 12:29:33,-8,,,,zegallai911@gmail.com,,
e24e2f25,27c8f623,3/23/2026 12:29:42,-8,,,,zegallai911@gmail.com,,
dcfd3a31,a19879cf,3/23/2026 12:29:53,-8,,,,zegallai911@gmail.com,,
165c0776,bb4d1bd1,3/23/2026 12:30:25,-8,,,,zegallai911@gmail.com,,
c9cd296d,0086,3/23/2026 12:31:19,-10,,,,zegallai911@gmail.com,,
75a0bafc,cb9e809e,3/23/2026 12:31:54,-5,,,,zegallai911@gmail.com,,
5c37b322,0029,3/23/2026 12:33:09,-24,,,,zegallai911@gmail.com,,
ddaf557f,0001,3/23/2026 12:37:31,-30,,,,zegallai911@gmail.com,,
36f0fad1,12b96290,3/23/2026 12:37:36,-15,,,,zegallai911@gmail.com,,
056d95d4,bb6c2490,3/23/2026 12:37:42,-14,,,,zegallai911@gmail.com,,
1cde54fe,cd21eb57,3/23/2026 12:37:46,-7,,,,zegallai911@gmail.com,,
b8067781,0019,3/23/2026 12:38:10,-8,,,,zegallai911@gmail.com,,
7f158554,02d86a9b,3/23/2026 12:39:46,-6,,,,zegallai911@gmail.com,,
d55b54b7,27c8f623,3/23/2026 12:39:54,-6,,,,zegallai911@gmail.com,,
239e34a7,bb4d1bd1,3/23/2026 12:40:10,-6,,,,zegallai911@gmail.com,,
cac873ec,0021,3/23/2026 12:40:38,-12,,,,zegallai911@gmail.com,,
4623362b,83dd14b5,3/23/2026 12:41:29,-12,,,,zegallai911@gmail.com,,
fb537262,83dd14b5,3/23/2026 12:42:16,6,,,,zegallai911@gmail.com,,
fcbc1e34,0065,3/23/2026 12:42:23,-6,,,,zegallai911@gmail.com,,
111ccac4,cb9e809e,3/23/2026 12:43:00,-11,,,,zegallai911@gmail.com,,
b3870c37,cf6c9481,3/23/2026 12:44:00,-3,,,,zegallai911@gmail.com,,
966c9561,0049,3/23/2026 12:45:09,-12,,,,zegallai911@gmail.com,,
deec4275,0064,3/23/2026 12:45:27,-3,,,,zegallai911@gmail.com,,
d9db6d82,0032,3/23/2026 12:45:39,-7,,,,zegallai911@gmail.com,,
8ab8fd9b,0029,3/23/2026 12:46:40,-21,,,,zegallai911@gmail.com,,
06fbc3a2,57a5617b,3/23/2026 12:46:49,-7,,,,zegallai911@gmail.com,,
cb7901d1,a3f74383,3/23/2026 12:47:09,-6,,,,zegallai911@gmail.com,,
28f12218,0054,3/23/2026 12:47:20,-7,,,,zegallai911@gmail.com,,
5b25bc04,0054,3/23/2026 12:47:30,-7,,,,zegallai911@gmail.com,,
f8c787ff,0011,3/23/2026 12:47:37,-24,,,,zegallai911@gmail.com,,
3e29dbae,0002,3/23/2026 12:50:14,-120,,,,zegallai911@gmail.com,,
e96051cc,bb6c2490,3/23/2026 12:54:52,-22,,,,zegallai911@gmail.com,,
49d9e8d1,cd21eb57,3/23/2026 12:54:57,-7,,,,zegallai911@gmail.com,,
584d2753,0001,3/23/2026 12:55:08,-15,,,,zegallai911@gmail.com,,
7ef5ddc0,12b96290,3/23/2026 12:55:15,-15,,,,zegallai911@gmail.com,,
5b0f2685,e28d366b,3/23/2026 12:56:13,-11,,,,zegallai911@gmail.com,,
b6f41c25,0019,3/23/2026 12:58:35,-24,,,,zegallai911@gmail.com,,
83f9a0e4,0019,3/23/2026 12:58:43,-16,,,,zegallai911@gmail.com,,
1495fcbb,02d86a9b,3/23/2026 13:00:01,-10,,,,zegallai911@gmail.com,,
98610269,27c8f623,3/23/2026 13:00:08,-4,,,,zegallai911@gmail.com,,
603c872a,bb4d1bd1,3/23/2026 13:00:16,-4,,,,zegallai911@gmail.com,,
8cf03657,a19879cf,3/23/2026 13:00:25,-14,,,,zegallai911@gmail.com,,
2a0f9128,0021,3/23/2026 13:01:25,-12,,,,zegallai911@gmail.com,,
f8df73ab,83dd14b5,3/23/2026 13:01:45,-24,,,,zegallai911@gmail.com,,
e15a5c40,cf6c9481,3/23/2026 13:02:57,-12,,,,zegallai911@gmail.com,,
4e75202f,0032,3/23/2026 13:03:10,-14,,,,zegallai911@gmail.com,,
628d9b23,0002,3/23/2026 13:04:17,-60,,,,zegallai911@gmail.com,,
242f2992,0011,3/23/2026 13:04:34,-24,,,,zegallai911@gmail.com,,
1086462e,0029,3/23/2026 13:08:36,-10,,,,zegallai911@gmail.com,,
6038eca6,0054,3/23/2026 13:08:45,-3,,,,zegallai911@gmail.com,,
3a1a752f,cb9e809e,3/23/2026 13:09:20,-8,,,,zegallai911@gmail.com,,
f4f05ff5,0001,3/23/2026 21:02:47,-30,,,,zegallai911@gmail.com,,
c0a84948,12b96290,3/23/2026 21:03:03,-15,,,,zegallai911@gmail.com,,
4a6021d4,12b96290,3/23/2026 21:03:32,-4,,,,zegallai911@gmail.com,,
cab144de,0033,3/23/2026 21:03:43,-5,,,,zegallai911@gmail.com,,
098efc17,0027,3/23/2026 21:04:51,-21,,,,zegallai911@gmail.com,,
fd72bfcf,0021,3/23/2026 21:06:10,-24,,,,zegallai911@gmail.com,,
49188c67,0014,3/23/2026 21:06:25,-10,,,,zegallai911@gmail.com,,
3c02323a,0019,3/23/2026 21:07:44,-15,,,,zegallai911@gmail.com,,
8c89bfec,0016,3/23/2026 21:08:30,-12,,,,zegallai911@gmail.com,,
98434b9a,1b6b5ed6,3/23/2026 21:08:47,-24,,,,zegallai911@gmail.com,,
c1e26f94,0002,3/23/2026 21:08:59,-60,,,,anasgherfal@gmail.com,,
682d5629,0011,3/23/2026 21:09:13,-6,,,,anasgherfal@gmail.com,,
42021b67,0029,3/23/2026 21:09:25,-7,,,,anasgherfal@gmail.com,,
48cc4d3d,0032,3/23/2026 21:09:34,-6,,,,zegallai911@gmail.com,,
891b88f4,0064,3/23/2026 21:09:55,-2,,,,zegallai911@gmail.com,,
da54d5ea,0021,3/23/2026 21:10:20,-5,,,,anasgherfal@gmail.com,,
fc7ae55a,0001,3/23/2026 21:10:35,-15,,,,anasgherfal@gmail.com,,
581d82f5,12b96290,3/23/2026 21:10:43,-15,,,,anasgherfal@gmail.com,,
69232e0d,cf6c9481,3/23/2026 21:10:56,-3,,,,anasgherfal@gmail.com,,
7115df28,0027,3/23/2026 21:11:08,12,,,,anasgherfal@gmail.com,,
4c14605b,cb9e809e,3/23/2026 21:11:58,-6,,,,anasgherfal@gmail.com,,
86e521ac,0064,3/23/2026 21:12:28,-5,,,,anasgherfal@gmail.com,,
fd20970d,0f694cb5,3/23/2026 21:10:25,-15,,,,zegallai911@gmail.com,,
5076a7e3,b112660a,3/23/2026 21:11:04,-6,,,,zegallai911@gmail.com,,
0cff3b2d,0029,3/23/2026 21:16:39,-23,,,,zegallai911@gmail.com,,
368fdf7e,57a5617b,3/23/2026 21:18:18,-10,,,,zegallai911@gmail.com,,
9649dbf1,0054,3/23/2026 21:18:27,-6,,,,zegallai911@gmail.com,,
54765de7,0011,3/23/2026 21:18:45,-21,,,,zegallai911@gmail.com,,
7223a8d1,0002,3/23/2026 21:19:49,-60,,,,zegallai911@gmail.com,,
9140b1d7,57a5617b,3/23/2026 22:49:25,7,,,,zegallai911@gmail.com,,
31a6af2b,0f694cb5,3/23/2026 22:49:34,3,,,,zegallai911@gmail.com,,
c2e1d38c,0011,3/24/2026 16:40:42,-21,,,,zegallai911@gmail.com,,
65c01ed8,bb6c2490,3/24/2026 16:43:05,-18,,,,zegallai911@gmail.com,,
24a11e1b,83dd14b5,3/24/2026 16:43:17,-24,,,,zegallai911@gmail.com,,
d16c2d78,0086,3/24/2026 16:43:57,-20,,,,zegallai911@gmail.com,,
4fd981b7,0032,3/24/2026 16:45:27,-7,,,,zegallai911@gmail.com,,
772d8ffd,0054,3/24/2026 16:47:12,-17,,,,zegallai911@gmail.com,,
5e3a95d4,0064,3/24/2026 16:47:41,-2,,,,zegallai911@gmail.com,,
1ab05876,0021,3/24/2026 16:49:22,-24,,,,zegallai911@gmail.com,,
9152f45d,0001,3/24/2026 16:49:45,-30,,,,zegallai911@gmail.com,,
4bbbb3eb,12b96290,3/24/2026 16:49:50,-15,,,,zegallai911@gmail.com,,
cc545b63,0019,3/24/2026 16:50:30,-24,,,,zegallai911@gmail.com,,
113bd00d,02d86a9b,3/24/2026 16:51:24,-24,,,,zegallai911@gmail.com,,
63ebdeec,bb4d1bd1,3/24/2026 16:51:30,-24,,,,zegallai911@gmail.com,,
833231d9,0049,3/24/2026 16:51:50,-16,,,,zegallai911@gmail.com,,
e196fb1f,cf6c9481,3/24/2026 16:52:02,-12,,,,zegallai911@gmail.com,,
07642c6c,cb9e809e,3/24/2026 16:52:24,-12,,,,zegallai911@gmail.com,,
abbd5fae,0002,3/24/2026 16:52:34,-60,,,,zegallai911@gmail.com,,
7465efff,cb9e809e,3/24/2026 18:59:49,6,,,,zegallai911@gmail.com,,
4ea7a22e,cf6c9481,3/24/2026 19:00:29,6,,,,zegallai911@gmail.com,,
d90ca12a,0019,3/24/2026 19:02:20,16,,,,zegallai911@gmail.com,,
05bc9cdb,12b96290,3/24/2026 19:43:14,-15,,,,zegallai911@gmail.com,,
492d4b26,0001,3/24/2026 19:43:28,-30,,,,zegallai911@gmail.com,,
7c6cec7a,bb6c2490,3/24/2026 19:43:47,-18,,,,zegallai911@gmail.com,,
f0cc6b08,0019,3/24/2026 19:43:57,-24,,,,zegallai911@gmail.com,,
88abe316,02d86a9b,3/24/2026 19:44:20,-24,,,,zegallai911@gmail.com,,
274f4986,a19879cf,3/24/2026 19:44:34,-24,,,,zegallai911@gmail.com,,
d7515255,0086,3/24/2026 19:44:55,-30,,,,zegallai911@gmail.com,,
4ef0c63b,0065,3/24/2026 19:45:24,-12,,,,zegallai911@gmail.com,,
40275f75,0049,3/24/2026 19:45:34,-24,,,,zegallai911@gmail.com,,
00553fe5,0064,3/24/2026 19:46:03,-4,,,,zegallai911@gmail.com,,
08688d59,0032,3/24/2026 19:46:41,-1,,,,zegallai911@gmail.com,,
e8fb2da1,0064,3/24/2026 19:46:53,-6,,,,zegallai911@gmail.com,,
6965e14f,a3f74383,3/24/2026 19:47:55,-24,,,,zegallai911@gmail.com,,
929b4674,0054,3/24/2026 19:48:02,-24,,,,zegallai911@gmail.com,,
038afa85,0011,3/24/2026 19:48:18,-24,,,,zegallai911@gmail.com,,
f2dfb2fc,0002,3/24/2026 19:48:32,-60,,,,zegallai911@gmail.com,,
8dcc2e80,0021,3/24/2026 19:51:09,-12,,,,zegallai911@gmail.com,,
21987e0e,cb9e809e,3/24/2026 19:51:21,-13,,,,zegallai911@gmail.com,,
428f10d7,cf6c9481,3/24/2026 19:51:35,-3,,,,zegallai911@gmail.com,,
2926c8e9,0001,3/24/2026 19:52:42,-30,,,,zegallai911@gmail.com,,
dc5ea190,12b96290,3/24/2026 19:52:48,-15,,,,zegallai911@gmail.com,,
b83d76ee,bb6c2490,3/24/2026 19:52:54,-18,,,,zegallai911@gmail.com,,
c0f1b2c4,c099f042,3/24/2026 19:52:59,-7,,,,zegallai911@gmail.com,,
e95199d4,bb4d1bd1,3/24/2026 19:53:23,-24,,,,zegallai911@gmail.com,,
d39a5df4,a19879cf,3/24/2026 19:53:37,-24,,,,zegallai911@gmail.com,,
f52216f0,0021,3/24/2026 19:54:00,-9,,,,zegallai911@gmail.com,,
ad44b328,83dd14b5,3/24/2026 19:54:24,-24,,,,zegallai911@gmail.com,,
83bc0cc0,cb9e809e,3/24/2026 19:54:39,-7,,,,zegallai911@gmail.com,,
462d134c,cf6c9481,3/24/2026 19:55:29,-10,,,,zegallai911@gmail.com,,
e5cd236e,0002,3/24/2026 19:55:48,-36,,,,zegallai911@gmail.com,,
021034ed,0029,3/24/2026 19:56:13,-11,,,,zegallai911@gmail.com,,
d4859e61,a3f74383,3/24/2026 19:56:23,-3,,,,zegallai911@gmail.com,,
6aed5cfb,57a5617b,3/24/2026 19:56:35,-3,,,,zegallai911@gmail.com,,
807c226f,0005,3/24/2026 19:56:50,-4,,,,zegallai911@gmail.com,,
8a0f396e,0054,3/24/2026 19:57:33,-2,,,,zegallai911@gmail.com,,
6a26ee72,cf6c9481,3/24/2026 22:14:51,4,,,,zegallai911@gmail.com,,
2525beae,0021,3/24/2026 22:15:12,3,,,,zegallai911@gmail.com,,
0b9681eb,0049,3/24/2026 22:15:22,2,,,,zegallai911@gmail.com,,
22e53dcf,cb9e809e,3/24/2026 22:15:33,1,,,,zegallai911@gmail.com,,
5cf56ecf,0029,3/24/2026 22:15:40,1,,,,zegallai911@gmail.com,,
8d7197cb,57a5617b,3/24/2026 22:15:46,1,,,,zegallai911@gmail.com,,
bbe3d05f,c099f042,3/25/2026 11:34:04,-5,,,,zegallai911@gmail.com,,
a6405e75,bb6c2490,3/25/2026 11:34:18,-14,,,,zegallai911@gmail.com,,
2400cf33,12b96290,3/25/2026 11:34:23,-14,,,,zegallai911@gmail.com,,
2292a344,0001,3/25/2026 11:34:30,-14,,,,zegallai911@gmail.com,,
726061fb,0038,3/25/2026 11:34:41,-5,,,,zegallai911@gmail.com,,
a96332bd,0033,3/25/2026 11:34:51,-7,,,,zegallai911@gmail.com,,
c3846c82,0019,3/25/2026 11:36:05,-12,,,,zegallai911@gmail.com,,
efc0daf4,0014,3/25/2026 11:37:04,-10,,,,zegallai911@gmail.com,,
7ee4c4bd,0027,3/25/2026 11:37:27,-5,,,,zegallai911@gmail.com,,
5778a05e,0021,3/25/2026 11:39:04,-17,,,,zegallai911@gmail.com,,
b4d33ec4,0016,3/25/2026 11:39:12,-16,,,,zegallai911@gmail.com,,
0270838d,27c8f623,3/25/2026 11:41:53,-7,,,,zegallai911@gmail.com,,
30abc278,bb4d1bd1,3/25/2026 11:42:03,-10,,,,zegallai911@gmail.com,,
6e49c1b5,a19879cf,3/25/2026 11:42:19,-24,,,,zegallai911@gmail.com,,
9c1558b3,1b6b5ed6,3/25/2026 11:42:56,-24,,,,zegallai911@gmail.com,,
48e69eb2,0064,3/25/2026 11:43:26,-8,,,,zegallai911@gmail.com,,
7edd809a,a3f74383,3/25/2026 11:45:03,-21,,,,zegallai911@gmail.com,,
8a8235ae,0054,3/25/2026 11:45:22,-3,,,,zegallai911@gmail.com,,
4c3378a3,57a5617b,3/25/2026 11:46:30,-7,,,,zegallai911@gmail.com,,
b01ad810,0f694cb5,3/25/2026 11:47:04,-7,,,,zegallai911@gmail.com,,
b07dfc54,0011,3/25/2026 11:47:40,-12,,,,zegallai911@gmail.com,,
9cb3e197,0002,3/25/2026 11:49:15,-48,,,,zegallai911@gmail.com,,
0895a5f1,1b6b5ed6,3/25/2026 13:24:20,3,,,,zegallai911@gmail.com,,
48cd1f26,0011,3/25/2026 14:43:47,240,41b292a0,,,anasgherfal@gmail.com,,
fde6d2e4,c099f042,3/25/2026 14:43:54,140,41b292a0,,,anasgherfal@gmail.com,,
450f4a63,83dd14b5,3/25/2026 14:44:02,240,41b292a0,,,anasgherfal@gmail.com,,
0ab39507,0019,3/25/2026 14:44:10,72,41b292a0,,,anasgherfal@gmail.com,,
6ef815c8,0021,3/25/2026 14:45:41,120,316f5491,,,anasgherfal@gmail.com,,
f64d3609,0033,3/25/2026 14:45:49,24,316f5491,,,anasgherfal@gmail.com,,
1fa613a5,0038,3/25/2026 14:45:57,16,316f5491,,,anasgherfal@gmail.com,,
3cc59124,0001,3/25/2026 14:46:03,195,316f5491,,,anasgherfal@gmail.com,,
35fe9bcf,12b96290,3/25/2026 14:46:11,105,316f5491,,,anasgherfal@gmail.com,,
1be55a3e,0054,3/25/2026 14:46:26,48,316f5491,,,anasgherfal@gmail.com,,
d9f12217,a3f74383,3/25/2026 14:46:39,48,316f5491,,,anasgherfal@gmail.com,,
76d51325,57a5617b,3/25/2026 14:47:13,24,316f5491,,,anasgherfal@gmail.com,,
598b02da,bb6c2490,3/25/2026 14:50:29,144,011b17d4,,,anasgherfal@gmail.com,,
767101ee,bb4d1bd1,3/25/2026 14:50:35,72,011b17d4,,,anasgherfal@gmail.com,,
c1a76a9d,0005,3/25/2026 14:50:40,24,011b17d4,,,anasgherfal@gmail.com,,
00725a15,a19879cf,3/25/2026 14:50:46,72,011b17d4,,,anasgherfal@gmail.com,,
a8dd30c7,02d86a9b,3/25/2026 14:50:53,48,011b17d4,,,anasgherfal@gmail.com,,
9a3bd5cb,27c8f623,3/25/2026 14:50:59,48,011b17d4,,,anasgherfal@gmail.com,,
bf442d25,0014,3/25/2026 14:51:07,10,011b17d4,,,anasgherfal@gmail.com,,
f897582a,cb9e809e,3/25/2026 14:51:12,84,011b17d4,,,anasgherfal@gmail.com,,
5c75f9cb,0049,3/25/2026 14:51:18,48,011b17d4,,,anasgherfal@gmail.com,,
eb0cbf27,0086,3/25/2026 14:51:29,60,fa6cc36f,,,anasgherfal@gmail.com,,
4d2090e4,cf6c9481,3/25/2026 14:51:34,22,fa6cc36f,,,anasgherfal@gmail.com,,
cfea1e30,0029,3/25/2026 15:14:29,120,ad41d324,,,anasgherfal@gmail.com,,
581d7ec3,0054,3/25/2026 15:14:35,72,ad41d324,,,anasgherfal@gmail.com,,
96ac3f76,a3f74383,3/25/2026 15:25:34,72,ad41d324,,,anasgherfal@gmail.com,,
1cef3e94,0053,3/25/2026 15:25:40,24,ad41d324,,,anasgherfal@gmail.com,,
61147a88,0002,3/25/2026 15:26:05,600,bd35a5cf,,,anasgherfal@gmail.com,,
85a85613,c099f042,3/26/2026 9:44:13,-7,,,,anasgherfal@gmail.com,,
4544d19c,bb6c2490,3/26/2026 9:44:23,-14,,,,anasgherfal@gmail.com,,
09414dc3,27c8f623,3/26/2026 9:44:39,-5,,,,anasgherfal@gmail.com,,
b31e5f00,bb4d1bd1,3/26/2026 9:44:57,-5,,,,anasgherfal@gmail.com,,
d92cea66,cb9e809e,3/26/2026 9:45:09,-12,,,,anasgherfal@gmail.com,,
ee14cbd4,cf6c9481,3/26/2026 9:45:23,-5,,,,anasgherfal@gmail.com,,
858b16fa,0029,3/26/2026 9:45:35,-3,,,,anasgherfal@gmail.com,,
80caf363,0053,3/26/2026 9:45:50,-4,,,,anasgherfal@gmail.com,,
4cb6955e,0011,3/26/2026 9:46:02,-8,,,,anasgherfal@gmail.com,,
437a2716,c099f042,3/26/2026 9:46:14,-14,,,,zegallai911@gmail.com,,
9030649a,bb6c2490,3/26/2026 9:46:21,-14,,,,zegallai911@gmail.com,,
80a79818,0001,3/26/2026 9:46:48,-15,,,,zegallai911@gmail.com,,
20c5279c,12b96290,3/26/2026 9:46:55,-15,,,,zegallai911@gmail.com,,
ef2151b7,27c8f623,3/26/2026 9:48:19,-12,,,,zegallai911@gmail.com,,
99ce055b,bb4d1bd1,3/26/2026 9:48:27,-9,,,,zegallai911@gmail.com,,
4f1668ce,27c8f623,3/26/2026 9:48:58,-24,,,,zegallai911@gmail.com,,
e122f4a7,0065,3/26/2026 9:49:21,-12,,,,zegallai911@gmail.com,,
e74690a9,cb9e809e,3/26/2026 9:49:35,-14,,,,zegallai911@gmail.com,,
b8783e0d,cf6c9481,3/26/2026 9:50:37,-5,,,,zegallai911@gmail.com,,
02f6e1ea,0049,3/26/2026 9:51:12,-10,,,,zegallai911@gmail.com,,
0ca6326f,0064,3/26/2026 9:52:33,-8,,,,zegallai911@gmail.com,,
77f4db13,0029,3/26/2026 9:53:35,-21,,,,zegallai911@gmail.com,,
d255d920,0011,3/26/2026 9:53:50,-22,,,,zegallai911@gmail.com,,
0588ccae,0002,3/26/2026 9:54:34,-60,,,,zegallai911@gmail.com,,
923699f2,bb6c2490,3/26/2026 9:59:58,-13,,,,zegallai911@gmail.com,,
b5cdc588,0001,3/26/2026 10:00:09,-18,,,,zegallai911@gmail.com,,
35065fb4,12b96290,3/26/2026 10:00:15,-15,,,,zegallai911@gmail.com,,
8c84fd5a,0019,3/26/2026 10:00:31,-24,,,,zegallai911@gmail.com,,
aa770c4a,0021,3/26/2026 10:01:01,-8,,,,zegallai911@gmail.com,,
fba8deac,83dd14b5,3/26/2026 10:01:24,-24,,,,zegallai911@gmail.com,,
eb566770,cb9e809e,3/26/2026 10:01:53,-8,,,,zegallai911@gmail.com,,
71b3e559,cf6c9481,3/26/2026 10:03:27,-4,,,,zegallai911@gmail.com,,
5f6cda5e,0064,3/26/2026 10:03:53,-3,,,,zegallai911@gmail.com,,
f1ea8393,0002,3/26/2026 10:04:12,-60,,,,zegallai911@gmail.com,,
45af0731,0011,3/26/2026 10:04:22,-19,,,,zegallai911@gmail.com,,
c134a97c,0029,3/26/2026 10:05:41,-1,,,,zegallai911@gmail.com,,
5913ea79,0005,3/26/2026 10:07:18,-7,,,,zegallai911@gmail.com,,
09a5827d,c099f042,3/26/2026 10:10:03,-7,,,,zegallai911@gmail.com,,
46776f2c,0001,3/26/2026 10:10:10,-5,,,,zegallai911@gmail.com,,
0d70dc94,12b96290,3/26/2026 10:10:16,-5,,,,zegallai911@gmail.com,,
8d00d622,0029,3/26/2026 10:11:24,-2,,,,zegallai911@gmail.com,,
67346221,0054,3/26/2026 10:11:31,-1,,,,zegallai911@gmail.com,,
a3f561ad,a3f74383,3/26/2026 10:11:37,-1,,,,zegallai911@gmail.com,,
cd6eb398,0011,3/26/2026 10:11:59,-7,,,,zegallai911@gmail.com,,
1c70041b,0002,3/26/2026 10:12:53,-12,,,,zegallai911@gmail.com,,
cb9501ff,cb9e809e,3/26/2026 10:14:50,-10,,,,zegallai911@gmail.com,,
0e3af893,cf6c9481,3/26/2026 10:14:59,-12,,,,zegallai911@gmail.com,,
82dcd379,0027,3/26/2026 20:03:08,25,fb914ad9,,,anasgherfal@gmail.com,,
08d9f28f,cf6c9481,3/26/2026 20:03:15,40,fb914ad9,,,anasgherfal@gmail.com,,
bd609b46,0049,3/26/2026 20:03:21,48,fb914ad9,,,anasgherfal@gmail.com,,
5c16cd92,0086,3/26/2026 20:07:33,40,fb914ad9,,,anasgherfal@gmail.com,,
7fc00e5c,0025,3/26/2026 20:07:41,1,,,,anasgherfal@gmail.com,,
cb3b84e2,0028,3/26/2026 20:07:48,8,,,,anasgherfal@gmail.com,,
ae1c4e07,9d0be7b3,3/26/2026 20:08:08,-6,,,,anasgherfal@gmail.com,,
08bc1d85,8ed00567,3/26/2026 20:09:12,12,,,,anasgherfal@gmail.com,,
859fe410,0001,3/27/2026 14:17:48,-21,,,,zegallai911@gmail.com,,
79d7a615,12b96290,3/27/2026 14:17:53,-6,,,,zegallai911@gmail.com,,
05dde63a,bb6c2490,3/27/2026 14:17:57,-9,,,,zegallai911@gmail.com,,
b23c26e8,0019,3/27/2026 14:20:14,-20,,,,zegallai911@gmail.com,,
ac6bbffc,0086,3/27/2026 14:20:27,-32,,,,zegallai911@gmail.com,,
7ed7308d,0021,3/27/2026 14:21:37,-24,,,,zegallai911@gmail.com,,
96121854,0065,3/27/2026 14:22:15,-10,,,,zegallai911@gmail.com,,
01d7cec1,cb9e809e,3/27/2026 14:22:36,-14,,,,zegallai911@gmail.com,,
6c5fdae8,cf6c9481,3/27/2026 14:25:09,-6,,,,zegallai911@gmail.com,,
fbde6169,0049,3/27/2026 14:26:23,-14,,,,zegallai911@gmail.com,,
a3b84014,0029,3/27/2026 14:26:39,-20,,,,zegallai911@gmail.com,,
d9307c4a,a3f74383,3/27/2026 14:31:10,-9,,,,zegallai911@gmail.com,,
c9f24695,0054,3/27/2026 14:31:20,-14,,,,zegallai911@gmail.com,,
5b966c51,0011,3/27/2026 14:31:29,-12,,,,zegallai911@gmail.com,,
c9863d58,0002,3/27/2026 14:31:35,-60,,,,zegallai911@gmail.com,,
962142eb,cb9e809e,3/27/2026 14:37:55,-5,,,,zegallai911@gmail.com,,
f20e6f3d,8ed00567,3/27/2026 14:38:14,-3,,,,zegallai911@gmail.com,,
7d3cb19f,cf6c9481,3/27/2026 14:38:24,-7,,,,zegallai911@gmail.com,,
eae86e3b,0049,3/27/2026 14:38:35,-7,,,,zegallai911@gmail.com,,
1fddfb58,12b96290,3/27/2026 14:39:15,-2,,,,zegallai911@gmail.com,,
1cc082e6,0001,3/27/2026 14:39:25,-8,,,,zegallai911@gmail.com,,
a2ccbc1b,bb6c2490,3/27/2026 14:39:31,-2,,,,zegallai911@gmail.com,,
9cab744d,0021,3/27/2026 14:39:46,-5,,,,zegallai911@gmail.com,,
28334f20,0086,3/27/2026 14:40:16,-8,,,,zegallai911@gmail.com,,
87699c4e,0011,3/27/2026 14:40:27,-16,,,,zegallai911@gmail.com,,
8f4e8cb8,83dd14b5,3/27/2026 14:40:40,-12,,,,zegallai911@gmail.com,,
5e56a282,0029,3/27/2026 14:41:32,-7,,,,zegallai911@gmail.com,,
da5bade7,0002,3/27/2026 14:41:40,-60,,,,zegallai911@gmail.com,,
ea7f2bec,a3f74383,3/27/2026 14:43:16,-4,,,,zegallai911@gmail.com,,
b5924c6d,0054,3/27/2026 14:43:24,-3,,,,zegallai911@gmail.com,,
930aaab7,cb9e809e,3/27/2026 14:45:15,7,,,,zegallai911@gmail.com,,
7b29cbec,cf6c9481,3/27/2026 14:45:41,12,,,,zegallai911@gmail.com,,
939712c3,c099f042,3/28/2026 3:37:57,-14,,,,anasgherfal@gmail.com,,
5fe7998e,bb6c2490,3/28/2026 3:38:23,-14,,,,anasgherfal@gmail.com,,
598db093,12b96290,3/28/2026 3:38:37,-7,,,,anasgherfal@gmail.com,,
a5cb185c,0001,3/28/2026 3:38:53,-14,,,,anasgherfal@gmail.com,,
888528c1,0038,3/28/2026 3:39:18,-6,,,,anasgherfal@gmail.com,,
46544629,0033,3/28/2026 3:39:40,-3,,,,anasgherfal@gmail.com,,
40e2b9ca,0021,3/28/2026 3:39:51,-15,,,,anasgherfal@gmail.com,,
dabb599b,d0a21a3b,3/28/2026 3:40:07,-15,,,,anasgherfal@gmail.com,,
d7d586de,0014,3/28/2026 3:40:19,-5,,,,anasgherfal@gmail.com,,
608f4b07,1b6b5ed6,3/28/2026 3:40:52,-24,,,,anasgherfal@gmail.com,,
59c46a0d,0064,3/28/2026 3:41:14,-2,,,,anasgherfal@gmail.com,,
56a2ca9b,0029,3/28/2026 3:41:28,-10,,,,anasgherfal@gmail.com,,
9cf4c625,0011,3/28/2026 3:41:38,-11,,,,anasgherfal@gmail.com,,
98cde04a,0005,3/28/2026 3:41:53,-4,,,,anasgherfal@gmail.com,,
7f77ff70,0002,3/28/2026 3:42:12,-48,,,,anasgherfal@gmail.com,,
3f625960,0016,3/28/2026 3:42:29,-10,,,,anasgherfal@gmail.com,,
93ef25f7,0044,3/28/2026 3:42:42,-3,,,,anasgherfal@gmail.com,,
ff1e7796,78233e6f,3/28/2026 3:42:56,-4,,,,anasgherfal@gmail.com,,
431614bc,cb9e809e,3/28/2026 3:43:07,-6,,,,anasgherfal@gmail.com,,
64e5b303,c099f042,3/28/2026 11:15:03,-14,,,,zegallai911@gmail.com,,
49480a74,bb6c2490,3/28/2026 11:15:09,-10,,,,zegallai911@gmail.com,,
f99d321b,0001,3/28/2026 11:15:15,-16,,,,zegallai911@gmail.com,,
3481432e,12b96290,3/28/2026 11:15:24,-8,,,,zegallai911@gmail.com,,
7d6dd6c0,0021,3/28/2026 11:15:55,-11,,,,zegallai911@gmail.com,,
5edf3907,0086,3/28/2026 11:16:09,-10,,,,zegallai911@gmail.com,,
896e7bb5,83dd14b5,3/28/2026 11:16:34,-24,,,,zegallai911@gmail.com,,
88f685a2,0049,3/28/2026 11:16:58,-7,,,,zegallai911@gmail.com,,
32629010,cb9e809e,3/28/2026 11:18:33,-1,,,,zegallai911@gmail.com,,
8efecb21,cf6c9481,3/28/2026 11:18:59,-3,,,,zegallai911@gmail.com,,
db869b16,0011,3/28/2026 11:19:32,-12,,,,zegallai911@gmail.com,,
83c0259f,0002,3/28/2026 11:19:59,-60,,,,zegallai911@gmail.com,,
b23ae251,0029,3/28/2026 11:22:06,-7,,,,zegallai911@gmail.com,,
b4875f84,a3f74383,3/28/2026 11:22:20,-3,,,,zegallai911@gmail.com,,
05f51d5d,0054,3/28/2026 11:22:33,-4,,,,zegallai911@gmail.com,,
fe37b159,0005,3/28/2026 11:22:41,-7,,,,zegallai911@gmail.com,,
f92d3e56,c099f042,3/28/2026 11:27:34,-20,,,,zegallai911@gmail.com,,
aab94529,e28d366b,3/28/2026 11:27:46,-7,,,,zegallai911@gmail.com,,
134bd19d,0001,3/28/2026 11:27:53,-15,,,,zegallai911@gmail.com,,
bbdea6ae,0002,3/28/2026 11:28:15,-60,,,,zegallai911@gmail.com,,
b8dc7830,83dd14b5,3/28/2026 11:28:45,-24,,,,zegallai911@gmail.com,,
ebb12d9d,0011,3/28/2026 11:29:02,-16,,,,zegallai911@gmail.com,,
a328bf9c,0049,3/28/2026 11:30:46,-5,,,,zegallai911@gmail.com,,
3bd89d86,8ed00567,3/28/2026 11:30:54,-7,,,,zegallai911@gmail.com,,
7101c0dd,0029,3/28/2026 11:31:54,-10,,,,zegallai911@gmail.com,,
9f505675,0025,3/28/2026 12:22:43,-5,,,,anasgherfal@gmail.com,,
70d32750,0028,3/28/2026 12:22:57,-8,,,,anasgherfal@gmail.com,,
f4b7b207,0005,3/28/2026 11:34:00,-2,,,,zegallai911@gmail.com,,
c0367dae,0002,3/28/2026 15:07:23,6,,,,anasgherfal@gmail.com,,
186069ce,0001,3/28/2026 15:07:48,6,,,,anasgherfal@gmail.com,,
3a70c68d,0011,3/29/2026 2:16:51,48,a48e4ced,,,anasgherfal@gmail.com,,
349965f4,bb6c2490,3/29/2026 2:17:00,36,a48e4ced,,,anasgherfal@gmail.com,,
8c658b4c,c099f042,3/29/2026 2:17:07,80,a48e4ced,,,anasgherfal@gmail.com,,
8b652352,83dd14b5,3/29/2026 2:17:15,240,a48e4ced,,,anasgherfal@gmail.com,,
e4581aef,0001,3/29/2026 2:21:02,75,ffb86cee,,,anasgherfal@gmail.com,,
9fbd4d65,12b96290,3/29/2026 2:21:08,30,ffb86cee,,,anasgherfal@gmail.com,,
4b526148,0af806f8,3/29/2026 2:21:14,45,ffb86cee,,,anasgherfal@gmail.com,,
a3a96f93,0019,3/29/2026 2:21:21,72,ffb86cee,,,anasgherfal@gmail.com,,
c54dfa77,0021,3/29/2026 2:21:26,48,ffb86cee,,,anasgherfal@gmail.com,,
2a242345,0029,3/29/2026 2:21:32,24,ffb86cee,,,anasgherfal@gmail.com,,
b1a09860,0005,3/29/2026 2:21:38,24,ffb86cee,,,anasgherfal@gmail.com,,
90fd4352,0064,3/29/2026 2:21:43,81,ffb86cee,,,anasgherfal@gmail.com,,
586b2775,0032,3/29/2026 2:21:48,81,ffb86cee,,,anasgherfal@gmail.com,,
1ddcd925,1b6b5ed6,3/29/2026 2:21:53,120,ffb86cee,,,anasgherfal@gmail.com,,
e73a3906,0038,3/29/2026 2:21:58,16,ffb86cee,,,anasgherfal@gmail.com,,
ba0df0b1,bb6c2490,3/29/2026 2:22:04,36,ffb86cee,,,anasgherfal@gmail.com,,
e32e2903,cb9e809e,3/29/2026 2:23:33,60,bb81e412,,,anasgherfal@gmail.com,,
9807070c,bb4d1bd1,3/29/2026 2:23:38,48,bb81e412,,,anasgherfal@gmail.com,,
99686ced,02d86a9b,3/29/2026 2:23:42,72,bb81e412,,,anasgherfal@gmail.com,,
d6ddb442,a19879cf,3/29/2026 2:23:47,120,bb81e412,,,anasgherfal@gmail.com,,
58c6f359,0014,3/29/2026 2:24:14,10,4f7d1480,,,anasgherfal@gmail.com,,
311870d3,0086,3/29/2026 2:24:19,30,4f7d1480,,,anasgherfal@gmail.com,,
25e9931b,c099f042,3/29/2026 11:44:40,-4,,,,zegallai911@gmail.com,,
d7ece027,bb6c2490,3/29/2026 11:44:45,-4,,,,zegallai911@gmail.com,,
b23e5222,0af806f8,3/29/2026 11:44:51,-7,,,,zegallai911@gmail.com,,
7ae55ed8,12b96290,3/29/2026 11:44:57,-2,,,,zegallai911@gmail.com,,
b12df269,0001,3/29/2026 11:45:03,-1,,,,zegallai911@gmail.com,,
cc42972e,02d86a9b,3/29/2026 11:51:36,-16,,,,zegallai911@gmail.com,,
2b6bd70e,bb4d1bd1,3/29/2026 11:51:43,-16,,,,zegallai911@gmail.com,,
684cfaa4,a19879cf,3/29/2026 11:51:53,-10,,,,zegallai911@gmail.com,,
4ffcdd35,0027,3/29/2026 11:52:05,-5,,,,zegallai911@gmail.com,,
bce0a6d4,0086,3/29/2026 11:52:15,-10,,,,zegallai911@gmail.com,,
b4750600,0021,3/29/2026 11:54:07,-11,,,,zegallai911@gmail.com,,
3b4f5236,cb9e809e,3/29/2026 11:55:17,-14,,,,zegallai911@gmail.com,,
64feb6e1,0049,3/29/2026 11:56:27,-12,,,,zegallai911@gmail.com,,
9a785d79,0032,3/29/2026 11:59:07,-7,,,,zegallai911@gmail.com,,
37834f2a,0064,3/29/2026 11:59:13,-1,,,,zegallai911@gmail.com,,
3bcb7baf,0029,3/29/2026 12:03:09,-19,,,,zegallai911@gmail.com,,
b640b9c7,57a5617b,3/29/2026 12:03:26,-3,,,,zegallai911@gmail.com,,
6af6b80f,0054,3/29/2026 12:03:35,-6,,,,zegallai911@gmail.com,,
c02d5132,0005,3/29/2026 12:03:45,-7,,,,zegallai911@gmail.com,,
f42666ec,0011,3/29/2026 12:03:55,-10,,,,zegallai911@gmail.com,,
7ceeb6bf,0002,3/29/2026 12:04:06,-60,,,,zegallai911@gmail.com,,
7ce8ec61,8ed00567,3/29/2026 12:05:20,1,,,,zegallai911@gmail.com,,
8d62a863,0065,3/29/2026 12:07:56,4,,,,zegallai911@gmail.com,,
8db8fe46,e9e2a383,3/29/2026 12:08:16,3,,,,zegallai911@gmail.com,,
1c3d37bc,f38e69c5,3/29/2026 12:08:29,1,,,,zegallai911@gmail.com,,
57eb46ea,c099f042,3/30/2026 10:37:06,-3,,,,zegallai911@gmail.com,,
8be073a6,bb6c2490,3/30/2026 10:37:10,-12,,,,zegallai911@gmail.com,,
b316e8cf,0033,3/30/2026 10:37:22,-6,,,,zegallai911@gmail.com,,
e00760c9,0af806f8,3/30/2026 10:37:36,-7,,,,zegallai911@gmail.com,,
26681e2b,12b96290,3/30/2026 10:37:42,-2,,,,zegallai911@gmail.com,,
e152a03a,0001,3/30/2026 10:37:52,-8,,,,zegallai911@gmail.com,,
ffd2d153,0014,3/30/2026 10:39:34,-11,,,,zegallai911@gmail.com,,
5a384d52,0038,3/30/2026 10:39:49,-5,,,,zegallai911@gmail.com,,
e0018bf7,0027,3/30/2026 10:40:38,-10,,,,zegallai911@gmail.com,,
4f6ef2ff,02d86a9b,3/30/2026 10:41:26,-13,,,,zegallai911@gmail.com,,
363f82ae,1b6b5ed6,3/30/2026 10:42:33,-10,,,,zegallai911@gmail.com,,
dc1f821d,0032,3/30/2026 10:43:16,-7,,,,zegallai911@gmail.com,,
8bb0c1c3,0064,3/30/2026 10:44:23,-4,,,,zegallai911@gmail.com,,
69109319,78233e6f,3/30/2026 10:44:39,-4,,,,zegallai911@gmail.com,,
678c6f2d,f38e69c5,3/30/2026 10:45:46,-1,,,,zegallai911@gmail.com,,
3f8026ef,0005,3/30/2026 10:46:04,-7,,,,zegallai911@gmail.com,,
34efa179,0029,3/30/2026 10:47:10,-14,,,,zegallai911@gmail.com,,
d16bb760,a3f74383,3/30/2026 10:48:10,-1,,,,zegallai911@gmail.com,,
db718fea,0054,3/30/2026 10:48:19,-7,,,,zegallai911@gmail.com,,
ddb96127,57a5617b,3/30/2026 10:49:09,-7,,,,zegallai911@gmail.com,,
e581c86f,0011,3/30/2026 10:50:03,-16,,,,zegallai911@gmail.com,,
ea2b7ee7,0f694cb5,3/30/2026 10:52:04,-3,,,,zegallai911@gmail.com,,
42aa6f7a,0002,3/30/2026 10:53:51,-51,,,,zegallai911@gmail.com,,
79bafbd3,cb9e809e,3/30/2026 10:56:50,-7,,,,zegallai911@gmail.com,,
0e208cae,0019,3/31/2026 22:42:06,20,,,,anasgherfal@gmail.com,,
f18d8f5f,9d0be7b3,3/31/2026 22:42:40,3,,,,anasgherfal@gmail.com,,
c019223e,0011,3/31/2026 22:44:05,7,,,,anasgherfal@gmail.com,,
05c52b06,0029,3/31/2026 22:45:35,10,,,,anasgherfal@gmail.com,,
db61995a,0001,3/31/2026 22:47:28,16,,,,anasgherfal@gmail.com,,
8ceb5580,12b96290,3/31/2026 22:49:02,8,,,,anasgherfal@gmail.com,,
0216a7b1,c099f042,3/31/2026 22:50:44,21,,,,anasgherfal@gmail.com,,
2c9c4be0,bb6c2490,3/31/2026 22:51:46,2,,,,anasgherfal@gmail.com,,
76617346,cf6c9481,3/31/2026 22:52:36,12,,,,anasgherfal@gmail.com,,
96cd8ae4,8ed00567,3/31/2026 22:53:03,8,,,,anasgherfal@gmail.com,,
01b4f199,0049,3/31/2026 22:53:22,2,,,,anasgherfal@gmail.com,,
f0658289,0064,3/31/2026 22:53:39,2,,,,anasgherfal@gmail.com,,
a28c988e,0032,3/31/2026 22:53:56,7,,,,anasgherfal@gmail.com,,
7b9c7173,0086,3/31/2026 22:54:48,3,,,,anasgherfal@gmail.com,,
be2be58d,0021,3/31/2026 22:55:08,5,,,,anasgherfal@gmail.com,,
60f42ac2,bb4d1bd1,3/31/2026 22:55:49,2,,,,anasgherfal@gmail.com,,
7b19bc5d,83dd14b5,3/31/2026 22:56:02,3,,,,anasgherfal@gmail.com,,
179f8ee6,c099f042,4/1/2026 11:14:19,-14,,,,zegallai911@gmail.com,,
36a1cb8e,bb6c2490,4/1/2026 11:14:24,-14,,,,zegallai911@gmail.com,,
26d11dc6,0001,4/1/2026 11:14:33,-14,,,,zegallai911@gmail.com,,
3939a121,12b96290,4/1/2026 11:14:38,-7,,,,zegallai911@gmail.com,,
e34f7155,0038,4/1/2026 11:15:36,-3,,,,zegallai911@gmail.com,,
367905a0,0033,4/1/2026 11:16:32,-7,,,,zegallai911@gmail.com,,
764bd3b6,0027,4/1/2026 11:17:16,-10,,,,zegallai911@gmail.com,,
684a2852,0016,4/1/2026 11:17:56,-3,,,,zegallai911@gmail.com,,
5f8b7585,d0a21a3b,4/1/2026 11:18:19,-5,,,,zegallai911@gmail.com,,
be96545d,0021,4/1/2026 11:18:51,-26,,,,zegallai911@gmail.com,,
90011fdc,02d86a9b,4/1/2026 11:20:13,-12,,,,zegallai911@gmail.com,,
3e853ec5,0019,4/1/2026 11:20:23,-12,,,,zegallai911@gmail.com,,
4f49c58e,1b6b5ed6,4/1/2026 11:21:45,-24,,,,zegallai911@gmail.com,,
f4afc6f8,0064,4/1/2026 11:22:04,-5,,,,zegallai911@gmail.com,,
885667f3,cb9e809e,4/1/2026 11:22:30,-7,,,,zegallai911@gmail.com,,
3f04f811,0f694cb5,4/1/2026 11:23:54,-9,,,,zegallai911@gmail.com,,
b52eb515,0029,4/1/2026 11:25:04,-13,,,,zegallai911@gmail.com,,
7dab8796,0054,4/1/2026 11:26:08,-3,,,,zegallai911@gmail.com,,
ac3bd323,0054,4/1/2026 11:26:26,-1,,,,zegallai911@gmail.com,,
491d480b,57a5617b,4/1/2026 11:26:58,-3,,,,zegallai911@gmail.com,,
95483eca,0005,4/1/2026 11:28:00,-2,,,,zegallai911@gmail.com,,
5e7c09d3,0011,4/1/2026 11:28:25,-7,,,,zegallai911@gmail.com,,
eeff385e,0002,4/1/2026 11:29:27,-60,,,,zegallai911@gmail.com,,
2ddfacd2,c099f042,4/1/2026 11:36:50,-3,,,,zegallai911@gmail.com,,
b070e2be,0001,4/1/2026 11:36:59,-11,,,,zegallai911@gmail.com,,
9b0648ff,0af806f8,4/1/2026 11:37:08,-14,,,,zegallai911@gmail.com,,
c36945c8,0019,4/1/2026 11:37:38,-7,,,,zegallai911@gmail.com,,
0e17cc47,0021,4/1/2026 11:38:18,-10,,,,zegallai911@gmail.com,,
e00665b5,bb4d1bd1,4/1/2026 11:38:35,-5,,,,zegallai911@gmail.com,,
cdb6f66a,0086,4/1/2026 11:39:04,-13,,,,zegallai911@gmail.com,,
b41247fb,02d86a9b,4/1/2026 11:39:27,-5,,,,zegallai911@gmail.com,,
68b5b539,0065,4/1/2026 11:39:54,-2,,,,zegallai911@gmail.com,,
d51b3733,cb9e809e,4/1/2026 11:41:44,-5,,,,zegallai911@gmail.com,,
8e97eb5b,0032,4/1/2026 11:42:13,-3,,,,zegallai911@gmail.com,,
9bd5497d,0064,4/1/2026 11:42:20,-1,,,,zegallai911@gmail.com,,
6a0ccbf4,0029,4/1/2026 11:42:59,-8,,,,zegallai911@gmail.com,,
2cd9888e,0011,4/1/2026 11:45:25,-8,,,,zegallai911@gmail.com,,
c689f160,0054,4/1/2026 11:45:36,-2,,,,zegallai911@gmail.com,,
845d318d,a3f74383,4/1/2026 11:45:43,-1,,,,zegallai911@gmail.com,,
7eb58c66,57a5617b,4/1/2026 11:45:50,-1,,,,zegallai911@gmail.com,,
5896b4a9,0002,4/1/2026 11:46:31,-60,,,,zegallai911@gmail.com,,
d583be0f,0001,4/1/2026 11:47:43,-8,,,,zegallai911@gmail.com,,
cd8c3762,12b96290,4/1/2026 11:47:49,-2,,,,zegallai911@gmail.com,,
f46ac8d7,12b96290,4/1/2026 11:50:30,-8,,,,zegallai911@gmail.com,,
98d30f27,0af806f8,4/1/2026 11:50:35,-3,,,,zegallai911@gmail.com,,
9b50dcd0,bb6c2490,4/1/2026 11:50:41,-13,,,,zegallai911@gmail.com,,
540bd501,0019,4/1/2026 11:51:21,-24,,,,zegallai911@gmail.com,,
5b7885f4,a19879cf,4/1/2026 11:51:43,-24,,,,zegallai911@gmail.com,,
a22fcc68,bb4d1bd1,4/1/2026 11:52:29,-16,,,,zegallai911@gmail.com,,
2c70127c,83dd14b5,4/1/2026 11:53:07,-24,,,,zegallai911@gmail.com,,
13b72994,cb9e809e,4/1/2026 11:53:28,-7,,,,zegallai911@gmail.com,,
ed90ac72,0049,4/1/2026 11:53:59,-5,,,,zegallai911@gmail.com,,
be14f16a,0032,4/1/2026 11:54:37,-8,,,,zegallai911@gmail.com,,
7c9c34de,0002,4/1/2026 11:55:32,-48,,,,zegallai911@gmail.com,,
937cac6a,0011,4/1/2026 11:56:23,-10,,,,zegallai911@gmail.com,,
0d7c2d3b,a3f74383,4/1/2026 11:57:39,-1,,,,zegallai911@gmail.com,,
449fb156,0054,4/1/2026 11:57:45,-1,,,,zegallai911@gmail.com,,
c238c4f2,0029,4/1/2026 11:57:52,-2,,,,zegallai911@gmail.com,,
fe222a43,0af806f8,4/2/2026 11:16:43,-7,,,,anasgherfal@gmail.com,,
ea5ba3f7,c099f042,4/2/2026 11:17:01,-28,,,,anasgherfal@gmail.com,,
ceb4a28a,0001,4/2/2026 11:17:36,-9,,,,anasgherfal@gmail.com,,
93ade897,bb6c2490,4/2/2026 11:17:58,-18,,,,anasgherfal@gmail.com,,
1d8c49db,12b96290,4/2/2026 11:18:15,-5,,,,anasgherfal@gmail.com,,
4f6b7040,cf6c9481,4/2/2026 11:18:33,-3,,,,anasgherfal@gmail.com,,
f3113e28,0064,4/2/2026 11:18:45,-3,,,,anasgherfal@gmail.com,,
013e077e,ccaf1c68,4/2/2026 11:21:53,-1,,,,anasgherfal@gmail.com,,
81778420,c099f042,4/2/2026 12:34:53,2,,,,anasgherfal@gmail.com,,
672bdb93,0001,4/2/2026 12:35:03,1,,,,anasgherfal@gmail.com,,
3798c5f4,0011,4/2/2026 14:24:22,72,4dee2d99,,,anasgherfal@gmail.com,,
14105acd,0021,4/2/2026 14:24:32,120,4dee2d99,,,anasgherfal@gmail.com,,
0380deab,bb6c2490,4/2/2026 14:24:46,36,4dee2d99,,,anasgherfal@gmail.com,,
75d89b86,0029,4/2/2026 14:24:57,96,4dee2d99,,,anasgherfal@gmail.com,,
a1919165,0054,4/2/2026 14:25:12,24,4dee2d99,,,anasgherfal@gmail.com,,
61cc9ad3,649eaeb5,4/2/2026 14:25:22,48,4dee2d99,,,anasgherfal@gmail.com,,
cf0e5d9f,0001,4/2/2026 14:25:30,150,4dee2d99,,,anasgherfal@gmail.com,,
e80397df,0019,4/2/2026 14:25:41,48,4dee2d99,,,anasgherfal@gmail.com,,
089ce95c,f998044c,4/2/2026 14:25:52,20,4dee2d99,,,anasgherfal@gmail.com,,
1ae5c2e6,220a28b9,4/2/2026 14:25:59,12,4dee2d99,,,anasgherfal@gmail.com,,
35063adc,cb9e809e,4/2/2026 14:26:12,60,c8a65d6e,,,anasgherfal@gmail.com,,
f91e4c27,0049,4/2/2026 14:26:19,48,c8a65d6e,,,anasgherfal@gmail.com,,
6f85fe88,27c8f623,4/2/2026 14:26:26,72,c8a65d6e,,,anasgherfal@gmail.com,,
cfdc602c,a19879cf,4/2/2026 14:26:33,72,c8a65d6e,,,anasgherfal@gmail.com,,
fd30a3e5,bb4d1bd1,4/2/2026 14:26:42,96,c8a65d6e,,,anasgherfal@gmail.com,,
ceeaed41,0086,4/2/2026 14:27:49,20,9fead2ae,,,anasgherfal@gmail.com,,
3dd3c2f4,c80ae9f2,4/2/2026 14:27:56,12,9fead2ae,,,anasgherfal@gmail.com,,
78d28289,0014,4/2/2026 14:28:03,10,9fead2ae,,,anasgherfal@gmail.com,,
61771930,0018,4/2/2026 14:28:12,7,9fead2ae,,,anasgherfal@gmail.com,,
09025ecc,bb6c2490,4/2/2026 14:28:21,180,9fead2ae,,,anasgherfal@gmail.com,,
51dac029,cf6c9481,4/2/2026 14:28:27,10,9fead2ae,,,anasgherfal@gmail.com,,
88992343,0002,4/2/2026 14:28:40,720,03ab8e87,,,anasgherfal@gmail.com,,
0c519568,bb6c2490,4/3/2026 14:22:13,-8,,,,zegallai911@gmail.com,,
82c81558,c099f042,4/3/2026 14:22:17,-4,,,,zegallai911@gmail.com,,
eccecb41,0001,4/3/2026 14:22:27,-26,,,,zegallai911@gmail.com,,
cdd65410,12b96290,4/3/2026 14:22:44,-8,,,,zegallai911@gmail.com,,
b7ca401a,0af806f8,4/3/2026 14:22:51,-7,,,,zegallai911@gmail.com,,
f6d266d7,0021,4/3/2026 14:23:05,-4,,,,zegallai911@gmail.com,,
88fc39b4,0086,4/3/2026 14:23:12,-5,,,,zegallai911@gmail.com,,
3e2a1105,0065,4/3/2026 14:23:30,-2,,,,zegallai911@gmail.com,,
40133150,cb9e809e,4/3/2026 14:24:00,-4,,,,zegallai911@gmail.com,,
a913ba84,cf6c9481,4/3/2026 14:24:09,-6,,,,zegallai911@gmail.com,,
d33616f0,0049,4/3/2026 14:24:28,-14,,,,zegallai911@gmail.com,,
20eb2016,0064,4/3/2026 14:25:06,-2,,,,zegallai911@gmail.com,,
acff1961,0032,4/3/2026 14:25:12,-2,,,,zegallai911@gmail.com,,
c5fd4f7e,0029,4/3/2026 14:25:43,-14,,,,zegallai911@gmail.com,,
0c16a82d,a3f74383,4/3/2026 14:26:20,-3,,,,zegallai911@gmail.com,,
db26922c,57a5617b,4/3/2026 14:26:35,-2,,,,zegallai911@gmail.com,,
5b2f3afe,0054,4/3/2026 14:26:58,-7,,,,zegallai911@gmail.com,,
396ac9d4,649eaeb5,4/3/2026 14:28:00,-4,,,,zegallai911@gmail.com,,
455640b7,0011,4/3/2026 14:28:30,-12,,,,zegallai911@gmail.com,,
0a20011b,0002,4/3/2026 14:28:40,-60,,,,zegallai911@gmail.com,,
03fb5550,0011,4/3/2026 14:29:11,-12,,,,zegallai911@gmail.com,,
a66f953a,0002,4/3/2026 14:31:19,-60,,,,zegallai911@gmail.com,,
ee16710b,0018,4/3/2026 14:31:26,-7,,,,zegallai911@gmail.com,,
882133a6,0002,4/3/2026 14:35:17,24,,,,zegallai911@gmail.com,,
7cbcc37f,bb6c2490,4/4/2026 12:27:09,-15,,,,zegallai911@gmail.com,,
07eaa702,c099f042,4/4/2026 12:27:14,-12,,,,zegallai911@gmail.com,,
08ecce69,0001,4/4/2026 12:27:25,-35,,,,zegallai911@gmail.com,,
8ac3a062,0019,4/4/2026 12:27:53,-7,,,,zegallai911@gmail.com,,
097df497,bb4d1bd1,4/4/2026 12:29:09,-24,,,,zegallai911@gmail.com,,
c1738a89,a19879cf,4/4/2026 12:29:18,-10,,,,zegallai911@gmail.com,,
699bf9d6,0086,4/4/2026 12:29:42,-25,,,,zegallai911@gmail.com,,
5cecb0b0,0021,4/4/2026 12:30:08,-7,,,,zegallai911@gmail.com,,
8e9f204a,83dd14b5,4/4/2026 12:30:28,-24,,,,zegallai911@gmail.com,,
6358fe7e,0049,4/4/2026 12:30:45,-8,,,,zegallai911@gmail.com,,
43364a5c,cb9e809e,4/4/2026 12:31:09,-8,,,,zegallai911@gmail.com,,
2c1ee38f,cf6c9481,4/4/2026 12:31:59,-5,,,,zegallai911@gmail.com,,
08f7da4c,cb9e809e,4/4/2026 12:32:33,-8,,,,zegallai911@gmail.com,,
53d14847,0032,4/4/2026 12:33:40,-3,,,,zegallai911@gmail.com,,
09b3a8f3,0002,4/4/2026 12:34:04,-60,,,,zegallai911@gmail.com,,
a58354c3,0011,4/4/2026 12:34:33,-1,,,,zegallai911@gmail.com,,
c00d64fc,a3f74383,4/4/2026 12:34:56,-3,,,,zegallai911@gmail.com,,
274519a9,0054,4/4/2026 12:35:45,-2,,,,zegallai911@gmail.com,,
3fe0e3d9,0029,4/4/2026 12:36:09,-7,,,,zegallai911@gmail.com,,
59c9a1d3,649eaeb5,4/4/2026 12:37:17,-6,,,,zegallai911@gmail.com,,
33aaf9b5,bb6c2490,4/4/2026 12:43:06,-14,,,,zegallai911@gmail.com,,
a472c517,c099f042,4/4/2026 12:43:11,-13,,,,zegallai911@gmail.com,,
ea1e1dfb,0001,4/4/2026 12:43:29,-13,,,,zegallai911@gmail.com,,
016233ea,0033,4/4/2026 13:28:32,-3,,,,zegallai911@gmail.com,,
1ac14775,0019,4/4/2026 13:28:42,-4,,,,zegallai911@gmail.com,,
1b8f71ef,0014,4/4/2026 13:29:09,-10,,,,zegallai911@gmail.com,,
57499b51,0038,4/4/2026 13:29:58,-4,,,,zegallai911@gmail.com,,
569e140a,0021,4/4/2026 13:30:50,-18,,,,zegallai911@gmail.com,,
0e1e1725,bb4d1bd1,4/4/2026 13:32:37,-24,,,,zegallai911@gmail.com,,
afbb1d29,a19879cf,4/4/2026 13:32:46,-24,,,,zegallai911@gmail.com,,
e9476035,1b6b5ed6,4/4/2026 13:32:59,-21,,,,zegallai911@gmail.com,,
4e52042a,0064,4/4/2026 13:33:33,-7,,,,zegallai911@gmail.com,,
a9b5d866,0032,4/4/2026 13:33:39,-6,,,,zegallai911@gmail.com,,
d4b0294b,78233e6f,4/4/2026 13:34:43,-2,,,,zegallai911@gmail.com,,
3ff347e2,cb9e809e,4/4/2026 13:35:14,-5,,,,zegallai911@gmail.com,,
4e5fbcc7,0029,4/4/2026 13:36:49,-21,,,,zegallai911@gmail.com,,
0406b854,a3f74383,4/4/2026 13:37:03,-7,,,,zegallai911@gmail.com,,
dfa8f65c,0054,4/4/2026 13:39:58,-7,,,,zegallai911@gmail.com,,
a0711727,57a5617b,4/4/2026 13:40:06,-7,,,,zegallai911@gmail.com,,
4f6b54aa,0f694cb5,4/4/2026 13:40:17,-6,,,,zegallai911@gmail.com,,
5b8b1dca,0036,4/4/2026 13:40:30,-4,,,,zegallai911@gmail.com,,
ec118c61,0011,4/4/2026 13:41:49,-13,,,,zegallai911@gmail.com,,
a8a16442,649eaeb5,4/4/2026 13:43:49,-7,,,,zegallai911@gmail.com,,
722e3bbc,0002,4/4/2026 13:43:58,-24,,,,zegallai911@gmail.com,,
5557a7e0,bb6c2490,4/4/2026 17:13:59,-7,,,,anasgherfal@gmail.com,,
a4126fc9,0032,4/4/2026 17:14:20,-3,,,,anasgherfal@gmail.com,,
34252477,0011,4/4/2026 17:14:28,-4,,,,anasgherfal@gmail.com,,
3c599d39,0002,4/4/2026 17:14:37,-12,,,,anasgherfal@gmail.com,,
9e09e066,0018,4/4/2026 22:48:28,5,a1578cc1,,,anasgherfal@gmail.com,,
35de78ee,0024,4/4/2026 22:50:38,10,a1578cc1,,,anasgherfal@gmail.com,,
4a74fd30,0f694cb5,4/4/2026 22:51:51,48,fc1fe687,,,anasgherfal@gmail.com,,
f700b254,0014,4/4/2026 22:52:11,30,3c818630,,,anasgherfal@gmail.com,,
25f00c6e,0af806f8,4/4/2026 22:54:10,90,2f593f55,,,anasgherfal@gmail.com,,
1dd60780,0001,4/4/2026 22:54:34,60,2f593f55,,,anasgherfal@gmail.com,,
00c7ac03,0027,4/4/2026 22:55:53,50,2529f781,,,anasgherfal@gmail.com,,
63624acd,bb6c2490,4/4/2026 22:56:06,-23,,,,anasgherfal@gmail.com,,
da52451e,c099f042,4/4/2026 22:56:54,-18,,,,anasgherfal@gmail.com,,
7cecbcc9,c80ae9f2,4/4/2026 22:57:05,-12,,,,anasgherfal@gmail.com,,
2fd6bad9,0001,4/4/2026 22:57:26,-15,,,,anasgherfal@gmail.com,,
9f33ac5f,0af806f8,4/4/2026 22:57:38,-15,,,,anasgherfal@gmail.com,,
facb8a68,a19879cf,4/4/2026 22:57:56,-14,,,,anasgherfal@gmail.com,,
76252a9e,0024,4/4/2026 22:58:25,-10,,,,anasgherfal@gmail.com,,
88cfb5c8,0049,4/4/2026 22:58:53,-11,,,,anasgherfal@gmail.com,,
45e79ae7,cb9e809e,4/4/2026 22:59:29,-4,,,,anasgherfal@gmail.com,,
777576ac,0029,4/4/2026 22:59:38,-4,,,,anasgherfal@gmail.com,,
b7bd8ca8,649eaeb5,4/4/2026 22:59:54,-5,,,,anasgherfal@gmail.com,,
76f77cca,0002,4/4/2026 23:01:01,-12,,,,anasgherfal@gmail.com,,
17e244b4,0002,4/4/2026 23:01:14,-60,,,,anasgherfal@gmail.com,,
24a3a7ae,0038,4/4/2026 23:01:34,-4,,,,anasgherfal@gmail.com,,
5a74f358,0018,4/4/2026 23:01:48,-5,,,,anasgherfal@gmail.com,,
f646b44b,0019,4/4/2026 23:02:20,-12,,,,anasgherfal@gmail.com,,
122bce63,bb4d1bd1,4/4/2026 23:02:40,-12,,,,anasgherfal@gmail.com,,
2a4480be,27c8f623,4/4/2026 23:03:05,-10,,,,anasgherfal@gmail.com,,
b0f26aa2,02d86a9b,4/4/2026 23:03:20,-6,,,,anasgherfal@gmail.com,,
300cb345,0014,4/4/2026 23:03:32,-10,,,,anasgherfal@gmail.com,,
00f3e9b5,0032,4/4/2026 23:04:26,-12,,,,anasgherfal@gmail.com,,
203bf7a8,0064,4/4/2026 23:04:42,-12,,,,anasgherfal@gmail.com,,
2fcd66ea,cf6c9481,4/4/2026 23:04:56,-6,,,,anasgherfal@gmail.com,,
dbc7c5a9,cb9e809e,4/4/2026 23:05:08,-12,,,,anasgherfal@gmail.com,,
aeb3646d,0029,4/4/2026 23:05:32,-6,,,,anasgherfal@gmail.com,,
c49c5961,0054,4/4/2026 23:05:40,-6,,,,anasgherfal@gmail.com,,
71e0949d,a3f74383,4/4/2026 23:05:50,-6,,,,anasgherfal@gmail.com,,
340dce88,649eaeb5,4/4/2026 23:06:02,-6,,,,anasgherfal@gmail.com,,
834f953b,0011,4/4/2026 23:06:13,-20,,,,anasgherfal@gmail.com,,
8f4645b2,0021,4/4/2026 23:08:03,-12,,,,anasgherfal@gmail.com,,
5c6feb51,0063,4/4/2026 23:09:39,20,9fead2ae,,,anasgherfal@gmail.com,,
a5f45173,0063,4/4/2026 23:10:09,-13,,,,anasgherfal@gmail.com,,
4df6b933,0001,4/5/2026 14:15:29,-20,,,,zegallai911@gmail.com,,
ef29a9f3,0af806f8,4/5/2026 14:15:34,-15,,,,zegallai911@gmail.com,,
aec4b6cd,c099f042,4/5/2026 14:15:39,-14,,,,zegallai911@gmail.com,,
66041963,bb6c2490,4/5/2026 14:15:45,-7,,,,zegallai911@gmail.com,,
14adf90f,a19879cf,4/5/2026 14:17:58,-24,,,,zegallai911@gmail.com,,
ca1a5760,27c8f623,4/5/2026 14:18:07,-6,,,,zegallai911@gmail.com,,
4ae93711,02d86a9b,4/5/2026 14:18:17,-6,,,,zegallai911@gmail.com,,
b08dc162,cb9e809e,4/5/2026 14:19:52,-14,,,,zegallai911@gmail.com,,
583f9be2,0049,4/5/2026 14:20:49,-8,,,,zegallai911@gmail.com,,
cff3bc13,0029,4/5/2026 14:21:37,-11,,,,zegallai911@gmail.com,,
d7e85abb,0054,4/5/2026 14:22:26,-7,,,,zegallai911@gmail.com,,
9d3bd6b4,649eaeb5,4/5/2026 14:22:37,-3,,,,zegallai911@gmail.com,,
05fbc0ee,a3f74383,4/5/2026 14:23:29,-1,,,,zegallai911@gmail.com,,
3e21d412,57a5617b,4/5/2026 14:23:38,-1,,,,zegallai911@gmail.com,,
2bcd1ca2,0002,4/5/2026 14:24:26,-60,,,,zegallai911@gmail.com,,
2dec145d,83dd14b5,4/5/2026 14:26:51,-6,,,,zegallai911@gmail.com,,
9b1886f0,0086,4/5/2026 14:27:23,-10,,,,zegallai911@gmail.com,,
b1b68c83,0011,4/5/2026 14:27:49,2,,,,zegallai911@gmail.com,,
bbe7b463,0064,4/5/2026 14:28:13,3,,,,zegallai911@gmail.com,,
6ff565f7,649eaeb5,4/5/2026 14:28:20,1,,,,zegallai911@gmail.com,,
3324e3fd,0054,4/5/2026 14:28:36,2,,,,zegallai911@gmail.com,,
350a26f9,bb4d1bd1,4/5/2026 14:28:50,1,,,,zegallai911@gmail.com,,
1b04a6ad,bb6c2490,4/6/2026 17:39:56,-10,,,,anasgherfal@gmail.com,,
eb780776,0027,4/6/2026 17:40:58,-10,,,,anasgherfal@gmail.com,,
67035adb,c099f042,4/6/2026 17:41:09,-2,,,,anasgherfal@gmail.com,,
541edf83,0001,4/6/2026 17:41:19,-3,,,,anasgherfal@gmail.com,,
f33f4e4b,0af806f8,4/6/2026 17:41:28,-7,,,,anasgherfal@gmail.com,,
4ba7c0ac,0021,4/6/2026 17:41:40,-5,,,,anasgherfal@gmail.com,,
823da304,cf6c9481,4/6/2026 17:41:58,-5,,,,anasgherfal@gmail.com,,
25d021c3,1b6b5ed6,4/6/2026 17:42:09,-6,,,,anasgherfal@gmail.com,,
1df78856,0027,4/6/2026 17:42:40,-11,,,,anasgherfal@gmail.com,,
c83d485e,f998044c,4/6/2026 19:15:24,-13,,,,anasgherfal@gmail.com,,
f8af55d9,bb6c2490,4/7/2026 1:55:08,-21,,,,anasgherfal@gmail.com,,
0b47813b,0af806f8,4/7/2026 1:55:22,-5,,,,anasgherfal@gmail.com,,
436db4ed,c099f042,4/7/2026 1:55:29,-3,,,,anasgherfal@gmail.com,,
7588c1ba,0033,4/7/2026 1:55:38,-5,,,,anasgherfal@gmail.com,,
e92936e1,ed187a9e,4/7/2026 1:55:58,-14,,,,anasgherfal@gmail.com,,
601ae669,a19879cf,4/7/2026 1:56:18,-5,,,,anasgherfal@gmail.com,,
6831b891,0064,4/7/2026 1:56:27,-6,,,,anasgherfal@gmail.com,,
e1245e04,0032,4/7/2026 1:56:40,-4,,,,anasgherfal@gmail.com,,
47bfe812,1b6b5ed6,4/7/2026 1:56:51,-5,,,,anasgherfal@gmail.com,,
1231a42f,0011,4/7/2026 1:57:02,-3,,,,anasgherfal@gmail.com,,
0f8490c4,0002,4/7/2026 1:57:13,-12,,,,anasgherfal@gmail.com,,
d5fd7bf2,ed187a9e,4/7/2026 1:58:03,24,cabe7632,,,anasgherfal@gmail.com,,
31e898fa,0033,4/7/2026 2:06:19,24,cabe7632,,,anasgherfal@gmail.com,,
f52c8805,0086,4/7/2026 9:39:23,40,a1578cc1,,,anasgherfal@gmail.com,,
a215e37d,220a28b9,4/7/2026 9:39:39,-12,,,,anasgherfal@gmail.com,,
2bad1eb0,0001,4/7/2026 9:39:56,-14,,,,anasgherfal@gmail.com,,
b29be453,0af806f8,4/7/2026 9:40:06,-6,,,,anasgherfal@gmail.com,,
7f7227c7,c099f042,4/7/2026 9:40:16,-14,,,,anasgherfal@gmail.com,,
d3b307f2,bb6c2490,4/7/2026 9:40:35,-14,,,,anasgherfal@gmail.com,,
afce513f,0033,4/7/2026 9:41:04,-2,,,,anasgherfal@gmail.com,,
ebd3af05,0063,4/7/2026 9:41:17,-7,,,,anasgherfal@gmail.com,,
2ddcc53b,0027,4/7/2026 9:41:28,-5,,,,anasgherfal@gmail.com,,
bd3f5109,0014,4/7/2026 9:41:39,-7,,,,anasgherfal@gmail.com,,
39eca676,0019,4/7/2026 9:41:50,-6,,,,anasgherfal@gmail.com,,
458dc502,a19879cf,4/7/2026 9:42:03,-14,,,,anasgherfal@gmail.com,,
24fa01d6,0086,4/7/2026 9:42:12,-10,,,,anasgherfal@gmail.com,,
88cfeda1,1b6b5ed6,4/7/2026 9:42:27,-16,,,,anasgherfal@gmail.com,,
b5e38bf1,0f694cb5,4/7/2026 9:42:42,-8,,,,anasgherfal@gmail.com,,
d466f510,cb9e809e,4/7/2026 9:42:54,-6,,,,anasgherfal@gmail.com,,
4c10d780,0064,4/7/2026 9:43:07,-3,,,,anasgherfal@gmail.com,,
f6481b40,0032,4/7/2026 9:43:18,-7,,,,anasgherfal@gmail.com,,
22c17347,0029,4/7/2026 9:43:29,-13,,,,anasgherfal@gmail.com,,
2c81bcc2,0011,4/7/2026 9:43:43,-9,,,,anasgherfal@gmail.com,,
169f7682,0002,4/7/2026 9:43:57,-48,,,,anasgherfal@gmail.com,,
ca1d6828,52149040,4/7/2026 18:18:58,50,c2901ad0,,,anasgherfal@gmail.com,,
d256a5ff,0086,4/7/2026 23:02:18,40,9f636573,,,anasgherfal@gmail.com,,
9ec5e7b2,c80ae9f2,4/7/2026 23:02:25,12,9f636573,,,anasgherfal@gmail.com,,
85bbe0cc,0038,4/7/2026 23:02:31,16,9f636573,,,anasgherfal@gmail.com,,
107236ee,c099f042,4/8/2026 9:26:11,-23,,,,anasgherfal@gmail.com,,
2bc66d12,0001,4/8/2026 9:26:25,-14,,,,anasgherfal@gmail.com,,
45b9238d,0af806f8,4/8/2026 9:26:31,-6,,,,anasgherfal@gmail.com,,
e69147b8,0032,4/8/2026 9:27:27,-22,,,,anasgherfal@gmail.com,,
3a50b80c,9d0be7b3,4/8/2026 9:27:38,-13,,,,anasgherfal@gmail.com,,
5ece5c9b,bb6c2490,4/8/2026 9:28:26,-17,,,,anasgherfal@gmail.com,,
7ca5fa94,0038,4/8/2026 9:28:43,-6,,,,anasgherfal@gmail.com,,
3a11f10f,0021,4/8/2026 9:29:09,-10,,,,anasgherfal@gmail.com,,
504216be,f998044c,4/8/2026 9:29:21,-3,,,,anasgherfal@gmail.com,,
21e449c4,cb9e809e,4/8/2026 9:29:33,-19,,,,anasgherfal@gmail.com,,
9cdba85d,0002,4/8/2026 9:30:04,-48,,,,anasgherfal@gmail.com,,
6843ff59,0011,4/8/2026 9:30:47,-6,,,,anasgherfal@gmail.com,,
586d055d,ed187a9e,4/8/2026 9:30:58,-10,,,,anasgherfal@gmail.com,,
3b6ba4bb,cf6c9481,4/8/2026 9:31:10,-6,,,,anasgherfal@gmail.com,,
f616459d,bb6c2490,4/8/2026 9:31:42,-7,,,,anasgherfal@gmail.com,,
0921a3dc,cf6c9481,4/8/2026 9:32:02,-5,,,,anasgherfal@gmail.com,,
4346cab3,12b96290,4/8/2026 9:32:15,-5,,,,anasgherfal@gmail.com,,
153b9630,c80ae9f2,4/8/2026 9:33:04,-12,,,,anasgherfal@gmail.com,,
6e0a80f4,bb6c2490,4/8/2026 13:09:09,-4,,,,zegallai911@gmail.com,,
734ba9d9,0001,4/8/2026 13:09:20,-12,,,,zegallai911@gmail.com,,
0fd3ded9,0af806f8,4/8/2026 13:09:37,-15,,,,zegallai911@gmail.com,,
79a3e0b4,0af806f8,4/8/2026 13:09:47,-7,,,,zegallai911@gmail.com,,
7a5de039,0af806f8,4/8/2026 13:09:55,-5,,,,zegallai911@gmail.com,,
2533ac18,0019,4/8/2026 13:12:04,-10,,,,zegallai911@gmail.com,,
8c1da97f,27c8f623,4/8/2026 13:12:57,-3,,,,zegallai911@gmail.com,,
268d9aa7,a19879cf,4/8/2026 13:13:08,-2,,,,zegallai911@gmail.com,,
cb38a06e,83dd14b5,4/8/2026 13:13:29,-12,,,,zegallai911@gmail.com,,
a865d6df,0049,4/8/2026 13:14:32,-7,,,,zegallai911@gmail.com,,
bc626b44,0029,4/8/2026 13:15:01,-15,,,,zegallai911@gmail.com,,
93f7f7f1,0011,4/8/2026 13:15:54,-13,,,,zegallai911@gmail.com,,
29Dec0324,649eaeb5,4/8/2026 13:17:06,-2,,,,zegallai911@gmail.com,,
aabd98ab,0002,4/8/2026 13:17:38,-60,,,,zegallai911@gmail.com,,
2500541b,0021,4/8/2026 13:20:17,-6,,,,zegallai911@gmail.com,,
80a8a4ac,8ed00567,4/8/2026 13:21:20,-7,,,,zegallai911@gmail.com,,
14a29ba3,cb9e809e,4/8/2026 15:47:53,24,683bf08a,,,zegallai911@gmail.com,,
69dab94f,cb9e809e,4/8/2026 15:48:01,-12,,,,zegallai911@gmail.com,,
af652b63,3945efc9,4/8/2026 18:50:35,-4,,,,anasgherfal@gmail.com,,
e7b2a996,ed187a9e,4/8/2026 19:33:27,6,,,,anasgherfal@gmail.com,,
9243be49,0064,4/8/2026 19:33:40,15,,,,anasgherfal@gmail.com,,
ad8c8562,0032,4/8/2026 19:34:04,-13,,,,anasgherfal@gmail.com,,
8a7d0255,1b6b5ed6,4/8/2026 19:34:44,-29,,,,anasgherfal@gmail.com,,
18a50e33,0086,4/8/2026 19:36:21,-40,,,,anasgherfal@gmail.com,,
bff0291f,0049,4/9/2026 12:14:10,24,c1e1d389,,,anasgherfal@gmail.com,,
e17ed48e,cb9e809e,4/9/2026 15:55:48,60,c1e1d389,,,anasgherfal@gmail.com,,
a12c89eb,0064,4/9/2026 15:55:52,27,c1e1d389,,,anasgherfal@gmail.com,,
5bdc625c,0032,4/9/2026 15:55:57,54,c1e1d389,,,anasgherfal@gmail.com,,
3463d99c,0001,4/9/2026 16:10:24,-20,,,,zegallai911@gmail.com,,
6fc77fba,0af806f8,4/9/2026 16:10:35,-3,,,,zegallai911@gmail.com,,
7b8a6ee1,bb6c2490,4/9/2026 16:10:52,-21,,,,zegallai911@gmail.com,,
cfe3f81e,0019,4/9/2026 16:12:50,-6,,,,zegallai911@gmail.com,,
2bd9a004,27c8f623,4/9/2026 16:14:29,-9,,,,zegallai911@gmail.com,,
d9431ce0,a19879cf,4/9/2026 16:14:38,-20,,,,zegallai911@gmail.com,,
0a928e58,0086,4/9/2026 16:14:52,-16,,,,zegallai911@gmail.com,,
0345453c,83dd14b5,4/9/2026 16:15:45,-19,,,,zegallai911@gmail.com,,
7df67415,cb9e809e,4/9/2026 16:16:50,-12,,,,zegallai911@gmail.com,,
ae35185f,0049,4/9/2026 16:17:02,-8,,,,zegallai911@gmail.com,,
a8726fd8,cf6c9481,4/9/2026 16:17:38,-4,,,,zegallai911@gmail.com,,
82a72e78,0032,4/9/2026 16:17:59,-9,,,,zegallai911@gmail.com,,
a27ce0e7,0002,4/9/2026 16:18:44,-51,,,,zegallai911@gmail.com,,
d7a97d46,0002,4/9/2026 16:19:20,-1,,,,zegallai911@gmail.com,,
e1a74b6d,0011,4/9/2026 16:19:38,-13,,,,zegallai911@gmail.com,,
a35d8155,0054,4/9/2026 16:20:22,-4,,,,zegallai911@gmail.com,,
8286f4fc,0029,4/9/2026 16:21:00,-6,,,,zegallai911@gmail.com,,
053b4baa,649eaeb5,4/9/2026 16:21:29,-4,,,,zegallai911@gmail.com,,
c5095f79,bb6c2490,4/9/2026 16:34:58,-20,,,,anasgherfal@gmail.com,,
b661bb0b,0af806f8,4/9/2026 16:35:19,-5,,,,anasgherfal@gmail.com,,
902938fc,0001,4/9/2026 16:35:30,-12,,,,anasgherfal@gmail.com,,
5f4fe1ac,0038,4/9/2026 16:35:44,-2,,,,anasgherfal@gmail.com,,
fa8cce20,0033,4/9/2026 16:35:55,-6,,,,anasgherfal@gmail.com,,
9f96bb21,cb9e809e,4/9/2026 16:36:14,-10,,,,anasgherfal@gmail.com,,
245e5e90,cf6c9481,4/9/2026 16:36:35,-1,,,,anasgherfal@gmail.com,,
fdfbf110,0049,4/9/2026 16:37:54,-3,,,,anasgherfal@gmail.com,,
c37ce83a,0029,4/9/2026 16:38:03,-3,,,,anasgherfal@gmail.com,,
8d4a791c,649eaeb5,4/9/2026 16:38:15,-4,,,,anasgherfal@gmail.com,,
5c909d90,0005,4/9/2026 16:38:24,-8,,,,anasgherfal@gmail.com,,
5482ce87,0032,4/9/2026 16:38:35,-9,,,,anasgherfal@gmail.com,,
5ea24016,1b6b5ed6,4/9/2026 16:38:46,-11,,,,anasgherfal@gmail.com,,
1ddaf202,a3f74383,4/9/2026 16:38:59,-3,,,,anasgherfal@gmail.com,,
ae34de07,0064,4/9/2026 16:39:18,-3,,,,anasgherfal@gmail.com,,
a027665b,bb6c2490,4/9/2026 16:39:28,-12,,,,anasgherfal@gmail.com,,
221bbb46,bb6c2490,4/9/2026 16:39:49,-12,,,,anasgherfal@gmail.com,,
fabece3f,0033,4/9/2026 16:40:01,-6,,,,anasgherfal@gmail.com,,
2b805c9a,0001,4/9/2026 16:40:13,-3,,,,anasgherfal@gmail.com,,
8de850d1,0032,4/9/2026 16:40:27,-4,,,,anasgherfal@gmail.com,,
c655d147,cf6c9481,4/9/2026 16:40:43,-6,,,,anasgherfal@gmail.com,,
685416cf,0011,4/9/2026 16:40:57,-3,,,,anasgherfal@gmail.com,,
11dab5a6,0002,4/9/2026 16:41:10,-36,,,,anasgherfal@gmail.com,,
7263777e,0016,4/9/2026 17:52:08,-2,,,,anasgherfal@gmail.com,,
64c0b671,f2959682,4/9/2026 17:52:27,-153,,,,anasgherfal@gmail.com,,
a6783b22,cc35c9db,4/9/2026 17:54:13,-2,,,,anasgherfal@gmail.com,,
f7d21729,02d86a9b,4/9/2026 19:17:14,-14,,,,anasgherfal@gmail.com,,
34c518e1,bb4d1bd1,4/9/2026 19:17:21,-50,,,,anasgherfal@gmail.com,,
6f4753a5,a19879cf,4/9/2026 20:06:24,-37,,,,anasgherfal@gmail.com,,
abf63fb2,bb4d1bd1,4/9/2026 20:07:01,2,,,,anasgherfal@gmail.com,,
afe16928,cf6c9481,4/9/2026 20:23:48,20,557cdc68,,,anasgherfal@gmail.com,,
70f0940b,bb4d1bd1,4/9/2026 20:24:03,48,557cdc68,,,anasgherfal@gmail.com,,
892bdb1a,0024,4/9/2026 20:24:09,10,557cdc68,,,anasgherfal@gmail.com,,
07178b3b,0011,4/9/2026 20:57:35,24,d97919fb,,,anasgherfal@gmail.com,,
22959558,02d86a9b,4/9/2026 20:57:39,24,d97919fb,,,anasgherfal@gmail.com,,
d76f64ef,0032,4/9/2026 20:57:44,54,d97919fb,,,anasgherfal@gmail.com,,
eb696268,1b6b5ed6,4/9/2026 20:57:48,120,d97919fb,,,anasgherfal@gmail.com,,
30dd0674,70bdbe11,4/9/2026 20:57:52,24,d97919fb,,,anasgherfal@gmail.com,,
747b2516,0029,4/9/2026 20:57:57,48,d97919fb,,,anasgherfal@gmail.com,,
c6b9a1b0,406a1fee,4/9/2026 20:58:03,48,d97919fb,,,anasgherfal@gmail.com,,
e7db26c3,0001,4/10/2026 0:19:41,-28,,,,zegallai911@gmail.com,,
91484ad2,0033,4/10/2026 0:20:24,-7,,,,zegallai911@gmail.com,,
5225cad4,0070,4/10/2026 0:21:47,-7,,,,zegallai911@gmail.com,,
4b7c72fe,0070,4/10/2026 0:22:20,2,,,,zegallai911@gmail.com,,
9710ac53,0038,4/10/2026 0:22:38,-6,,,,zegallai911@gmail.com,,
a7d71ab5,0014,4/10/2026 0:24:31,-10,,,,zegallai911@gmail.com,,
5fa9094f,bb4d1bd1,4/10/2026 0:26:54,-10,,,,zegallai911@gmail.com,,
175177c1,0027,4/10/2026 0:27:28,-15,,,,zegallai911@gmail.com,,
c36481af,0021,4/10/2026 0:28:53,-22,,,,zegallai911@gmail.com,,
c827d12c,a19879cf,4/10/2026 0:29:38,-8,,,,zegallai911@gmail.com,,
3f4224f3,02d86a9b,4/10/2026 0:30:26,-24,,,,zegallai911@gmail.com,,
e0d20a55,1b6b5ed6,4/10/2026 0:30:50,-21,,,,zegallai911@gmail.com,,
d05406fb,0064,4/10/2026 0:31:30,-4,,,,zegallai911@gmail.com,,
e3584473,0032,4/10/2026 0:31:56,-1,,,,zegallai911@gmail.com,,
505050cc,cb9e809e,4/10/2026 0:32:12,-14,,,,zegallai911@gmail.com,,
fd306559,70bdbe11,4/10/2026 0:34:46,-7,,,,zegallai911@gmail.com,,
eab92288,649eaeb5,4/10/2026 0:35:05,-2,,,,zegallai911@gmail.com,,
359a5fc1,0029,4/10/2026 0:36:23,-21,,,,zegallai911@gmail.com,,
e05719f5,a3f74383,4/10/2026 0:37:08,-7,,,,zegallai911@gmail.com,,
c68c66b3,0054,4/10/2026 0:37:30,-7,,,,zegallai911@gmail.com,,
974a0f07,406a1fee,4/10/2026 0:37:41,-6,,,,zegallai911@gmail.com,,
67430551,0f694cb5,4/10/2026 0:40:30,-4,,,,zegallai911@gmail.com,,
fa622f0e,0011,4/10/2026 0:41:01,-16,,,,zegallai911@gmail.com,,
c123b8e3,0002,4/10/2026 0:42:39,-60,,,,zegallai911@gmail.com,,
65da4827,0001,4/10/2026 14:11:02,-48,,,,zegallai911@gmail.com,,
128e31c5,0af806f8,4/10/2026 14:11:51,-15,,,,zegallai911@gmail.com,,
c9ae30c0,27c8f623,4/10/2026 14:14:20,-24,,,,zegallai911@gmail.com,,
e0984836,bb4d1bd1,4/10/2026 14:14:28,-24,,,,zegallai911@gmail.com,,
89afedc7,0021,4/10/2026 14:14:51,-5,,,,zegallai911@gmail.com,,
a649c35d,83dd14b5,4/10/2026 14:15:14,-12,,,,zegallai911@gmail.com,,
ce290f78,cb9e809e,4/10/2026 14:16:33,-12,,,,zegallai911@gmail.com,,
7370711e,0049,4/10/2026 14:17:39,-13,,,,zegallai911@gmail.com,,
4bba7eea,0064,4/10/2026 14:18:40,-6,,,,zegallai911@gmail.com,,
3a211676,0032,4/10/2026 14:18:50,-4,,,,zegallai911@gmail.com,,
4b943b65,0029,4/10/2026 14:19:38,-14,,,,zegallai911@gmail.com,,
a32bd564,a3f74383,4/10/2026 14:19:54,-5,,,,zegallai911@gmail.com,,
f45b4f52,406a1fee,4/10/2026 14:20:35,-3,,,,zegallai911@gmail.com,,
f0e5343b,0054,4/10/2026 14:21:11,-7,,,,zegallai911@gmail.com,,
651a49e5,649eaeb5,4/10/2026 14:22:20,-3,,,,zegallai911@gmail.com,,
dbcc379b,0011,4/10/2026 14:23:05,-14,,,,zegallai911@gmail.com,,
acbeade9,0002,4/10/2026 14:24:17,-60,,,,zegallai911@gmail.com,,
96d7d586,bb6c2490,4/11/2026 17:57:55,-17,,,,anasgherfal@gmail.com,,
21f8b20d,0033,4/11/2026 18:01:38,24,e4b28613,,,anasgherfal@gmail.com,,
0fcb6eb3,0af806f8,4/11/2026 18:01:47,60,e4b28613,,,anasgherfal@gmail.com,,
13c36d50,0001,4/11/2026 18:01:53,90,e4b28613,,,anasgherfal@gmail.com,,
2c174e9b,0086,4/11/2026 18:14:06,-4,,,,anasgherfal@gmail.com,,
61a0a26c,e28d366b,4/11/2026 18:14:43,-5,,,,anasgherfal@gmail.com,,
7a53ef1f,0001,4/11/2026 18:14:52,-30,,,,anasgherfal@gmail.com,,
19bf0ed2,0af806f8,4/11/2026 18:15:10,-30,,,,anasgherfal@gmail.com,,
01d543d3,bb4d1bd1,4/11/2026 18:15:36,-10,,,,anasgherfal@gmail.com,,
32fb295f,0014,4/11/2026 18:15:47,-7,,,,anasgherfal@gmail.com,,
e4213893,70bdbe11,4/11/2026 18:16:10,-4,,,,anasgherfal@gmail.com,,
1d105116,cf6c9481,4/11/2026 18:16:20,-3,,,,anasgherfal@gmail.com,,
7acee2f1,0032,4/11/2026 18:16:31,-11,,,,anasgherfal@gmail.com,,
fe2536f1,83dd14b5,4/11/2026 18:16:52,-11,,,,anasgherfal@gmail.com,,
98267135,0002,4/11/2026 18:17:05,-37,,,,anasgherfal@gmail.com,,
d2b8d187,0033,4/11/2026 18:17:18,-6,,,,anasgherfal@gmail.com,,
9c959d2a,0024,4/11/2026 18:17:33,-10,,,,anasgherfal@gmail.com,,
88797feb,0027,4/11/2026 18:17:43,-5,,,,anasgherfal@gmail.com,,
94b39195,cb9e809e,4/11/2026 18:18:02,-8,,,,anasgherfal@gmail.com,,
54241d2f,cf6c9481,4/11/2026 18:18:10,-3,,,,anasgherfal@gmail.com,,
b8bba1fe,0011,4/11/2026 18:18:20,-10,,,,anasgherfal@gmail.com,,
ff95e5e0,ed187a9e,4/11/2026 18:18:32,-6,,,,anasgherfal@gmail.com,,
ae4496ce,0001,4/11/2026 19:11:44,15,,,,anasgherfal@gmail.com,,
d8ce324a,0001,4/11/2026 19:24:27,9,,,,anasgherfal@gmail.com,,
a1d3a147,eda833ca,4/11/2026 19:57:19,108,49752fc8,,,anasgherfal@gmail.com,,
2b10d935,f30d8158,4/11/2026 19:57:25,30,49752fc8,,,anasgherfal@gmail.com,,
3d357621,0014,4/11/2026 20:01:13,30,80a016cc,,,anasgherfal@gmail.com,,
bb70d13c,a19879cf,4/11/2026 20:01:26,48,80a016cc,,,anasgherfal@gmail.com,,
23c4dc49,02d86a9b,4/11/2026 20:01:32,24,80a016cc,,,anasgherfal@gmail.com,,
a60c6c04,bb4d1bd1,4/11/2026 20:01:36,24,80a016cc,,,anasgherfal@gmail.com,,
0d5aeec8,0038,4/11/2026 20:01:42,18,80a016cc,,,anasgherfal@gmail.com,,
ba6431f0,0032,4/11/2026 20:01:47,54,80a016cc,,,anasgherfal@gmail.com,,
d233828e,0064,4/11/2026 20:01:53,54,80a016cc,,,anasgherfal@gmail.com,,
afde14c4,220a28b9,4/11/2026 20:01:58,12,80a016cc,,,anasgherfal@gmail.com,,
0357d895,0011,4/11/2026 20:02:03,48,80a016cc,,,anasgherfal@gmail.com,,
ee8a61ee,ed187a9e,4/11/2026 20:02:09,0,80a016cc,,,anasgherfal@gmail.com,,
eded2a53,70bdbe11,4/11/2026 20:02:14,24,80a016cc,,,anasgherfal@gmail.com,,
d62f9c62,c099f042,4/11/2026 20:03:04,80,fbd37e83,,,anasgherfal@gmail.com,,
f75b383b,0021,4/11/2026 20:03:08,48,fbd37e83,,,anasgherfal@gmail.com,,
04a3abac,b3204174,4/11/2026 20:03:14,48,fbd37e83,,,anasgherfal@gmail.com,,
0d5a82d1,0049,4/11/2026 20:03:47,48,56c2e6a0,,,anasgherfal@gmail.com,,
8487bdd9,cb9e809e,4/11/2026 20:03:53,60,56c2e6a0,,,anasgherfal@gmail.com,,
8a132589,eda833ca,4/12/2026 2:10:50,-41,,,,anasgherfal@gmail.com,,
c9022355,c099f042,4/12/2026 2:12:05,-25,,,,anasgherfal@gmail.com,,
0a3587fc,0001,4/12/2026 2:12:40,-20,,,,anasgherfal@gmail.com,,
3a76d87b,0014,4/12/2026 2:12:56,-9,,,,anasgherfal@gmail.com,,
5bd85235,02d86a9b,4/12/2026 2:13:22,-7,,,,anasgherfal@gmail.com,,
c743fd76,a19879cf,4/12/2026 2:13:42,-7,,,,anasgherfal@gmail.com,,
ab03d3ec,0021,4/12/2026 2:13:53,-5,,,,anasgherfal@gmail.com,,
bd7b72cd,0049,4/12/2026 2:14:04,-6,,,,anasgherfal@gmail.com,,
6b3d63ad,cb9e809e,4/12/2026 2:14:22,-4,,,,anasgherfal@gmail.com,,
10a188a2,0029,4/12/2026 2:14:31,-7,,,,anasgherfal@gmail.com,,
6b06d267,406a1fee,4/12/2026 2:14:39,-7,,,,anasgherfal@gmail.com,,
cb9cff71,70bdbe11,4/12/2026 2:14:49,-7,,,,anasgherfal@gmail.com,,
5e3e0f13,0f694cb5,4/12/2026 2:14:58,-4,,,,anasgherfal@gmail.com,,
6c6942bb,83dd14b5,4/12/2026 2:15:07,-10,,,,anasgherfal@gmail.com,,
2597be08,0011,4/12/2026 2:15:16,-8,,,,anasgherfal@gmail.com,,
bf446451,0032,4/12/2026 2:15:26,-6,,,,anasgherfal@gmail.com,,
aed03a51,0064,4/12/2026 2:15:39,-8,,,,anasgherfal@gmail.com,,
0099c07d,0002,4/12/2026 2:15:49,-36,,,,anasgherfal@gmail.com,,
1a8d6075,0002,4/12/2026 2:16:35,120,8efceb90,,,anasgherfal@gmail.com,,
32852628,02d86a9b,4/12/2026 13:17:49,-17,,,,zegallai911@gmail.com,,
b8e7c4b7,a19879cf,4/12/2026 13:18:24,-15,,,,zegallai911@gmail.com,,
4cf7b888,a19879cf,4/12/2026 13:18:51,-2,,,,zegallai911@gmail.com,,
23de2421,0038,4/12/2026 13:18:59,-6,,,,anasgherfal@gmail.com,,
fe6081ee,0001,4/12/2026 13:19:00,-30,,,,zegallai911@gmail.com,,
12c59b5b,c099f042,4/12/2026 13:19:04,-14,,,,zegallai911@gmail.com,,
a2911315,f30d8158,4/12/2026 13:19:10,-7,,,,anasgherfal@gmail.com,,
6f173821,0033,4/12/2026 13:19:19,-6,,,,anasgherfal@gmail.com,,
3a0cdf31,0019,4/12/2026 13:19:36,-5,,,,anasgherfal@gmail.com,,
1f024716,eda833ca,4/12/2026 13:19:40,-4,,,,zegallai911@gmail.com,,
7d36ab05,0021,4/12/2026 13:19:57,-12,,,,anasgherfal@gmail.com,,
ab8927a9,83dd14b5,4/12/2026 13:20:08,-12,,,,zegallai911@gmail.com,,
9ef35540,cb9e809e,4/12/2026 13:20:08,-6,,,,anasgherfal@gmail.com,,
d895533e,0032,4/12/2026 13:20:31,-7,,,,anasgherfal@gmail.com,,
3a5c16b2,0029,4/12/2026 13:20:43,-6,,,,anasgherfal@gmail.com,,
4bba92ee,406a1fee,4/12/2026 13:20:51,-7,,,,anasgherfal@gmail.com,,
2acac43a,0011,4/12/2026 13:21:03,-7,,,,anasgherfal@gmail.com,,
a7a6c292,0082,4/12/2026 13:21:16,-21,,,,anasgherfal@gmail.com,,
cee9dc77,cb9e809e,4/12/2026 13:21:16,-5,,,,zegallai911@gmail.com,,
b36196a8,0002,4/12/2026 13:21:25,-60,,,,anasgherfal@gmail.com,,
0c5e279c,0049,4/12/2026 13:21:45,-8,,,,zegallai911@gmail.com,,
76c7d538,0064,4/12/2026 13:22:31,-1,,,,zegallai911@gmail.com,,
ae48eb73,0032,4/12/2026 13:22:30,-16,,,,anasgherfal@gmail.com,,
f11c4c8e,0032,4/12/2026 13:22:43,-5,,,,zegallai911@gmail.com,,
605a38a8,0064,4/12/2026 13:22:42,-14,,,,anasgherfal@gmail.com,,
04d8027b,0029,4/12/2026 13:23:14,-9,,,,zegallai911@gmail.com,,
96db0078,a3f74383,4/12/2026 13:23:28,-2,,,,zegallai911@gmail.com,,
271ade23,406a1fee,4/12/2026 13:24:09,-2,,,,zegallai911@gmail.com,,
6c97d3a1,0054,4/12/2026 13:24:17,-8,,,,zegallai911@gmail.com,,
9521abea,0011,4/12/2026 13:25:27,-10,,,,zegallai911@gmail.com,,
98470125,0002,4/12/2026 13:27:09,-24,,,,zegallai911@gmail.com,,
f93353da,0001,4/12/2026 13:34:40,-34,,,,zegallai911@gmail.com,,
a0b5c945,c099f042,4/12/2026 13:35:02,-14,,,,zegallai911@gmail.com,,
35a969b7,bb4d1bd1,4/12/2026 13:35:11,-7,,,,zegallai911@gmail.com,,
b9ec9a22,27c8f623,4/12/2026 13:35:18,-7,,,,zegallai911@gmail.com,,
400a8ccd,a19879cf,4/12/2026 13:35:28,-7,,,,zegallai911@gmail.com,,
c613e630,0021,4/12/2026 13:35:55,-9,,,,zegallai911@gmail.com,,
d5bb2e2b,83dd14b5,4/12/2026 13:36:41,-24,,,,zegallai911@gmail.com,,
912e0f84,cb9e809e,4/12/2026 13:36:54,-14,,,,zegallai911@gmail.com,,
adf95a01,0049,4/12/2026 13:37:37,-6,,,,zegallai911@gmail.com,,
3a73d059,0032,4/12/2026 13:38:24,-3,,,,zegallai911@gmail.com,,
c811b765,0011,4/12/2026 13:38:48,-5,,,,zegallai911@gmail.com,,
f20bfe0b,0054,4/12/2026 13:39:19,-3,,,,zegallai911@gmail.com,,
42777bc0,406a1fee,4/12/2026 13:39:28,-3,,,,zegallai911@gmail.com,,
e7a28075,a3f74383,4/12/2026 13:39:55,-5,,,,zegallai911@gmail.com,,
f23e4cd0,0029,4/12/2026 13:40:36,-2,,,,zegallai911@gmail.com,,
5fe68b20,70bdbe11,4/12/2026 13:41:29,-1,,,,zegallai911@gmail.com,,
f6909d32,70bdbe11,4/12/2026 13:41:34,-1,,,,zegallai911@gmail.com,,
b6424b0d,ed187a9e,4/12/2026 18:29:54,24,,,,anasgherfal@gmail.com,,
81b95fd8,0001,4/12/2026 21:16:37,6,,,,anasgherfal@gmail.com,,
744730b5,0af806f8,4/12/2026 21:16:45,-16,,,,anasgherfal@gmail.com,,
f9107fad,c099f042,4/13/2026 20:27:18,-27,,,,anasgherfal@gmail.com,,
c43512a1,0001,4/13/2026 20:28:39,5,,,,anasgherfal@gmail.com,,
27f513b4,12b96290,4/13/2026 20:28:56,5,,,,anasgherfal@gmail.com,,
bf3c83e2,0014,4/13/2026 20:29:44,-12,,,,anasgherfal@gmail.com,,
bfe80959,220a28b9,4/13/2026 20:29:58,-12,,,,anasgherfal@gmail.com,,
7d71b1a9,0032,4/13/2026 20:30:53,-17,,,,anasgherfal@gmail.com,,
7dbcc9a5,0064,4/13/2026 20:31:24,-50,,,,anasgherfal@gmail.com,,
63543be6,cb9e809e,4/13/2026 20:31:41,-6,,,,anasgherfal@gmail.com,,
bf1c554e,0033,4/13/2026 20:32:23,-15,,,,anasgherfal@gmail.com,,
0c6754cc,0011,4/13/2026 20:32:55,-37,,,,anasgherfal@gmail.com,,
a53bda4b,ed187a9e,4/13/2026 20:33:13,-12,,,,anasgherfal@gmail.com,,
3efa6ad7,70bdbe11,4/13/2026 20:33:34,-12,,,,anasgherfal@gmail.com,,
e06bef05,70bdbe11,4/13/2026 20:33:43,3,,,,anasgherfal@gmail.com,,
4dec39d5,0029,4/13/2026 20:34:01,-3,,,,anasgherfal@gmail.com,,
5d7c66d8,83dd14b5,4/13/2026 20:35:01,-75,,,,anasgherfal@gmail.com,,
dacd6c0c,83dd14b5,4/13/2026 20:35:20,16,,,,anasgherfal@gmail.com,,
2895ed81,0001,4/15/2026 0:15:34,-18,,,,zegallai911@gmail.com,,
07efaf5f,12b96290,4/15/2026 0:15:47,-8,,,,zegallai911@gmail.com,,
c284cda9,c099f042,4/15/2026 0:15:56,-7,,,,zegallai911@gmail.com,,
001a3366,bb6c2490,4/15/2026 0:17:13,-14,,,,zegallai911@gmail.com,,
651ec853,0038,4/15/2026 0:18:03,-6,,,,zegallai911@gmail.com,,
407d8877,0033,4/15/2026 0:18:21,-3,,,,zegallai911@gmail.com,,
9081bbac,bb4d1bd1,4/15/2026 0:20:28,-15,,,,zegallai911@gmail.com,,
1a0d3aae,02d86a9b,4/15/2026 0:20:41,-24,,,,zegallai911@gmail.com,,
d480b5c8,1b6b5ed6,4/15/2026 0:21:11,-12,,,,zegallai911@gmail.com,,
9a576427,0064,4/15/2026 0:22:19,-5,,,,zegallai911@gmail.com,,
3d392c79,0032,4/15/2026 0:22:38,-5,,,,zegallai911@gmail.com,,
befe95ec,cb9e809e,4/15/2026 0:23:02,-7,,,,zegallai911@gmail.com,,
a96f99fe,0029,4/15/2026 0:25:24,-21,,,,zegallai911@gmail.com,,
02e9eeee,a3f74383,4/15/2026 0:25:35,-6,,,,zegallai911@gmail.com,,
e3990c78,406a1fee,4/15/2026 0:26:27,-3,,,,zegallai911@gmail.com,,
cbb4c55c,0029,4/15/2026 0:28:10,-6,,,,zegallai911@gmail.com,,
b44099e3,0f694cb5,4/15/2026 0:29:08,-5,,,,zegallai911@gmail.com,,
c7d022c4,0011,4/15/2026 0:29:59,-16,,,,zegallai911@gmail.com,,
040c0eab,0002,4/15/2026 0:31:03,-60,,,,zegallai911@gmail.com,,
af19280b,0014,4/15/2026 0:39:33,30,042b4059,,,anasgherfal@gmail.com,,
f0dfda6d,0011,4/15/2026 0:39:36,48,042b4059,,,anasgherfal@gmail.com,,
ef6c033d,bb6c2490,4/15/2026 0:39:40,144,042b4059,,,anasgherfal@gmail.com,,
806f3914,0001,4/15/2026 0:39:44,30,042b4059,,,anasgherfal@gmail.com,,
6d69be52,12b96290,4/15/2026 0:39:48,30,042b4059,,,anasgherfal@gmail.com,,
66af2cb6,a19879cf,4/15/2026 0:39:51,48,042b4059,,,anasgherfal@gmail.com,,
119068c3,02d86a9b,4/15/2026 0:39:55,24,042b4059,,,anasgherfal@gmail.com,,
d90f41ad,bb4d1bd1,4/15/2026 0:39:59,24,042b4059,,,anasgherfal@gmail.com,,
8937f288,0029,4/15/2026 0:40:02,48,042b4059,,,anasgherfal@gmail.com,,
302c41ca,c099f042,4/15/2026 0:40:38,120,60491f07,,,anasgherfal@gmail.com,,
8dd95e6f,0002,4/15/2026 0:41:35,240,05b7d2e6,,,anasgherfal@gmail.com,,
961db9bb,0027,4/15/2026 12:56:26,-4,,,,anasgherfal@gmail.com,,
4dcaad1c,0014,4/15/2026 12:56:40,-9,,,,anasgherfal@gmail.com,,
6d4dc929,bb6c2490,4/15/2026 16:06:06,-37,,,,anasgherfal@gmail.com,,
8709659f,c099f042,4/15/2026 16:06:17,-15,,,,anasgherfal@gmail.com,,
fe102dca,0001,4/15/2026 16:06:39,-17,,,,anasgherfal@gmail.com,,
8c48440e,12b96290,4/15/2026 16:07:31,-2,,,,anasgherfal@gmail.com,,
c7defdf4,a19879cf,4/15/2026 16:08:04,-15,,,,anasgherfal@gmail.com,,
16bda186,0021,4/15/2026 16:08:25,-8,,,,anasgherfal@gmail.com,,
f974a08a,bb4d1bd1,4/15/2026 16:08:41,-8,,,,anasgherfal@gmail.com,,
ed9b8e0f,cb9e809e,4/15/2026 16:09:00,-5,,,,anasgherfal@gmail.com,,
61648428,cf6c9481,4/15/2026 16:09:28,-6,,,,anasgherfal@gmail.com,,
5b2494d9,70bdbe11,4/15/2026 16:09:52,-9,,,,anasgherfal@gmail.com,,
a498bb8f,0029,4/15/2026 16:10:11,-13,,,,anasgherfal@gmail.com,,
bd858a7f,0032,4/15/2026 16:10:35,-17,,,,anasgherfal@gmail.com,,
1a5e6b6b,0064,4/15/2026 16:10:55,-10,,,,anasgherfal@gmail.com,,
a1152e2f,0011,4/15/2026 16:11:11,-4,,,,anasgherfal@gmail.com,,
b626f79b,83dd14b5,4/15/2026 16:11:44,-7,,,,anasgherfal@gmail.com,,
462c3795,c099f042,4/15/2026 22:39:06,-4,,,,zegallai911@gmail.com,,
80e206e5,12b96290,4/15/2026 22:39:12,-7,,,,zegallai911@gmail.com,,
18cb07a0,0001,4/15/2026 22:39:18,-7,,,,zegallai911@gmail.com,,
464700af,eda833ca,4/15/2026 22:39:26,-19,,,,zegallai911@gmail.com,,
9c4d2280,0019,4/15/2026 22:40:35,-20,,,,zegallai911@gmail.com,,
c3d815fb,02d86a9b,4/15/2026 22:40:58,-24,,,,zegallai911@gmail.com,,
f0b1289d,bb4d1bd1,4/15/2026 22:41:25,0,,,,zegallai911@gmail.com,,
5522ca5b,bb4d1bd1,4/15/2026 22:41:54,-24,,,,zegallai911@gmail.com,,
e930dfb7,a19879cf,4/15/2026 22:43:05,-7,,,,zegallai911@gmail.com,,
803ca507,0014,4/15/2026 22:43:27,-16,,,,zegallai911@gmail.com,,
32843686,0021,4/15/2026 22:43:48,-27,,,,zegallai911@gmail.com,,
301e0a30,1b6b5ed6,4/15/2026 22:45:13,-24,,,,zegallai911@gmail.com,,
b5d6ec6a,0032,4/15/2026 22:45:31,-4,,,,zegallai911@gmail.com,,
5a48d163,0064,4/15/2026 22:46:06,-5,,,,zegallai911@gmail.com,,
1129bf32,0f694cb5,4/15/2026 22:47:10,-12,,,,zegallai911@gmail.com,,
23911792,cb9e809e,4/15/2026 22:47:26,-4,,,,zegallai911@gmail.com,,
58f48fe1,cf6c9481,4/15/2026 22:48:25,30,7f904a80,,,anasgherfal@gmail.com,,
b585d2fa,ed187a9e,4/15/2026 22:48:50,-10,,,,zegallai911@gmail.com,,
57238063,cf6c9481,4/15/2026 22:52:28,-12,,,,zegallai911@gmail.com,,
6550b08d,0029,4/15/2026 22:52:41,-19,,,,zegallai911@gmail.com,,
1e9a023e,406a1fee,4/15/2026 22:53:26,-4,,,,zegallai911@gmail.com,,
b113601c,649eaeb5,4/15/2026 22:54:16,-1,,,,zegallai911@gmail.com,,
1f149b61,a3f74383,4/15/2026 22:54:44,-3,,,,zegallai911@gmail.com,,
a8ddc50a,57a5617b,4/15/2026 22:55:41,-4,,,,zegallai911@gmail.com,,
8153e9da,0011,4/15/2026 22:56:41,-21,,,,zegallai911@gmail.com,,
9d054e86,0002,4/15/2026 22:58:41,-12,,,,zegallai911@gmail.com,,
9c51c43f,bb6c2490,4/15/2026 23:10:44,-33,,,,anasgherfal@gmail.com,,
a9df71b0,c099f042,4/15/2026 23:13:50,-9,,,,anasgherfal@gmail.com,,
3c86ba49,c099f042,4/15/2026 23:14:14,-21,,,,anasgherfal@gmail.com,,
8f0e7765,0001,4/15/2026 23:14:24,-32,,,,anasgherfal@gmail.com,,
0de08821,02d86a9b,4/15/2026 23:15:02,-24,,,,anasgherfal@gmail.com,,
fff5482b,bb4d1bd1,4/15/2026 23:15:15,-15,,,,anasgherfal@gmail.com,,
53dcdcfe,0014,4/15/2026 23:15:38,-30,,,,anasgherfal@gmail.com,,
33bb79b7,cb9e809e,4/15/2026 23:15:52,-14,,,,anasgherfal@gmail.com,,
af84f471,cf6c9481,4/15/2026 23:16:46,-18,,,,anasgherfal@gmail.com,,
de4f089d,0032,4/15/2026 23:17:02,-13,,,,anasgherfal@gmail.com,,
40667fb8,0064,4/15/2026 23:17:14,-16,,,,anasgherfal@gmail.com,,
20888760,0001,4/16/2026 1:22:50,60,b0a218ab,,,anasgherfal@gmail.com,,
45976595,12b96290,4/16/2026 1:22:55,30,b0a218ab,,,anasgherfal@gmail.com,,
bce51b1c,0014,4/16/2026 1:23:03,15,b0a218ab,,,anasgherfal@gmail.com,,
c4d8e385,02d86a9b,4/16/2026 1:23:07,72,b0a218ab,,,anasgherfal@gmail.com,,
59765dd9,bb4d1bd1,4/16/2026 1:23:13,72,b0a218ab,,,anasgherfal@gmail.com,,
38cc74b0,0011,4/16/2026 1:23:17,48,b0a218ab,,,anasgherfal@gmail.com,,
cc2fbd44,0029,4/16/2026 1:23:22,0,b0a218ab,,,anasgherfal@gmail.com,,
c9220b8f,0002,4/16/2026 2:54:37,-168,,,,anasgherfal@gmail.com,,
82196811,561399a6,4/16/2026 2:54:57,-21,,,,anasgherfal@gmail.com,,
a1ee756b,70bdbe11,4/16/2026 2:55:52,-10,,,,anasgherfal@gmail.com,,
5867454e,f998044c,4/16/2026 2:56:31,-4,,,,anasgherfal@gmail.com,,
a5fc9825,c099f042,4/16/2026 18:08:02,-12,,,,zegallai911@gmail.com,,
70234aac,eda833ca,4/16/2026 18:08:18,-17,,,,zegallai911@gmail.com,,
23a500db,bb6c2490,4/16/2026 18:08:37,-7,,,,zegallai911@gmail.com,,
2c08c8a9,12b96290,4/16/2026 18:08:46,-15,,,,zegallai911@gmail.com,,
9502b73e,0001,4/16/2026 18:08:51,-3,,,,zegallai911@gmail.com,,
be7d37f1,0019,4/16/2026 18:09:37,-11,,,,zegallai911@gmail.com,,
6c5d17d1,bb4d1bd1,4/16/2026 18:09:55,-5,,,,zegallai911@gmail.com,,
0fa6dd1e,a19879cf,4/16/2026 18:10:18,-13,,,,zegallai911@gmail.com,,
22c35175,0021,4/16/2026 18:10:46,-6,,,,zegallai911@gmail.com,,
9e4ec846,bb4d1bd1,4/16/2026 18:11:32,-2,,,,zegallai911@gmail.com,,
9133d969,27c8f623,4/16/2026 18:11:45,-12,,,,zegallai911@gmail.com,,
345baf24,e9e2a383,4/16/2026 18:12:46,-5,,,,zegallai911@gmail.com,,
3c267b50,83dd14b5,4/16/2026 18:13:05,-6,,,,zegallai911@gmail.com,,
6a7bbd29,cb9e809e,4/16/2026 18:13:41,-3,,,,zegallai911@gmail.com,,
7568fa1b,cf6c9481,4/16/2026 18:15:18,-2,,,,zegallai911@gmail.com,,
dea5de91,0049,4/16/2026 18:15:32,-11,,,,zegallai911@gmail.com,,
2b6cf369,0064,4/16/2026 18:16:03,-1,,,,zegallai911@gmail.com,,
fba04fc4,0032,4/16/2026 18:16:15,-1,,,,zegallai911@gmail.com,,
de22425b,0029,4/16/2026 18:16:38,-16,,,,zegallai911@gmail.com,,
a48efbd3,a3f74383,4/16/2026 18:17:59,-1,,,,zegallai911@gmail.com,,
bf4bdb81,0053,4/16/2026 18:18:07,-5,,,,zegallai911@gmail.com,,
bbb0c0c4,0011,4/16/2026 18:18:20,-16,,,,zegallai911@gmail.com,,
a35ab778,c099f042,4/17/2026 16:51:36,-9,,,,zegallai911@gmail.com,,
4a0e83d4,bb6c2490,4/17/2026 16:51:49,-5,,,,zegallai911@gmail.com,,
0d5b18be,12b96290,4/17/2026 16:52:20,-13,,,,zegallai911@gmail.com,,
4c2900c7,0001,4/17/2026 16:52:36,-20,,,,zegallai911@gmail.com,,
863c00d2,a19879cf,4/17/2026 16:55:56,-24,,,,zegallai911@gmail.com,,
40f90f45,02d86a9b,4/17/2026 16:56:05,-24,,,,zegallai911@gmail.com,,
f7c982ef,83dd14b5,4/17/2026 16:56:16,-24,,,,zegallai911@gmail.com,,
34bd5d0e,0049,4/17/2026 16:56:39,-6,,,,zegallai911@gmail.com,,
84b69f12,0032,4/17/2026 16:57:15,-6,,,,zegallai911@gmail.com,,
fc51c179,0029,4/17/2026 16:57:44,-5,,,,zegallai911@gmail.com,,
9f27f3b4,cf6c9481,4/17/2026 18:02:56,-7,,,,anasgherfal@gmail.com,,
e39ec6de,0038,4/17/2026 18:07:56,-13,,,,anasgherfal@gmail.com,,
17456a66,0021,4/17/2026 18:10:22,-20,,,,anasgherfal@gmail.com,,
bf36dbb1,0019,4/17/2026 18:18:08,4,,,,zegallai911@gmail.com,,
3a4fc62b,bb6c2490,4/18/2026 13:14:36,-30,,,,anasgherfal@gmail.com,,
e95ba772,c099f042,4/18/2026 16:25:58,-19,,,,anasgherfal@gmail.com,,
d39a4832,12b96290,4/18/2026 16:26:17,-20,,,,anasgherfal@gmail.com,,
6c4901db,0001,4/18/2026 16:26:22,-30,,,,anasgherfal@gmail.com,,
d3771497,f30d8158,4/18/2026 16:26:38,-6,,,,anasgherfal@gmail.com,,
d98e373d,0033,4/18/2026 16:26:56,5,,,,anasgherfal@gmail.com,,
fa574f8e,a19879cf,4/18/2026 16:27:28,-6,,,,anasgherfal@gmail.com,,
a41ccc21,bb4d1bd1,4/18/2026 16:27:40,-8,,,,anasgherfal@gmail.com,,
83bb9bba,0014,4/18/2026 16:27:55,1,,,,anasgherfal@gmail.com,,
22b05fa2,0024,4/18/2026 16:28:03,-10,,,,anasgherfal@gmail.com,,
af683070,0032,4/18/2026 16:28:22,-6,,,,anasgherfal@gmail.com,,
5ec9bda2,0064,4/18/2026 16:28:39,-11,,,,anasgherfal@gmail.com,,
83e1dbae,0011,4/18/2026 16:28:49,-5,,,,anasgherfal@gmail.com,,
f5bf1316,0001,4/18/2026 16:30:43,30,3f2a94d8,,,anasgherfal@gmail.com,,
9d5d595e,0049,4/18/2026 16:30:47,24,3f2a94d8,,,anasgherfal@gmail.com,,
c774449c,0064,4/18/2026 16:30:51,54,3f2a94d8,,,anasgherfal@gmail.com,,
d0e12f3a,0032,4/18/2026 16:30:55,54,3f2a94d8,,,anasgherfal@gmail.com,,
7eacacfb,0024,4/18/2026 16:30:59,10,3f2a94d8,,,anasgherfal@gmail.com,,
11ad5a4a,0001,4/18/2026 16:31:18,2,,,,anasgherfal@gmail.com,,
bc0cc702,0029,4/18/2026 17:35:16,72,,,,anasgherfal@gmail.com,,
2eded986,a19879cf,4/18/2026 19:14:28,29,,,,anasgherfal@gmail.com,,
2d65e155,02d86a9b,4/18/2026 19:15:30,14,,,,anasgherfal@gmail.com,,
d5c211b4,0001,4/18/2026 19:22:29,330,e78fc3c9,,,anasgherfal@gmail.com,,
6729976d,12b96290,4/18/2026 19:22:33,105,e78fc3c9,,,anasgherfal@gmail.com,,
a1678e6d,0027,4/18/2026 19:27:12,25,ead44bd8,,,anasgherfal@gmail.com,,
4429cb9f,0029,4/18/2026 19:27:15,24,ead44bd8,,,anasgherfal@gmail.com,,
5a6956be,70bdbe11,4/18/2026 19:27:19,48,ead44bd8,,,anasgherfal@gmail.com,,
e4a41b8a,0014,4/18/2026 19:27:23,30,ead44bd8,,,anasgherfal@gmail.com,,
64a2acbe,bb6c2490,4/18/2026 19:27:27,54,ead44bd8,,,anasgherfal@gmail.com,,
335ae1df,a19879cf,4/18/2026 19:27:31,72,ead44bd8,,,anasgherfal@gmail.com,,
dde5efd9,bb4d1bd1,4/18/2026 19:27:36,72,ead44bd8,,,anasgherfal@gmail.com,,
d8d76d75,02d86a9b,4/18/2026 19:27:40,96,ead44bd8,,,anasgherfal@gmail.com,,
758c7e66,cf6c9481,4/18/2026 19:28:03,30,691f5194,,,anasgherfal@gmail.com,,
7444d325,bb6c2490,4/19/2026 13:10:49,-23,,,,anasgherfal@gmail.com,,
78034a12,a19879cf,4/19/2026 13:11:06,-31,,,,anasgherfal@gmail.com,,
a78a1587,0001,4/19/2026 13:11:24,-18,,,,anasgherfal@gmail.com,,
964d5bc3,0027,4/19/2026 13:11:38,-20,,,,anasgherfal@gmail.com,,
f83527d7,83dd14b5,4/19/2026 13:11:50,-28,,,,anasgherfal@gmail.com,,
f2a23619,12b96290,4/19/2026 13:12:04,-28,,,,anasgherfal@gmail.com,,
c07d5648,0014,4/19/2026 13:12:14,-6,,,,anasgherfal@gmail.com,,
6c8ae733,0049,4/19/2026 13:12:28,-11,,,,anasgherfal@gmail.com,,
e3c01564,70bdbe11,4/19/2026 13:12:38,-11,,,,anasgherfal@gmail.com,,
644b542c,cf6c9481,4/19/2026 13:12:48,-9,,,,anasgherfal@gmail.com,,
1bafa5e5,0029,4/19/2026 13:12:58,-9,,,,anasgherfal@gmail.com,,
98b7ab36,c099f042,4/19/2026 13:13:07,-7,,,,anasgherfal@gmail.com,,
a4d34664,0064,4/19/2026 13:13:22,-11,,,,anasgherfal@gmail.com,,
d091004d,0032,4/19/2026 13:13:34,-7,,,,anasgherfal@gmail.com,,
9e33b3da,0002,4/19/2026 13:13:52,-60,,,,anasgherfal@gmail.com,,
27fc91df,0011,4/19/2026 13:14:28,-9,,,,anasgherfal@gmail.com,,
99afb8e8,02d86a9b,4/19/2026 13:14:41,-16,,,,anasgherfal@gmail.com,,
9ffc1fc4,bb4d1bd1,4/19/2026 13:14:52,-10,,,,anasgherfal@gmail.com,,
6b513ee2,ed187a9e,4/19/2026 13:15:04,-2,,,,anasgherfal@gmail.com,,
9dd37edf,bb4d1bd1,4/19/2026 16:19:58,-16,,,,zegallai911@gmail.com,,
16765249,a19879cf,4/19/2026 16:20:07,-13,,,,zegallai911@gmail.com,,
ba5a4e50,02d86a9b,4/19/2026 16:20:54,-24,,,,zegallai911@gmail.com,,
06047d4a,12b96290,4/19/2026 16:21:29,-15,,,,zegallai911@gmail.com,,
6c4543e2,0001,4/19/2026 16:21:40,-18,,,,zegallai911@gmail.com,,
2ecb4d88,bb6c2490,4/19/2026 16:21:54,-14,,,,zegallai911@gmail.com,,
a08f9dd2,eda833ca,4/19/2026 16:22:02,-7,,,,zegallai911@gmail.com,,
c1bf985f,c099f042,4/19/2026 16:22:06,-14,,,,zegallai911@gmail.com,,
c59952d0,83dd14b5,4/19/2026 16:22:28,-6,,,,zegallai911@gmail.com,,
8442ba81,cb9e809e,4/19/2026 16:23:45,-6,,,,zegallai911@gmail.com,,
fe0ff6a8,0049,4/19/2026 16:23:53,-13,,,,zegallai911@gmail.com,,
60fc38f5,0064,4/19/2026 16:24:48,-4,,,,zegallai911@gmail.com,,
c5083f85,0029,4/19/2026 16:25:11,-13,,,,zegallai911@gmail.com,,
db7f46a5,406a1fee,4/19/2026 16:25:47,-7,,,,zegallai911@gmail.com,,
d596424c,70bdbe11,4/19/2026 16:26:41,-4,,,,zegallai911@gmail.com,,
05a61d24,0011,4/19/2026 16:27:18,-24,,,,zegallai911@gmail.com,,
bac32e2d,c099f042,4/19/2026 16:30:34,-6,,,,zegallai911@gmail.com,,
3a9d5a27,0001,4/19/2026 16:30:46,-15,,,,zegallai911@gmail.com,,
fe99d839,12b96290,4/19/2026 16:30:52,-15,,,,zegallai911@gmail.com,,
cef885e2,eda833ca,4/19/2026 16:31:03,-7,,,,zegallai911@gmail.com,,
0c6178b9,bb6c2490,4/19/2026 16:31:08,-7,,,,zegallai911@gmail.com,,
ff5b2ce2,a19879cf,4/19/2026 16:32:06,-9,,,,zegallai911@gmail.com,,
fbba11ee,83dd14b5,4/19/2026 16:32:14,-24,,,,zegallai911@gmail.com,,
a86cbbec,cf6c9481,4/19/2026 16:32:33,-15,,,,zegallai911@gmail.com,,
f6897938,0011,4/19/2026 16:33:47,-10,,,,zegallai911@gmail.com,,
ce326530,0029,4/19/2026 16:34:33,-9,,,,zegallai911@gmail.com,,
1559db4f,0053,4/19/2026 16:35:36,-4,,,,zegallai911@gmail.com,,
61f235b3,406a1fee,4/19/2026 16:36:00,-5,,,,zegallai911@gmail.com,,
0fc06e69,70bdbe11,4/19/2026 16:36:33,-7,,,,zegallai911@gmail.com,,
9de1e6ed,cf6c9481,4/19/2026 18:42:34,1,,,,zegallai911@gmail.com,,
22ff77cb,0021,4/19/2026 18:43:00,14,,,,zegallai911@gmail.com,,
41ae6d80,0002,4/19/2026 22:39:56,1188,37093ad1,,,anasgherfal@gmail.com,,
4d007568,bb6c2490,4/19/2026 22:40:25,-40,,,,anasgherfal@gmail.com,,
39eaa81c,0001,4/19/2026 22:41:04,-15,,,,anasgherfal@gmail.com,,
259640b0,12b96290,4/19/2026 22:41:12,-14,,,,anasgherfal@gmail.com,,
66374d2e,a19879cf,4/19/2026 22:41:32,-20,,,,anasgherfal@gmail.com,,
683f5f62,02d86a9b,4/19/2026 22:41:44,-16,,,,anasgherfal@gmail.com,,
766fdf14,02d86a9b,4/19/2026 22:42:12,-10,,,,anasgherfal@gmail.com,,
e4d9bcd9,0029,4/19/2026 22:42:23,-5,,,,anasgherfal@gmail.com,,
21f23fdb,70bdbe11,4/19/2026 22:42:35,-2,,,,anasgherfal@gmail.com,,
8056082a,0032,4/19/2026 22:42:46,-6,,,,anasgherfal@gmail.com,,
d694fb8e,0002,4/19/2026 22:43:27,-120,,,,anasgherfal@gmail.com,,
02ca28af,0002,4/19/2026 22:44:57,60,94b7eba6,,,anasgherfal@gmail.com,,
ae246dcd,0f694cb5,4/19/2026 23:03:31,-15,,,,anasgherfal@gmail.com,,
56bef437,0011,4/19/2026 23:03:48,-6,,,,anasgherfal@gmail.com,,
00261c72,1b6b5ed6,4/19/2026 23:06:08,-10,,,,anasgherfal@gmail.com,,
8e4e39ba,bb6c2490,4/19/2026 23:18:00,-14,,,,zegallai911@gmail.com,,
9394602b,eda833ca,4/19/2026 23:18:30,-6,,,,zegallai911@gmail.com,,
e9afe8f7,f30d8158,4/19/2026 23:18:44,-7,,,,zegallai911@gmail.com,,
80acec91,0033,4/19/2026 23:18:52,-3,,,,zegallai911@gmail.com,,
8e64f5a0,0001,4/19/2026 23:19:12,-9,,,,zegallai911@gmail.com,,
78cb850a,12b96290,4/19/2026 23:19:22,-9,,,,zegallai911@gmail.com,,
501bb5a0,0014,4/19/2026 23:19:37,-12,,,,zegallai911@gmail.com,,
82cc3df4,0019,4/19/2026 23:20:19,-6,,,,zegallai911@gmail.com,,
41732cda,bb4d1bd1,4/19/2026 23:20:52,-11,,,,zegallai911@gmail.com,,
69455c23,02d86a9b,4/19/2026 23:21:48,-13,,,,zegallai911@gmail.com,,
a6a5dc22,1b6b5ed6,4/19/2026 23:22:41,-21,,,,zegallai911@gmail.com,,
c1154f7b,0064,4/19/2026 23:23:27,-2,,,,zegallai911@gmail.com,,
3e22296b,0032,4/19/2026 23:23:40,-4,,,,zegallai911@gmail.com,,
3975f243,0029,4/19/2026 23:24:15,-15,,,,zegallai911@gmail.com,,
a7b3c3c6,406a1fee,4/19/2026 23:25:05,-7,,,,zegallai911@gmail.com,,
18474f40,0053,4/19/2026 23:25:52,-5,,,,zegallai911@gmail.com,,
2bc91859,57a5617b,4/19/2026 23:26:35,-7,,,,zegallai911@gmail.com,,
8ee89fdb,70bdbe11,4/19/2026 23:27:55,-12,,,,zegallai911@gmail.com,,
673e814d,0002,4/19/2026 23:29:55,-60,,,,zegallai911@gmail.com,,
41f92af3,0070,4/20/2026 0:38:23,3,,,,zegallai911@gmail.com,,
d9fc43f5,0014,4/20/2026 0:38:30,5,,,,zegallai911@gmail.com,,
7b978d3b,bb4d1bd1,4/20/2026 1:31:22,28,,,,anasgherfal@gmail.com,,
a6908f86,02d86a9b,4/20/2026 1:31:36,16,,,,anasgherfal@gmail.com,,
48ae95c9,0014,4/20/2026 1:35:22,-6,,,,anasgherfal@gmail.com,,
3cd04215,0024,4/20/2026 4:10:55,10,f19003a8,,,anasgherfal@gmail.com,,
6444ec4e,bb6c2490,4/20/2026 4:11:00,36,f19003a8,,,anasgherfal@gmail.com,,
8b668d0f,220a28b9,4/20/2026 4:11:04,12,f19003a8,,,anasgherfal@gmail.com,,
a61e671b,bb6c2490,4/20/2026 4:11:14,-10,,,,anasgherfal@gmail.com,,
6fd7ae9e,0001,4/20/2026 4:11:27,-28,,,,anasgherfal@gmail.com,,
df620bd8,12b96290,4/20/2026 4:11:37,-7,,,,anasgherfal@gmail.com,,
37096fb6,0033,4/20/2026 4:11:52,-7,,,,anasgherfal@gmail.com,,
5911624b,1b6b5ed6,4/20/2026 4:12:03,-24,,,,anasgherfal@gmail.com,,
0336bc51,0002,4/20/2026 4:12:21,-60,,,,anasgherfal@gmail.com,,
62ad70bc,0029,4/20/2026 4:13:01,-13,,,,anasgherfal@gmail.com,,
ffcccbf8,0021,4/20/2026 4:13:11,-14,,,,anasgherfal@gmail.com,,
bd68e94c,eda833ca,4/20/2026 4:13:32,-7,,,,anasgherfal@gmail.com,,
6589c66d,b112660a,4/20/2026 4:14:08,-3,,,,anasgherfal@gmail.com,,
9a3da78d,0014,4/20/2026 4:14:18,-6,,,,anasgherfal@gmail.com,,
cf6c4d90,220a28b9,4/20/2026 4:14:49,-12,,,,anasgherfal@gmail.com,,
81353b83,0011,4/20/2026 20:15:32,120,fb40a272,,,anasgherfal@gmail.com,,
428dd86a,0029,4/20/2026 20:15:36,120,fb40a272,,,anasgherfal@gmail.com,,
97fcd8ef,70bdbe11,4/20/2026 20:15:40,72,fb40a272,,,anasgherfal@gmail.com,,
5fbca9f2,0027,4/20/2026 20:15:44,50,fb40a272,,,anasgherfal@gmail.com,,
330569ea,0024,4/20/2026 20:15:49,10,fb40a272,,,anasgherfal@gmail.com,,
92aaaec2,0014,4/20/2026 20:15:53,60,fb40a272,,,anasgherfal@gmail.com,,
ab9dfff3,cb9e809e,4/20/2026 20:17:10,36,4c061a87,,,anasgherfal@gmail.com,,
266bf0c5,0033,4/20/2026 20:17:14,24,4c061a87,,,anasgherfal@gmail.com,,
0b957cb4,1039e79c,4/20/2026 20:19:24,24,b00e6b07,,,anasgherfal@gmail.com,,
c60bd4e4,951a092f,4/20/2026 20:46:02,30,b00e6b07,,,anasgherfal@gmail.com,,
829984a2,12b96290,4/20/2026 20:52:00,-13,,,,anasgherfal@gmail.com,,
5cc0d5ed,cf6c9481,4/20/2026 20:54:07,48,b00e6b07,,,anasgherfal@gmail.com,,
ca2a20d5,cf6c9481,4/20/2026 20:54:42,-5,,,,anasgherfal@gmail.com,,
26b13f78,1039e79c,4/21/2026 17:04:43,-26,,,,anasgherfal@gmail.com,,
ca57784c,951a092f,4/21/2026 17:04:54,-28,,,,anasgherfal@gmail.com,,
651c3344,0001,4/21/2026 17:05:11,-4,,,,anasgherfal@gmail.com,,
e2929343,0033,4/21/2026 17:05:23,-6,,,,anasgherfal@gmail.com,,
e8d1e434,0027,4/21/2026 17:05:34,-15,,,,anasgherfal@gmail.com,,
d27fddae,a19879cf,4/21/2026 17:05:48,-9,,,,anasgherfal@gmail.com,,
9e0ab2d6,02d86a9b,4/21/2026 17:06:01,-12,,,,anasgherfal@gmail.com,,
2258bb2b,0014,4/21/2026 17:06:10,-5,,,,anasgherfal@gmail.com,,
302b78ff,cb9e809e,4/21/2026 17:06:23,-13,,,,anasgherfal@gmail.com,,
87113c8e,6c787857,4/21/2026 17:07:55,24,4c061a87,,,anasgherfal@gmail.com,,
2dcdb92b,6c787857,4/21/2026 17:08:08,-6,,,,anasgherfal@gmail.com,,
54b5c53f,cf6c9481,4/21/2026 17:08:26,-7,,,,anasgherfal@gmail.com,,
18b67b2c,0029,4/21/2026 17:08:37,-7,,,,anasgherfal@gmail.com,,
0aeea4ca,70bdbe11,4/21/2026 17:08:53,-10,,,,anasgherfal@gmail.com,,
63a5dd08,0032,4/21/2026 17:09:04,-11,,,,anasgherfal@gmail.com,,
283a21ce,0064,4/21/2026 17:09:19,-5,,,,anasgherfal@gmail.com,,
06f88cc7,0011,4/21/2026 17:09:31,-16,,,,anasgherfal@gmail.com,,
f9dfc442,0002,4/21/2026 17:09:53,-60,,,,anasgherfal@gmail.com,,
0f79632b,c099f042,4/22/2026 10:50:22,-4,,,,zegallai911@gmail.com,,
0981ea74,eda833ca,4/22/2026 10:50:38,-3,,,,zegallai911@gmail.com,,
1229725f,0001,4/22/2026 10:50:48,-24,,,,zegallai911@gmail.com,,
a91d6e69,0019,4/22/2026 10:51:32,-6,,,,zegallai911@gmail.com,,
d8325068,bb4d1bd1,4/22/2026 10:54:46,-16,,,,zegallai911@gmail.com,,
06660b3c,02d86a9b,4/22/2026 10:54:53,-16,,,,zegallai911@gmail.com,,
d0c31783,a19879cf,4/22/2026 10:55:04,-16,,,,zegallai911@gmail.com,,
1e95dc02,83dd14b5,4/22/2026 10:55:27,-12,,,,zegallai911@gmail.com,,
29fe4de1,cb9e809e,4/22/2026 10:56:17,-12,,,,zegallai911@gmail.com,,
695c2f60,0029,4/22/2026 10:58:37,-10,,,,zegallai911@gmail.com,,
cbbdf268,406a1fee,4/22/2026 10:59:11,-4,,,,zegallai911@gmail.com,,
7be55fba,57a5617b,4/22/2026 10:59:54,-5,,,,zegallai911@gmail.com,,
557e994c,70bdbe11,4/22/2026 11:00:30,-4,,,,zegallai911@gmail.com,,
317ad9fa,0011,4/22/2026 11:01:18,-5,,,,zegallai911@gmail.com,,
2d2a4cd2,0002,4/22/2026 11:02:32,-60,,,,zegallai911@gmail.com,,
8753da1d,0f694cb5,4/22/2026 17:05:32,48,32e56c2c,,,anasgherfal@gmail.com,,
48e87e7a,0021,4/22/2026 17:06:21,72,626d0b59,,,anasgherfal@gmail.com,,
42418c76,c099f042,4/22/2026 17:06:29,60,626d0b59,,,anasgherfal@gmail.com,,
b158b36f,0032,4/22/2026 17:17:30,54,0407b6ca,,,anasgherfal@gmail.com,,
32b1a576,0064,4/22/2026 17:17:36,54,0407b6ca,,,anasgherfal@gmail.com,,
24ca00d1,a19879cf,4/22/2026 17:17:41,48,0407b6ca,,,anasgherfal@gmail.com,,
30a3e53a,eda833ca,4/22/2026 17:17:47,36,0407b6ca,,,anasgherfal@gmail.com,,
ed3fd0f5,eda833ca,4/22/2026 17:18:14,-11,,,,anasgherfal@gmail.com,,
ad927c5c,c099f042,4/22/2026 17:18:37,-21,,,,anasgherfal@gmail.com,,
5d9e39d4,0001,4/22/2026 17:18:49,-15,,,,anasgherfal@gmail.com,,
4a5b465b,12b96290,4/22/2026 17:19:01,-4,,,,anasgherfal@gmail.com,,
0a17e837,0021,4/22/2026 17:19:17,-17,,,,anasgherfal@gmail.com,,
3eb0dcfe,0027,4/22/2026 17:19:29,-10,,,,anasgherfal@gmail.com,,
44500c13,a19879cf,4/22/2026 17:19:40,-10,,,,anasgherfal@gmail.com,,
54b8022d,bb4d1bd1,4/22/2026 17:19:54,-16,,,,anasgherfal@gmail.com,,
c65052b2,0014,4/22/2026 17:20:06,-11,,,,anasgherfal@gmail.com,,
745c4246,cb9e809e,4/22/2026 17:20:18,-5,,,,anasgherfal@gmail.com,,
97a5c4d1,6c787857,4/22/2026 17:20:33,-9,,,,anasgherfal@gmail.com,,
5fbbb47a,cf6c9481,4/22/2026 17:20:47,-12,,,,anasgherfal@gmail.com,,
d6633176,0029,4/22/2026 17:20:56,-3,,,,anasgherfal@gmail.com,,
1cd10477,70bdbe11,4/22/2026 17:21:04,-6,,,,anasgherfal@gmail.com,,
059715bd,0032,4/22/2026 17:21:18,-13,,,,anasgherfal@gmail.com,,
014c9d65,0064,4/22/2026 17:21:29,-6,,,,anasgherfal@gmail.com,,
a5177b99,0002,4/22/2026 17:21:41,-84,,,,anasgherfal@gmail.com,,
2418254f,0011,4/22/2026 17:22:06,-7,,,,anasgherfal@gmail.com,,
b7102f78,c099f042,4/22/2026 21:00:52,-7,,,,zegallai911@gmail.com,,
8b579fb6,eda833ca,4/22/2026 21:01:09,-14,,,,zegallai911@gmail.com,,
7dc66417,f30d8158,4/22/2026 21:01:19,-6,,,,zegallai911@gmail.com,,
8e6b2e77,0033,4/22/2026 21:01:25,-6,,,,zegallai911@gmail.com,,
e002bc3d,0001,4/22/2026 21:04:07,-11,,,,zegallai911@gmail.com,,
ab1cdc72,0014,4/22/2026 21:04:45,-10,,,,zegallai911@gmail.com,,
54a10a4b,0021,4/22/2026 21:05:04,-13,,,,zegallai911@gmail.com,,
75d2e12c,a19879cf,4/22/2026 21:07:21,-13,,,,zegallai911@gmail.com,,
d64e7dcd,0027,4/22/2026 21:08:44,-10,,,,zegallai911@gmail.com,,
23bcac79,0019,4/22/2026 21:09:48,-12,,,,zegallai911@gmail.com,,
87487ab3,02d86a9b,4/22/2026 21:10:24,-11,,,,zegallai911@gmail.com,,
b624f2f3,83dd14b5,4/22/2026 21:10:46,-24,,,,zegallai911@gmail.com,,
ba5970c7,0032,4/22/2026 21:11:06,-5,,,,zegallai911@gmail.com,,
c5645e6d,0f694cb5,4/22/2026 21:11:53,-12,,,,zegallai911@gmail.com,,
5b94b8c4,0029,4/22/2026 21:12:32,-14,,,,zegallai911@gmail.com,,
b5bec235,70bdbe11,4/22/2026 21:15:06,-7,,,,zegallai911@gmail.com,,
5291c41b,0011,4/22/2026 21:15:15,-21,,,,zegallai911@gmail.com,,
61a26459,0002,4/22/2026 21:17:03,-60,,,,zegallai911@gmail.com,,
fd25c7be,c099f042,4/24/2026 13:57:16,-12,,,,zegallai911@gmail.com,,
483ad2a8,eda833ca,4/24/2026 13:57:26,0,,,,zegallai911@gmail.com,,
242e171e,0001,4/24/2026 13:57:34,-44,,,,zegallai911@gmail.com,,
57d130f8,83dd14b5,4/24/2026 13:58:05,-12,,,,zegallai911@gmail.com,,
830fd67a,0032,4/24/2026 13:59:42,-4,,,,zegallai911@gmail.com,,
0b960b22,0011,4/24/2026 14:01:29,-15,,,,zegallai911@gmail.com,,
bc512641,0002,4/24/2026 14:01:40,-60,,,,zegallai911@gmail.com,,
fa554870,b3204174,4/24/2026 14:04:37,-12,,,,zegallai911@gmail.com,,
d2c1df98,0001,4/24/2026 14:06:53,-45,,,,zegallai911@gmail.com,,
ee4fb2e6,c099f042,4/24/2026 14:07:04,-11,,,,zegallai911@gmail.com,,
8d9274bd,0021,4/24/2026 14:07:31,-12,,,,zegallai911@gmail.com,,
e0be82f2,bb4d1bd1,4/24/2026 14:08:35,-4,,,,zegallai911@gmail.com,,
019578b0,02d86a9b,4/24/2026 14:08:51,-4,,,,zegallai911@gmail.com,,
28b8344b,83dd14b5,4/24/2026 14:09:18,-24,,,,zegallai911@gmail.com,,
29a7558c,cb9e809e,4/24/2026 14:09:36,-16,,,,zegallai911@gmail.com,,
8006228d,0032,4/24/2026 14:11:03,-8,,,,zegallai911@gmail.com,,
46aed3cc,0002,4/24/2026 14:11:33,-60,,,,zegallai911@gmail.com,,
4adfc5f2,0011,4/24/2026 14:11:49,-26,,,,zegallai911@gmail.com,,
34262efe,0029,4/24/2026 14:13:49,-13,,,,zegallai911@gmail.com,,
373353ba,70bdbe11,4/24/2026 14:14:29,-5,,,,zegallai911@gmail.com,,
e181a97e,c099f042,4/24/2026 17:19:05,-2,,,,anasgherfal@gmail.com,,
1877e85e,eda833ca,4/24/2026 17:19:10,-2,,,,anasgherfal@gmail.com,,
82b03d0a,0001,4/24/2026 17:19:23,-9,,,,anasgherfal@gmail.com,,
1c6e23e6,0033,4/24/2026 17:19:46,-3,,,,anasgherfal@gmail.com,,
cb896536,0029,4/24/2026 17:19:58,-6,,,,anasgherfal@gmail.com,,
90fc06fa,70bdbe11,4/24/2026 17:20:13,-3,,,,anasgherfal@gmail.com,,
53f4de78,0002,4/24/2026 17:20:24,-36,,,,anasgherfal@gmail.com,,
bdfe58b9,0f694cb5,4/24/2026 17:20:58,-7,,,,anasgherfal@gmail.com,,
1748dfa4,0001,4/25/2026 14:28:54,-4,,,,anasgherfal@gmail.com,,
1134eb81,0033,4/25/2026 14:29:11,-6,,,,anasgherfal@gmail.com,,
5bfebc4e,0027,4/25/2026 14:29:26,-5,,,,anasgherfal@gmail.com,,
3cfa1268,0014,4/25/2026 14:29:38,-5,,,,anasgherfal@gmail.com,,
750fe284,0024,4/25/2026 14:29:53,-20,,,,anasgherfal@gmail.com,,
d839bfcc,cb9e809e,4/25/2026 14:30:04,8,,,,anasgherfal@gmail.com,,
a8ccaa62,cf6c9481,4/25/2026 14:30:15,-6,,,,anasgherfal@gmail.com,,
76bdc6e5,6c787857,4/25/2026 14:30:24,-9,,,,anasgherfal@gmail.com,,
15be0eeb,0029,4/25/2026 14:30:37,-2,,,,anasgherfal@gmail.com,,
df0a3933,0032,4/25/2026 14:30:46,-18,,,,anasgherfal@gmail.com,,
81575c38,0064,4/25/2026 14:31:02,-9,,,,anasgherfal@gmail.com,,
f2a1fcab,0002,4/25/2026 14:31:22,-60,,,,anasgherfal@gmail.com,,
8e89b050,0011,4/25/2026 14:31:34,-3,,,,anasgherfal@gmail.com,,
b1a9fee1,0f694cb5,4/25/2026 14:31:48,-5,,,,anasgherfal@gmail.com,,
2a53edae,27c8f623,4/25/2026 14:32:41,-1,,,,anasgherfal@gmail.com,,
d863233f,0061,4/25/2026 14:36:05,-1,,,,anasgherfal@gmail.com,,
89e0b78c,0001,4/25/2026 16:55:36,-28,,,,zegallai911@gmail.com,,
f5b40b2b,eda833ca,4/25/2026 16:55:45,-3,,,,zegallai911@gmail.com,,
1b8f830f,c80ae9f2,4/25/2026 16:56:01,-1,,,,zegallai911@gmail.com,,
7f7dd1a2,951a092f,4/25/2026 16:56:24,-2,,,,zegallai911@gmail.com,,
1e75265c,0033,4/25/2026 16:57:06,-4,,,,zegallai911@gmail.com,,
94c2fbb9,0014,4/25/2026 16:57:30,-16,,,,zegallai911@gmail.com,,
44875a45,0027,4/25/2026 16:58:02,-10,,,,zegallai911@gmail.com,,
896f49ed,0021,4/25/2026 16:58:36,-6,,,,zegallai911@gmail.com,,
66dc6992,02d86a9b,4/25/2026 16:59:27,-4,,,,zegallai911@gmail.com,,
70960a2e,a19879cf,4/25/2026 16:59:37,-10,,,,zegallai911@gmail.com,,
e8e7d093,bb4d1bd1,4/25/2026 17:00:14,-10,,,,zegallai911@gmail.com,,
ba3bf341,83dd14b5,4/25/2026 17:00:49,-24,,,,zegallai911@gmail.com,,
1bcf7201,0064,4/25/2026 17:01:03,-5,,,,zegallai911@gmail.com,,
c99d8355,0032,4/25/2026 17:01:28,-5,,,,zegallai911@gmail.com,,
611955d6,cf6c9481,4/25/2026 17:03:20,-7,,,,zegallai911@gmail.com,,
7af1a159,2f2e7440,4/25/2026 17:03:52,-7,,,,zegallai911@gmail.com,,
d62b21a8,70bdbe11,4/25/2026 17:04:37,-14,,,,zegallai911@gmail.com,,
582045c0,0029,4/25/2026 17:06:32,-28,,,,zegallai911@gmail.com,,
70eb7e2e,0f694cb5,4/25/2026 17:18:05,-14,,,,zegallai911@gmail.com,,
ffb00d89,0011,4/25/2026 17:18:38,-24,,,,zegallai911@gmail.com,,
d7dbdb87,0002,4/25/2026 17:19:06,-60,,,,zegallai911@gmail.com,,
ae386f5f,0038,4/25/2026 17:44:36,-6,,,,zegallai911@gmail.com,,
b6ff9667,c099f042,4/25/2026 17:46:01,-7,,,,zegallai911@gmail.com,,
f713fd57,eda833ca,4/25/2026 17:46:10,-7,,,,zegallai911@gmail.com,,
590b786c,0002,4/25/2026 17:52:21,-12,,,,zegallai911@gmail.com,,
cb7af9d7,02d86a9b,4/25/2026 17:55:54,-6,,,,zegallai911@gmail.com,,
847a8a8c,0011,4/25/2026 23:38:34,48,9b692f1d,,,anasgherfal@gmail.com,,
442159a2,0029,4/25/2026 23:38:38,48,9b692f1d,,,anasgherfal@gmail.com,,
9914ced4,83dd14b5,4/25/2026 23:38:41,96,9b692f1d,,,anasgherfal@gmail.com,,
ff44cac5,0027,4/25/2026 23:38:45,25,9b692f1d,,,anasgherfal@gmail.com,,
d84f80e6,0019,4/25/2026 23:38:52,48,9b692f1d,,,anasgherfal@gmail.com,,
bb06d5c9,a19879cf,4/25/2026 23:38:56,24,9b692f1d,,,anasgherfal@gmail.com,,
db70e2a1,0032,4/25/2026 23:40:01,81,9b692f1d,,,anasgherfal@gmail.com,,
cb42286b,0064,4/25/2026 23:40:05,54,9b692f1d,,,anasgherfal@gmail.com,,
d96f38c1,70bdbe11,4/25/2026 23:40:09,24,9b692f1d,,,anasgherfal@gmail.com,,
ed383384,bb4d1bd1,4/25/2026 23:51:14,24,15948e0d,,,anasgherfal@gmail.com,,
d43b2b1b,02d86a9b,4/25/2026 23:51:18,72,15948e0d,,,anasgherfal@gmail.com,,
b9eac905,a19879cf,4/25/2026 23:51:27,48,15948e0d,,,anasgherfal@gmail.com,,
8f1e160a,6c787857,4/25/2026 23:51:44,24,15948e0d,,,anasgherfal@gmail.com,,
acf291fd,0033,4/25/2026 23:51:48,24,15948e0d,,,anasgherfal@gmail.com,,
25591b4d,eda833ca,4/25/2026 23:51:54,36,15948e0d,,,anasgherfal@gmail.com,,
1f61deb7,0f694cb5,4/25/2026 23:51:58,24,15948e0d,,,anasgherfal@gmail.com,,
83506c98,7221daf3,4/26/2026 0:01:19,29,8588cab5,,,anasgherfal@gmail.com,,
dbb8c475,0038,4/26/2026 0:01:23,16,8588cab5,,,anasgherfal@gmail.com,,
623a25e2,c099f042,4/26/2026 0:02:04,160,ab54e6b0,,,anasgherfal@gmail.com,,
4c52aaba,eda833ca,4/26/2026 0:07:28,-12,,,,anasgherfal@gmail.com,,
ec2e38ea,c099f042,4/26/2026 0:07:38,-19,,,,anasgherfal@gmail.com,,
acb21dd6,c099f042,4/26/2026 0:07:50,-7,,,,anasgherfal@gmail.com,,
50986b0e,0001,4/26/2026 0:08:01,-30,,,,anasgherfal@gmail.com,,
29fbc54f,0038,4/26/2026 0:08:16,-6,,,,anasgherfal@gmail.com,,
c40d5b4b,0033,4/26/2026 0:08:32,-7,,,,anasgherfal@gmail.com,,
e5983bb1,0021,4/26/2026 0:08:43,-12,,,,anasgherfal@gmail.com,,
dffc1e3b,0019,4/26/2026 0:09:50,-5,,,,anasgherfal@gmail.com,,
eaf544b9,a19879cf,4/26/2026 0:10:03,-24,,,,anasgherfal@gmail.com,,
ee44e6c5,02d86a9b,4/26/2026 0:10:55,-24,,,,anasgherfal@gmail.com,,
7f70f465,bb4d1bd1,4/26/2026 0:12:12,-10,,,,anasgherfal@gmail.com,,
084a46a9,0014,4/26/2026 0:12:37,-8,,,,anasgherfal@gmail.com,,
4ef07dfa,6c787857,4/26/2026 0:12:49,-14,,,,anasgherfal@gmail.com,,
7f2d5098,cf6c9481,4/26/2026 0:13:17,-7,,,,anasgherfal@gmail.com,,
7b92d991,0029,4/26/2026 0:13:26,-14,,,,anasgherfal@gmail.com,,
e92aae57,70bdbe11,4/26/2026 0:13:56,-4,,,,anasgherfal@gmail.com,,
37bff627,0032,4/26/2026 0:14:54,-23,,,,anasgherfal@gmail.com,,
56725cb0,0064,4/26/2026 0:17:46,-8,,,,anasgherfal@gmail.com,,
690524c1,0002,4/26/2026 0:18:07,-84,,,,anasgherfal@gmail.com,,
2bc93223,0011,4/26/2026 0:18:29,-12,,,,anasgherfal@gmail.com,,
378abc87,0f694cb5,4/26/2026 0:18:52,-3,,,,anasgherfal@gmail.com,,
e85c63e6,0001,4/26/2026 4:55:34,-13,,,,anasgherfal@gmail.com,,
691c80ea,eda833ca,4/26/2026 4:55:42,-14,,,,anasgherfal@gmail.com,,
e94346a5,c099f042,4/26/2026 4:55:53,-21,,,,anasgherfal@gmail.com,,
385be958,0033,4/26/2026 4:56:15,-7,,,,anasgherfal@gmail.com,,
d9bdde31,0014,4/26/2026 4:56:23,-10,,,,anasgherfal@gmail.com,,
792f90c4,bb4d1bd1,4/26/2026 4:56:32,-14,,,,anasgherfal@gmail.com,,
7fbd4d8c,a19879cf,4/26/2026 4:56:43,-6,,,,anasgherfal@gmail.com,,
44841202,02d86a9b,4/26/2026 4:56:53,-14,,,,anasgherfal@gmail.com,,
4232fd4d,0021,4/26/2026 4:57:05,-6,,,,anasgherfal@gmail.com,,
2b6ca6b4,0019,4/26/2026 4:57:13,-7,,,,anasgherfal@gmail.com,,
2b297dd9,d0f577e2,4/26/2026 4:57:27,-32,,,,anasgherfal@gmail.com,,
b575cc73,83dd14b5,4/26/2026 4:57:39,-24,,,,anasgherfal@gmail.com,,
bd89e2d7,0032,4/26/2026 4:57:50,-15,,,,anasgherfal@gmail.com,,
fc9f1744,0f694cb5,4/26/2026 4:58:03,-7,,,,anasgherfal@gmail.com,,
8844a3c0,6c787857,4/26/2026 4:58:17,-7,,,,anasgherfal@gmail.com,,
ac8c4cee,70bdbe11,4/26/2026 4:58:30,-14,,,,anasgherfal@gmail.com,,
58f709df,0029,4/26/2026 4:58:45,-11,,,,anasgherfal@gmail.com,,
4d9a377c,0011,4/26/2026 4:59:05,-14,,,,anasgherfal@gmail.com,,
a48e0551,0002,4/26/2026 4:59:18,-60,,,,anasgherfal@gmail.com,,
14d74fb2,7221daf3,4/26/2026 16:34:05,-29,,,,anasgherfal@gmail.com,,
ee454b45,0053,4/26/2026 16:34:22,-6,,,,anasgherfal@gmail.com,,
dcce692b,0038,4/26/2026 16:34:34,-4,,,,anasgherfal@gmail.com,,
63ea87f8,c099f042,4/27/2026 8:29:49,-12,,,,zegallai911@gmail.com,,
ce98d088,b3204174,4/27/2026 8:30:03,-13,,,,zegallai911@gmail.com,,
b4a06b73,0001,4/27/2026 8:30:41,-15,,,,zegallai911@gmail.com,,
ae1f4cd1,12b96290,4/27/2026 8:30:47,-16,,,,zegallai911@gmail.com,,
09a6bcca,c22010ef,4/27/2026 8:34:35,-15,,,,zegallai911@gmail.com,,
68842d5c,a19879cf,4/27/2026 8:36:20,-4,,,,zegallai911@gmail.com,,
9de64b74,bb4d1bd1,4/27/2026 8:36:26,-10,,,,zegallai911@gmail.com,,
37ad1605,6c787857,4/27/2026 8:37:00,-7,,,,zegallai911@gmail.com,,
07e1e27a,cf6c9481,4/27/2026 8:37:30,-5,,,,zegallai911@gmail.com,,
ba5e5699,8ed00567,4/27/2026 8:38:10,-7,,,,zegallai911@gmail.com,,
2543c37f,0032,4/27/2026 8:38:53,-4,,,,zegallai911@gmail.com,,
87210587,0029,4/27/2026 8:39:32,-9,,,,zegallai911@gmail.com,,
27fdc14a,0011,4/27/2026 8:42:23,-14,,,,zegallai911@gmail.com,,
41ee10e6,70bdbe11,4/27/2026 8:42:31,-7,,,,zegallai911@gmail.com,,
ccdbe619,0002,4/27/2026 8:43:53,-60,,,,zegallai911@gmail.com,,
c679fa58,951a092f,4/27/2026 8:44:49,2,,,,zegallai911@gmail.com,,
e35de7fb,0f694cb5,4/27/2026 8:45:41,2,,,,zegallai911@gmail.com,,
1d8d8d1f,0011,4/27/2026 8:45:57,1,,,,zegallai911@gmail.com,,
0f998ab6,52149040,4/27/2026 17:23:59,1,,,,anasgherfal@gmail.com,,
80628a15,0001,4/28/2026 0:18:46,180,4046a521,,,anasgherfal@gmail.com,,
5f29c195,12b96290,4/28/2026 0:18:50,180,4046a521,,,anasgherfal@gmail.com,,
2b1ffc59,c22010ef,4/28/2026 0:18:54,75,4046a521,,,anasgherfal@gmail.com,,
e8b50493,d5b5f9d1,4/28/2026 0:18:58,15,4046a521,,,anasgherfal@gmail.com,,
d15d6ad3,8ed00567,4/28/2026 0:19:09,24,138a44eb,,,anasgherfal@gmail.com,,
65bb09ab,0011,4/28/2026 0:19:13,96,138a44eb,,,anasgherfal@gmail.com,,
1a68b83d,0014,4/28/2026 0:19:16,30,138a44eb,,,anasgherfal@gmail.com,,
3af2224c,02d86a9b,4/28/2026 0:19:25,48,467b9a30,,,anasgherfal@gmail.com,,
b5f909a8,a19879cf,4/28/2026 0:19:28,48,467b9a30,,,anasgherfal@gmail.com,,
2995ba69,6c787857,4/28/2026 0:19:33,24,467b9a30,,,anasgherfal@gmail.com,,
1d7aeade,d5b5f9d1,4/28/2026 0:19:52,-15,,,,anasgherfal@gmail.com,,
3acc0a30,eda833ca,4/28/2026 0:20:06,-6,,,,anasgherfal@gmail.com,,
8183f7a0,c099f042,4/28/2026 0:20:21,-10,,,,anasgherfal@gmail.com,,
f3255781,0001,4/28/2026 0:20:31,-7,,,,anasgherfal@gmail.com,,
d8874bc1,12b96290,4/28/2026 0:20:52,-20,,,,anasgherfal@gmail.com,,
7920338d,c22010ef,4/28/2026 0:21:06,-16,,,,anasgherfal@gmail.com,,
29d90af4,0033,4/28/2026 0:21:23,-7,,,,anasgherfal@gmail.com,,
628eede3,0027,4/28/2026 0:21:40,-5,,,,anasgherfal@gmail.com,,
2cc93048,0019,4/28/2026 0:21:55,-5,,,,anasgherfal@gmail.com,,
479cb714,a19879cf,4/28/2026 0:22:08,-19,,,,anasgherfal@gmail.com,,
292b3933,bb4d1bd1,4/28/2026 0:22:23,-10,,,,anasgherfal@gmail.com,,
a67d5ea6,6c787857,4/28/2026 0:22:33,-20,,,,anasgherfal@gmail.com,,
97d09c25,8ed00567,4/28/2026 0:23:09,-21,,,,anasgherfal@gmail.com,,
f2c866f6,70bdbe11,4/28/2026 0:23:25,-4,,,,anasgherfal@gmail.com,,
84572d97,0032,4/28/2026 0:23:37,-26,,,,anasgherfal@gmail.com,,
b5a68e50,0064,4/28/2026 0:23:53,-5,,,,anasgherfal@gmail.com,,
996b3014,0002,4/28/2026 0:24:07,-192,,,,anasgherfal@gmail.com,,
442cdf4e,0011,4/28/2026 0:24:16,-4,,,,anasgherfal@gmail.com,,
34cf7cfc,83dd14b5,4/28/2026 0:24:26,-24,,,,anasgherfal@gmail.com,,
6e6c10dd,0f694cb5,4/28/2026 0:24:37,-2,,,,anasgherfal@gmail.com,,
05d9ee48,0014,4/28/2026 0:24:58,-5,,,,anasgherfal@gmail.com,,
a7c1b30b,0002,4/29/2026 14:52:16,1212,8c24f1f2,,,anasgherfal@gmail.com,,
bf363b5e,0001,4/29/2026 17:59:27,-40,,,,anasgherfal@gmail.com,,
7cd09649,c22010ef,4/29/2026 17:59:53,-8,,,,anasgherfal@gmail.com,,
68a07010,12b96290,4/29/2026 18:00:48,-40,,,,anasgherfal@gmail.com,,
b4978c8e,0029,4/29/2026 18:01:20,-18,,,,anasgherfal@gmail.com,,
15ab8d93,0f694cb5,4/29/2026 18:01:53,-9,,,,anasgherfal@gmail.com,,
c5f0eb78,0011,4/29/2026 18:02:41,-10,,,,anasgherfal@gmail.com,,
0eb51913,70bdbe11,4/29/2026 18:03:06,-11,,,,anasgherfal@gmail.com,,
58eca52d,c099f042,4/29/2026 18:04:00,-18,,,,anasgherfal@gmail.com,,
9cf8d13b,cf6c9481,4/29/2026 18:04:09,-16,,,,anasgherfal@gmail.com,,
f3b79bd7,a19879cf,4/29/2026 18:04:38,-11,,,,anasgherfal@gmail.com,,
384aac69,02d86a9b,4/29/2026 18:05:34,-2,,,,anasgherfal@gmail.com,,
4dc5dd2e,a19879cf,4/29/2026 18:06:52,-12,,,,anasgherfal@gmail.com,,
bedf9d4c,bb4d1bd1,4/29/2026 18:07:00,-15,,,,anasgherfal@gmail.com,,
c0ef3253,0027,4/29/2026 18:07:10,-20,,,,anasgherfal@gmail.com,,
2acb4f1f,0014,4/29/2026 18:07:43,-10,,,,anasgherfal@gmail.com,,
25acd931,0064,4/29/2026 18:07:54,-27,,,,anasgherfal@gmail.com,,
a5587454,0032,4/29/2026 18:08:22,-43,,,,anasgherfal@gmail.com,,
2ac6021f,83dd14b5,4/29/2026 18:08:53,-3,,,,anasgherfal@gmail.com,,
c557d954,8ed00567,4/30/2026 2:48:15,48,851a886d,,,anasgherfal@gmail.com,,
4c7cc029,0024,4/30/2026 2:48:18,20,851a886d,,,anasgherfal@gmail.com,,
4955342a,0027,4/30/2026 2:48:23,75,851a886d,,,anasgherfal@gmail.com,,
ad2b05ed,0033,4/30/2026 2:48:27,24,851a886d,,,anasgherfal@gmail.com,,
39d7a7ff,0032,4/30/2026 2:48:32,54,851a886d,,,anasgherfal@gmail.com,,
4013572b,c099f042,4/30/2026 2:47:03,-21,,,,anasgherfal@gmail.com,,
bb711139,0001,4/30/2026 2:47:16,-8,,,,anasgherfal@gmail.com,,
dd78110e,12b96290,4/30/2026 2:47:32,-12,,,,anasgherfal@gmail.com,,
0b6cb755,c22010ef,4/30/2026 2:47:40,-5,,,,anasgherfal@gmail.com,,
63bab830,0033,4/30/2026 2:47:52,-4,,,,anasgherfal@gmail.com,,
84e4dd72,0027,4/30/2026 2:48:09,-30,,,,anasgherfal@gmail.com,,
d4f3737d,0024,4/30/2026 2:48:24,-15,,,,anasgherfal@gmail.com,,
190d8d11,8ed00567,4/30/2026 2:48:38,-14,,,,anasgherfal@gmail.com,,
3bde80ef,0029,4/30/2026 2:48:58,-3,,,,anasgherfal@gmail.com,,
b55b1e2b,70bdbe11,4/30/2026 2:49:17,-12,,,,anasgherfal@gmail.com,,
1f6da7d7,0032,4/30/2026 2:49:39,-11,,,,anasgherfal@gmail.com,,
0cb66b85,0064,4/30/2026 2:49:48,-10,,,,anasgherfal@gmail.com,,
3f6c7fa4,0002,4/30/2026 2:50:11,-84,,,,anasgherfal@gmail.com,,
cae350c3,0002,4/30/2026 2:50:39,-120,,,,anasgherfal@gmail.com,,
842875c9,0011,4/30/2026 2:51:00,-11,,,,anasgherfal@gmail.com,,
f9564d58,0f694cb5,4/30/2026 2:51:11,-5,,,,anasgherfal@gmail.com,,
2eb59f1d,1b6b5ed6,4/30/2026 2:52:15,-16,,,,anasgherfal@gmail.com,,
e324f19c,d0f577e2,4/30/2026 2:52:24,-40,,,,anasgherfal@gmail.com,,
1221c939,0021,4/30/2026 2:52:36,-6,,,,anasgherfal@gmail.com,,
c6a80be6,0002,5/1/2026 2:49:49,-120,,,,anasgherfal@gmail.com,,
e9d021fb,0029,5/1/2026 2:50:09,-20,,,,anasgherfal@gmail.com,,
7cb55cf0,70bdbe11,5/1/2026 2:50:31,-7,,,,anasgherfal@gmail.com,,
80ae5d4e,0011,5/1/2026 2:50:52,-33,,,,anasgherfal@gmail.com,,
98c30f20,0032,5/1/2026 2:51:12,-3,,,,anasgherfal@gmail.com,,
be9425fc,8ed00567,5/1/2026 2:51:30,-14,,,,anasgherfal@gmail.com,,
bfc99bfd,83dd14b5,5/1/2026 2:51:51,-45,,,,anasgherfal@gmail.com,,
ca3b504b,0027,5/1/2026 2:52:09,-20,,,,anasgherfal@gmail.com,,
bd4958d2,02d86a9b,5/1/2026 2:52:29,-16,,,,anasgherfal@gmail.com,,
5a269b48,b3204174,5/1/2026 2:52:38,-14,,,,anasgherfal@gmail.com,,
06f0032c,0001,5/1/2026 2:52:59,-43,,,,anasgherfal@gmail.com,,
8698b8c5,c099f042,5/1/2026 2:53:45,-7,,,,anasgherfal@gmail.com,,
2ed41d29,bb4d1bd1,5/1/2026 2:54:03,-10,,,,anasgherfal@gmail.com,,
59bc8025,0029,5/2/2026 15:31:45,120,c3c8d6b8,,,anasgherfal@gmail.com,,
fa9bb016,0011,5/2/2026 15:31:56,120,c3c8d6b8,,,anasgherfal@gmail.com,,
fa193ac5,70bdbe11,5/2/2026 15:32:11,120,c3c8d6b8,,,anasgherfal@gmail.com,,
32d88d07,0027,5/2/2026 15:32:30,25,c3c8d6b8,,,anasgherfal@gmail.com,,
a898fde1,0f694cb5,5/2/2026 15:32:52,12,c3c8d6b8,,,anasgherfal@gmail.com,,
f1d50de9,83dd14b5,5/2/2026 15:33:04,96,c3c8d6b8,,,anasgherfal@gmail.com,,
13359498,8ed00567,5/2/2026 15:33:14,0,c3c8d6b8,,,anasgherfal@gmail.com,,
66a93954,8ed00567,5/2/2026 15:33:38,144,13a4ee3b,,,anasgherfal@gmail.com,,
d8baa212,0001,5/3/2026 17:38:45,-64,,,,anasgherfal@gmail.com,,
01b356f8,8ed00567,5/3/2026 17:39:16,-63,,,,anasgherfal@gmail.com,,
9efb036c,12b96290,5/3/2026 17:39:28,-62,,,,anasgherfal@gmail.com,,
dbc0d4e1,0011,5/3/2026 17:39:46,-49,,,,anasgherfal@gmail.com,,
a9795581,0029,5/3/2026 17:40:05,-40,,,,anasgherfal@gmail.com,,
ef11fc8f,a19879cf,5/3/2026 17:40:16,-36,,,,anasgherfal@gmail.com,,
26d380ac,0027,5/3/2026 17:40:27,-36,,,,anasgherfal@gmail.com,,
6c95a264,70bdbe11,5/3/2026 17:40:42,-33,,,,anasgherfal@gmail.com,,
a63a8762,c099f042,5/3/2026 17:40:54,-29,,,,anasgherfal@gmail.com,,
ab23e521,0002,5/3/2026 17:41:21,-312,,,,anasgherfal@gmail.com,,
e90eeef7,02d86a9b,5/3/2026 17:41:34,-25,,,,anasgherfal@gmail.com,,
23d1709e,0086,5/3/2026 17:41:45,-24,,,,anasgherfal@gmail.com,,
6928c244,0032,5/3/2026 17:41:58,-23,,,,anasgherfal@gmail.com,,
418e3dba,c22010ef,5/3/2026 17:42:12,-22,,,,anasgherfal@gmail.com,,
bd949f45,83dd14b5,5/3/2026 17:42:32,-21,,,,anasgherfal@gmail.com,,
a5028f13,0033,5/3/2026 17:42:46,-20,,,,anasgherfal@gmail.com,,
5034383d,83dd14b5,5/3/2026 17:43:06,-19,,,,anasgherfal@gmail.com,,
85ee4418,0064,5/3/2026 17:43:19,-18,,,,anasgherfal@gmail.com,,
a9be9b44,0014,5/3/2026 17:43:30,-30,,,,anasgherfal@gmail.com,,
0cc76c05,0f694cb5,5/3/2026 17:43:45,-15,,,,anasgherfal@gmail.com,,
84f7d805,0019,5/3/2026 17:44:13,-10,,,,anasgherfal@gmail.com,,
9577b210,bb4d1bd1,5/3/2026 17:44:26,-10,,,,anasgherfal@gmail.com,,
c99694a5,0024,5/3/2026 17:44:36,-10,,,,anasgherfal@gmail.com,,
bc08f51c,0014,5/4/2026 14:13:38,60,1e8be36f,,,anasgherfal@gmail.com,,
a4662629,0027,5/4/2026 14:13:46,50,1e8be36f,,,anasgherfal@gmail.com,,
d2839a80,0024,5/4/2026 14:13:54,20,1e8be36f,,,anasgherfal@gmail.com,,
465f4000,0032,5/4/2026 14:14:02,81,1e8be36f,,,anasgherfal@gmail.com,,
91a9f463,0086,5/4/2026 14:14:28,20,79a6a3cc,,,anasgherfal@gmail.com,,
d3876a12,f2959682,5/4/2026 14:15:09,0,93a3ee83,,,anasgherfal@gmail.com,,
e1ad29ba,bb6c2490,5/4/2026 14:15:57,72,f4cc1692,,,anasgherfal@gmail.com,,
a2b524d0,0001,5/4/2026 14:16:03,30,f4cc1692,,,anasgherfal@gmail.com,,
83af220f,0033,5/4/2026 14:17:28,24,363e9bf3,,,anasgherfal@gmail.com,,
e3e4e15a,0049,5/4/2026 14:18:14,24,363e9bf3,,,anasgherfal@gmail.com,,
1501395b,02d86a9b,5/4/2026 14:18:44,96,363e9bf3,,,anasgherfal@gmail.com,,
7346757a,bb4d1bd1,5/4/2026 14:18:53,96,363e9bf3,,,anasgherfal@gmail.com,,
df37368f,a19879cf,5/4/2026 14:18:59,24,363e9bf3,,,anasgherfal@gmail.com,,
4e7d3c36,bb6c2490,5/5/2026 17:18:31,-72,,,,anasgherfal@gmail.com,,
d3ca9033,0001,5/5/2026 17:18:41,-32,,,,anasgherfal@gmail.com,,
d1e473b3,c22010ef,5/5/2026 17:18:52,-7,,,,anasgherfal@gmail.com,,
53270ec3,d5b5f9d1,5/5/2026 17:19:09,-14,,,,anasgherfal@gmail.com,,
98e1fdc2,12b96290,5/5/2026 17:19:20,-22,,,,anasgherfal@gmail.com,,
2190913e,c099f042,5/5/2026 17:19:37,-9,,,,anasgherfal@gmail.com,,
9a38ef6c,0033,5/5/2026 17:19:51,-15,,,,anasgherfal@gmail.com,,
9b971643,8ed00567,5/5/2026 17:20:06,-44,,,,anasgherfal@gmail.com,,
486d14a2,02d86a9b,5/5/2026 17:20:18,-50,,,,anasgherfal@gmail.com,,
d7957f06,bb4d1bd1,5/5/2026 17:20:31,-55,,,,anasgherfal@gmail.com,,
56230282,a19879cf,5/5/2026 17:20:43,-23,,,,anasgherfal@gmail.com,,
06087bf2,0014,5/5/2026 17:20:57,-18,,,,anasgherfal@gmail.com,,
49484e5f,0021,5/5/2026 17:21:13,-36,,,,anasgherfal@gmail.com,,
f8c552ba,0019,5/5/2026 17:21:22,-11,,,,anasgherfal@gmail.com,,
bb688616,0027,5/5/2026 17:21:36,-10,,,,anasgherfal@gmail.com,,
3850cfee,0049,5/5/2026 17:21:49,-13,,,,anasgherfal@gmail.com,,
499c4237,0002,5/5/2026 17:22:26,-276,,,,anasgherfal@gmail.com,,
8bc0f706,0029,5/5/2026 17:22:39,-42,,,,anasgherfal@gmail.com,,
20473a4c,70bdbe11,5/5/2026 17:22:49,-31,,,,anasgherfal@gmail.com,,
ceb07b5b,0011,5/5/2026 17:22:58,-19,,,,anasgherfal@gmail.com,,
b64468b3,0032,5/5/2026 17:23:11,-29,,,,anasgherfal@gmail.com,,
f1533e21,0064,5/5/2026 17:23:23,-21,,,,anasgherfal@gmail.com,,
974a93b8,0f694cb5,5/5/2026 17:23:34,-4,,,,anasgherfal@gmail.com,,
3dfee12d,83dd14b5,5/5/2026 17:23:46,-34,,,,anasgherfal@gmail.com,,
770839d9,0021,5/5/2026 17:31:53,48,f89f0ba4,,,anasgherfal@gmail.com,,
266ab0da,d5b5f9d1,5/5/2026 17:31:59,15,f89f0ba4,,,anasgherfal@gmail.com,,
2144199d,b3204174,5/5/2026 17:31:51,-9,,,,anasgherfal@gmail.com,,
bf51b2cb,bb6c2490,5/7/2026 1:22:17,-40,,,,anasgherfal@gmail.com,,
0b4c8c4c,0001,5/7/2026 1:22:32,-14,,,,anasgherfal@gmail.com,,
8ee8151b,d5b5f9d1,5/7/2026 1:24:14,-14,,,,anasgherfal@gmail.com,,
ad0fe51d,0001,5/7/2026 1:37:12,-9,,,,anasgherfal@gmail.com,,
d2dcaa94,d5b5f9d1,5/7/2026 1:37:35,-4,,,,anasgherfal@gmail.com,,
8c9aad5f,12b96290,5/7/2026 1:37:46,-11,,,,anasgherfal@gmail.com,,
37842889,0033,5/7/2026 1:38:02,-7,,,,anasgherfal@gmail.com,,
a0391070,8ed00567,5/7/2026 1:38:19,-29,,,,anasgherfal@gmail.com,,
b4d9dab3,0014,5/7/2026 1:38:28,-20,,,,anasgherfal@gmail.com,,
35c4deac,a19879cf,5/7/2026 1:38:39,-10,,,,anasgherfal@gmail.com,,
86f54537,83dd14b5,5/7/2026 1:39:10,-14,,,,anasgherfal@gmail.com,,
84b6704f,02d86a9b,5/7/2026 1:40:17,-13,,,,anasgherfal@gmail.com,,
fc12a3f0,bb4d1bd1,5/7/2026 1:40:30,-13,,,,anasgherfal@gmail.com,,
87f0d924,0027,5/7/2026 1:40:46,-10,,,,anasgherfal@gmail.com,,
3f5cea3c,0024,5/7/2026 1:41:02,-5,,,,anasgherfal@gmail.com,,
411cfe64,0021,5/7/2026 1:41:30,-5,,,,anasgherfal@gmail.com,,
b5ed8cfa,0029,5/7/2026 1:41:43,-41,,,,anasgherfal@gmail.com,,
2ca014df,0032,5/7/2026 1:41:59,-23,,,,anasgherfal@gmail.com,,
2b8b832e,0064,5/7/2026 1:42:13,-5,,,,anasgherfal@gmail.com,,
f33eed7e,70bdbe11,5/7/2026 1:42:23,-18,,,,anasgherfal@gmail.com,,
1bfc5547,0f694cb5,5/7/2026 1:42:35,-16,,,,anasgherfal@gmail.com,,
8a777098,0011,5/7/2026 1:43:10,-8,,,,anasgherfal@gmail.com,,
e214892a,0002,5/7/2026 1:43:34,-168,,,,anasgherfal@gmail.com,,
a7d2a2c7,0001,5/7/2026 1:45:01,195,0924fefb,,,anasgherfal@gmail.com,,
86bd7b46,12b96290,5/7/2026 1:45:04,135,0924fefb,,,anasgherfal@gmail.com,,
649a865c,d5b5f9d1,5/7/2026 1:45:08,150,0924fefb,,,anasgherfal@gmail.com,,
57f4b08c,f2959682,5/7/2026 1:46:10,0,859a6d00,,,anasgherfal@gmail.com,,
42dd379f,bb6c2490,5/7/2026 1:47:18,180,e00ef670,,,anasgherfal@gmail.com,,
854ccd4f,d5b5f9d1,5/7/2026 1:47:21,15,e00ef670,,,anasgherfal@gmail.com,,
64e96fe1,bb6c2490,5/7/2026 17:00:05,-10,,,,zegallai911@gmail.com,,
1b32bd26,0001,5/7/2026 17:00:15,-15,,,,zegallai911@gmail.com,,
e59682f5,d5b5f9d1,5/7/2026 17:00:23,-15,,,,zegallai911@gmail.com,,
07537d89,12b96290,5/7/2026 17:00:29,-15,,,,zegallai911@gmail.com,,
d4d64f7f,a19879cf,5/7/2026 17:01:13,-12,,,,zegallai911@gmail.com,,
7e9dd99f,83dd14b5,5/7/2026 17:02:33,-14,,,,zegallai911@gmail.com,,
8fbeb450,0029,5/7/2026 17:03:32,-9,,,,zegallai911@gmail.com,,
bf2c403f,70bdbe11,5/7/2026 17:04:27,-3,,,,zegallai911@gmail.com,,
d283de64,0011,5/7/2026 17:04:55,-24,,,,zegallai911@gmail.com,,
06fd2bcb,0002,5/7/2026 17:05:25,-48,,,,zegallai911@gmail.com,,
5984700c,83dd14b5,5/7/2026 17:05:44,3,,,,zegallai911@gmail.com,,
3545a5d8,8ed00567,5/7/2026 17:05:49,1,,,,zegallai911@gmail.com,,
2c8823ee,0f694cb5,5/7/2026 17:05:57,2,,,,zegallai911@gmail.com,,
461c0298,bb6c2490,5/8/2026 14:19:30,-8,,,,zegallai911@gmail.com,,
22cd9708,0001,5/8/2026 14:19:49,-3,,,,zegallai911@gmail.com,,
9a112345,c22010ef,5/8/2026 14:19:55,-2,,,,zegallai911@gmail.com,,
1f852fae,d5b5f9d1,5/8/2026 14:20:01,-15,,,,zegallai911@gmail.com,,
8955d470,12b96290,5/8/2026 14:20:16,-3,,,,zegallai911@gmail.com,,
ecd72845,0049,5/8/2026 14:20:26,-1,,,,zegallai911@gmail.com,,
714e43db,8ed00567,5/8/2026 14:20:32,-4,,,,zegallai911@gmail.com,,
0ece6222,70bdbe11,5/8/2026 14:20:54,-3,,,,zegallai911@gmail.com,,
5393f291,0029,5/8/2026 14:21:48,-3,,,,zegallai911@gmail.com,,
bf5bac77,bb6c2490,5/8/2026 14:25:31,-14,,,,zegallai911@gmail.com,,
acc63247,d5b5f9d1,5/8/2026 14:25:38,-30,,,,zegallai911@gmail.com,,
bec8685c,12b96290,5/8/2026 14:25:59,-15,,,,zegallai911@gmail.com,,
2bbfb679,0001,5/8/2026 14:26:04,-1,,,,zegallai911@gmail.com,,
4fa2bea9,02d86a9b,5/8/2026 14:27:27,-8,,,,zegallai911@gmail.com,,
da27c02d,bb4d1bd1,5/8/2026 14:27:36,-10,,,,zegallai911@gmail.com,,
c3ee144e,83dd14b5,5/8/2026 14:28:26,-23,,,,zegallai911@gmail.com,,
57cb7270,0032,5/8/2026 14:29:36,-6,,,,zegallai911@gmail.com,,
de2cff46,bb6c2490,5/8/2026 16:54:14,-13,,,,zegallai911@gmail.com,,
c96fe03b,0001,5/8/2026 16:54:24,-6,,,,zegallai911@gmail.com,,
9281828e,12b96290,5/8/2026 16:54:29,-10,,,,zegallai911@gmail.com,,
31fe955c,d5b5f9d1,5/8/2026 16:54:38,-15,,,,zegallai911@gmail.com,,
09975b95,02d86a9b,5/8/2026 16:55:14,-24,,,,zegallai911@gmail.com,,
ca429379,bb4d1bd1,5/8/2026 16:55:22,-24,,,,zegallai911@gmail.com,,
92d3ef89,0027,5/8/2026 16:55:32,-25,,,,zegallai911@gmail.com,,
beaa6370,0024,5/8/2026 16:55:43,-5,,,,zegallai911@gmail.com,,
fd2a9a2f,0032,5/8/2026 16:58:04,-3,,,,zegallai911@gmail.com,,
2aacba67,0f694cb5,5/8/2026 16:58:47,-4,,,,zegallai911@gmail.com,,
91a863e1,70bdbe11,5/8/2026 16:59:41,-7,,,,zegallai911@gmail.com,,
48b6a6eb,0011,5/8/2026 17:01:00,-11,,,,zegallai911@gmail.com,,
20e1f0da,bb6c2490,5/11/2026 17:43:51,-55,,,,anasgherfal@gmail.com,,
bf30c062,bb6c2490,5/11/2026 17:44:37,-30,,,,anasgherfal@gmail.com,,
8196114b,d5b5f9d1,5/11/2026 17:44:48,-44,,,,anasgherfal@gmail.com,,
3417a43e,0001,5/11/2026 17:45:00,-22,,,,anasgherfal@gmail.com,,
ff7692c6,12b96290,5/11/2026 17:46:15,-15,,,,anasgherfal@gmail.com,,
7d507092,0019,5/11/2026 17:46:50,-35,,,,anasgherfal@gmail.com,,
3a32343a,8ed00567,5/11/2026 17:47:02,-36,,,,anasgherfal@gmail.com,,
0d27e813,0033,5/11/2026 17:47:20,-14,,,,anasgherfal@gmail.com,,
ca7ef36f,83dd14b5,5/11/2026 17:47:37,-43,,,,anasgherfal@gmail.com,,
b41cd214,0049,5/11/2026 17:48:00,-21,,,,anasgherfal@gmail.com,,
49d7a71e,6c787857,5/11/2026 17:48:11,-24,,,,anasgherfal@gmail.com,,
a9e047b2,a19879cf,5/11/2026 17:48:26,-51,,,,anasgherfal@gmail.com,,
f2a7c55a,0027,5/11/2026 17:48:44,-5,,,,anasgherfal@gmail.com,,
47d39b82,bb4d1bd1,5/11/2026 17:49:02,-20,,,,anasgherfal@gmail.com,,
3669263b,02d86a9b,5/11/2026 17:49:11,-16,,,,anasgherfal@gmail.com,,
78f87c9c,0032,5/11/2026 17:49:56,-31,,,,anasgherfal@gmail.com,,
a60b4510,0064,5/11/2026 17:50:11,-21,,,,anasgherfal@gmail.com,,
6b2fdd88,0029,5/11/2026 17:50:21,-42,,,,anasgherfal@gmail.com,,
093a7412,70bdbe11,5/11/2026 17:50:35,-41,,,,anasgherfal@gmail.com,,
36acf239,0011,5/11/2026 17:50:59,-39,,,,anasgherfal@gmail.com,,
88cfef93,0002,5/11/2026 17:51:12,-324,,,,anasgherfal@gmail.com,,
55059ba3,0f694cb5,5/11/2026 17:51:43,-16,,,,anasgherfal@gmail.com,,
9db5f302,0029,5/13/2026 14:44:16,48,35177ec8,,,anasgherfal@gmail.com,,
d8b0fd12,8ed00567,5/13/2026 14:45:04,144,232714fb,,,anasgherfal@gmail.com,,
bd59786e,0011,5/13/2026 14:45:45,96,232714fb,,,anasgherfal@gmail.com,,
1cfa07b9,70bdbe11,5/13/2026 14:45:53,120,232714fb,,,anasgherfal@gmail.com,,
a329d1bf,0032,5/13/2026 14:46:00,27,232714fb,,,anasgherfal@gmail.com,,
ab444766,0064,5/13/2026 14:46:05,27,232714fb,,,anasgherfal@gmail.com,,
ca102e93,a19879cf,5/13/2026 14:47:54,120,0faa5a7d,,,anasgherfal@gmail.com,,
f9b1502a,bb4d1bd1,5/13/2026 14:48:03,48,0faa5a7d,,,anasgherfal@gmail.com,,
caa4b5cb,02d86a9b,5/13/2026 14:48:09,72,0faa5a7d,,,anasgherfal@gmail.com,,
cce805e8,0014,5/13/2026 14:48:17,60,0faa5a7d,,,anasgherfal@gmail.com,,
de5158c6,220a28b9,5/13/2026 14:48:23,17,0faa5a7d,,,anasgherfal@gmail.com,,
645fc80a,0019,5/13/2026 14:48:31,48,0faa5a7d,,,anasgherfal@gmail.com,,
2ec17f26,0002,5/13/2026 14:49:11,600,078be5f0,,,anasgherfal@gmail.com,,
3f898953,0033,5/13/2026 14:49:59,24,042d8e4c,,,anasgherfal@gmail.com,,
eafa5043,6c787857,5/13/2026 14:50:03,24,042d8e4c,,,anasgherfal@gmail.com,,
c7c6e562,0021,5/13/2026 14:50:59,48,2e4b81ab,,,anasgherfal@gmail.com,,
a53447f3,bb6c2490,5/13/2026 17:26:40,-10,,,,zegallai911@gmail.com,,
cbabfd65,c099f042,5/13/2026 17:26:53,-2,,,,zegallai911@gmail.com,,
ebc2c704,12b96290,5/13/2026 17:27:06,-8,,,,zegallai911@gmail.com,,
ec2ebdda,0001,5/13/2026 17:27:14,-2,,,,zegallai911@gmail.com,,
376026bc,0001,5/13/2026 17:27:21,-30,,,,zegallai911@gmail.com,,
5aa6eac4,12b96290,5/13/2026 17:27:29,-15,,,,zegallai911@gmail.com,,
985338a7,c22010ef,5/13/2026 17:28:34,-3,,,,zegallai911@gmail.com,,
2b42bc86,0019,5/13/2026 17:28:46,-13,,,,zegallai911@gmail.com,,
ba559d75,02d86a9b,5/13/2026 17:30:16,-24,,,,zegallai911@gmail.com,,
a9281c17,bb4d1bd1,5/13/2026 17:30:26,-24,,,,zegallai911@gmail.com,,
b11074c5,a19879cf,5/13/2026 17:30:34,-24,,,,zegallai911@gmail.com,,
5ae59f87,8ed00567,5/13/2026 17:31:47,-12,,,,zegallai911@gmail.com,,
0ea6b2aa,0064,5/13/2026 17:32:23,-2,,,,zegallai911@gmail.com,,
94ba3143,0032,5/13/2026 17:32:29,-6,,,,zegallai911@gmail.com,,
7b656434,0029,5/13/2026 17:35:20,-7,,,,zegallai911@gmail.com,,
214e3dc9,70bdbe11,5/13/2026 17:35:30,-14,,,,zegallai911@gmail.com,,
405735b4,0002,5/13/2026 17:35:44,-60,,,,zegallai911@gmail.com,,
606b3f88,0002,5/13/2026 19:23:30,600,e2ae3eda,,,anasgherfal@gmail.com,,
851910c1,0001,5/14/2026 21:44:23,-16,,,,zegallai911@gmail.com,,
22da4161,12b96290,5/14/2026 21:44:34,-24,,,,zegallai911@gmail.com,,
88befe8e,bb6c2490,5/14/2026 21:45:04,-14,,,,zegallai911@gmail.com,,
e723cdc5,0033,5/14/2026 21:45:21,-2,,,,zegallai911@gmail.com,,
ba283f68,0024,5/14/2026 21:46:38,-7,,,,zegallai911@gmail.com,,
09f4f51b,0014,5/14/2026 21:46:45,-15,,,,zegallai911@gmail.com,,
af89e949,02d86a9b,5/14/2026 21:47:11,-10,,,,zegallai911@gmail.com,,
b47c5ec7,a19879cf,5/14/2026 21:47:19,-10,,,,zegallai911@gmail.com,,
43578181,bb4d1bd1,5/14/2026 21:47:39,-4,,,,zegallai911@gmail.com,,
88a25185,02d86a9b,5/14/2026 21:48:42,-10,,,,zegallai911@gmail.com,,
d84b7172,0032,5/14/2026 21:49:53,-14,,,,zegallai911@gmail.com,,
6cbf0f61,0064,5/14/2026 21:50:03,-7,,,,zegallai911@gmail.com,,
1be517d2,0064,5/14/2026 21:51:35,-7,,,,zegallai911@gmail.com,,
ec094963,8ed00567,5/14/2026 21:53:27,-12,,,,zegallai911@gmail.com,,
dbcf18bb,0f694cb5,5/14/2026 21:53:40,-6,,,,zegallai911@gmail.com,,
3399663b,70bdbe11,5/14/2026 21:57:27,-11,,,,zegallai911@gmail.com,,
f5a47275,0029,5/14/2026 21:57:38,-10,,,,zegallai911@gmail.com,,
bc007e6e,0011,5/14/2026 21:58:00,-13,,,,zegallai911@gmail.com,,
67e2ec8e,0002,5/14/2026 21:59:07,-84,,,,zegallai911@gmail.com,,
835b9089,bb6c2490,5/15/2026 0:59:14,-21,,,,zegallai911@gmail.com,,
e84249b3,0001,5/15/2026 0:59:25,-30,,,,zegallai911@gmail.com,,
d3b220b3,0033,5/15/2026 0:59:34,-1,,,,zegallai911@gmail.com,,
b16fa5bd,0014,5/15/2026 0:59:59,-10,,,,zegallai911@gmail.com,,
8e172fb4,0024,5/15/2026 1:00:14,-8,,,,zegallai911@gmail.com,,
0912a97a,0027,5/15/2026 1:00:42,-8,,,,zegallai911@gmail.com,,
7ee8801b,0f694cb5,5/15/2026 1:01:47,-4,,,,zegallai911@gmail.com,,
63e6f521,8ed00567,5/15/2026 1:02:15,-10,,,,zegallai911@gmail.com,,
d18e2f48,0032,5/15/2026 1:02:47,-14,,,,zegallai911@gmail.com,,
47c49d06,0064,5/15/2026 1:02:58,-4,,,,zegallai911@gmail.com,,
50173207,0029,5/15/2026 1:05:49,-23,,,,zegallai911@gmail.com,,
f7babfc2,70bdbe11,5/15/2026 1:06:00,-12,,,,zegallai911@gmail.com,,
6719359f,0011,5/15/2026 1:07:40,-19,,,,zegallai911@gmail.com,,
c57d9a32,0002,5/15/2026 1:08:29,-72,,,,zegallai911@gmail.com,,
6e0114f5,bb6c2490,5/15/2026 11:00:09,-31,,,,zegallai911@gmail.com,,
3c223896,0001,5/15/2026 11:00:37,-15,,,,zegallai911@gmail.com,,
b6834d33,8ed00567,5/15/2026 11:00:47,-12,,,,zegallai911@gmail.com,,
4c9ccc11,02d86a9b,5/15/2026 11:01:14,-20,,,,zegallai911@gmail.com,,
78cceaa9,a19879cf,5/15/2026 11:01:26,-10,,,,zegallai911@gmail.com,,
14444776,0002,5/15/2026 11:03:21,-36,,,,zegallai911@gmail.com,,
9cb07260,0029,5/15/2026 11:04:06,-12,,,,zegallai911@gmail.com,,
bcc80c23,70bdbe11,5/15/2026 11:04:13,-5,,,,zegallai911@gmail.com,,
7208ccc2,0002,5/15/2026 11:12:23,-60,,,,zegallai911@gmail.com,,
a4d36f9c,0011,5/15/2026 11:12:49,-12,,,,zegallai911@gmail.com,,
9eb7f3f2,8ed00567,5/15/2026 11:13:11,-2,,,,zegallai911@gmail.com,,
3167ecad,0064,5/15/2026 11:13:22,-4,,,,zegallai911@gmail.com,,
3c81eb43,a19879cf,5/19/2026 22:28:52,-6,,,,zegallai911@gmail.com,,
efc2994f,02d86a9b,5/19/2026 22:29:02,-3,,,,zegallai911@gmail.com,,
cc14d37f,bb4d1bd1,5/19/2026 22:29:10,-12,,,,zegallai911@gmail.com,,
47e45b07,0f694cb5,5/19/2026 22:31:08,-12,,,,zegallai911@gmail.com,,
9d809364,70bdbe11,5/19/2026 22:31:25,-7,,,,zegallai911@gmail.com,,
12c18a36,0029,5/19/2026 22:32:14,-21,,,,zegallai911@gmail.com,,
eb7cb599,0011,5/19/2026 22:34:44,-15,,,,zegallai911@gmail.com,,
ca408b67,0002,5/19/2026 22:35:01,-84,,,,zegallai911@gmail.com,,
62ca0530,d5b5f9d1,5/19/2026 22:41:41,-15,,,,zegallai911@gmail.com,,
b57c3b99,0001,5/19/2026 22:42:11,-15,,,,zegallai911@gmail.com,,
dfa8fe85,12b96290,5/19/2026 22:42:17,-8,,,,zegallai911@gmail.com,,
2712463a,bb6c2490,5/19/2026 22:42:24,-7,,,,zegallai911@gmail.com,,
4feae8bf,d5b5f9d1,5/19/2026 22:53:54,-30,,,,zegallai911@gmail.com,,
20540af3,12b96290,5/19/2026 22:54:01,-7,,,,zegallai911@gmail.com,,
2c048976,d5b5f9d1,5/19/2026 22:54:16,-4,,,,zegallai911@gmail.com,,
b6273747,bb6c2490,5/19/2026 22:54:22,-14,,,,zegallai911@gmail.com,,
d4c1735f,0014,5/19/2026 22:54:33,-15,,,,zegallai911@gmail.com,,
8462a003,0014,5/19/2026 22:54:49,-6,,,,zegallai911@gmail.com,,
29d798c5,a19879cf,5/19/2026 22:56:59,-20,,,,zegallai911@gmail.com,,
dd80af30,02d86a9b,5/19/2026 22:57:10,-3,,,,zegallai911@gmail.com,,
f4d38740,bb4d1bd1,5/19/2026 22:57:19,-12,,,,zegallai911@gmail.com,,
3fb67367,0032,5/19/2026 22:59:21,-9,,,,zegallai911@gmail.com,,
091dd976,0064,5/19/2026 22:59:30,-7,,,,zegallai911@gmail.com,,
fe73f6b8,0f694cb5,5/19/2026 23:00:02,-11,,,,zegallai911@gmail.com,,
0b590306,0029,5/19/2026 23:01:58,-23,,,,zegallai911@gmail.com,,
3d45f210,0029,5/19/2026 23:02:36,-7,,,,zegallai911@gmail.com,,
aa05eed3,70bdbe11,5/19/2026 23:03:57,-9,,,,zegallai911@gmail.com,,
7497d390,0002,5/19/2026 23:04:17,-60,,,,zegallai911@gmail.com,,