Month,Machine,Product,Sales,Profit,Units,AvgPrice,ProfitPerUnit,SPI_Units,SPI_Profit,SPI_Final
45658,DPMall,Al Ain can,89,89,33,2.696969697,2.696969697,6.991525424,10.85365854,8.729485325
45658,DPMall,Al Nada cake,163,163,163,1,1,34.53389831,19.87804878,27.93876602
45658,DPMall,Boss Energy drink,48,48,16,3,3,3.389830508,5.853658537,4.498553121
45658,DPMall,Dark blue energy,57,57,19,3,3,4.025423729,6.951219512,5.342031831
45658,DPMall,Donut cake,80,80,80,1,1,16.94915254,9.756097561,13.7122778
45658,DPMall,Freez drink,95,95,21,4.523809524,4.523809524,4.449152542,11.58536585,7.660448532
45658,DPMall,Gardena,101,101,21,4.80952381,4.80952381,4.449152542,12.31707317,7.989716825
45658,DPMall,GoOn Energy chocolate,3,3,1,3,3,0.2118644068,0.3658536585,0.2811595701
45658,DPMall,Green,181,181,46,3.934782609,3.934782609,9.745762712,22.07317073,15.29309632
45658,DPMall,Laviva,566,566,283,2,2,59.95762712,69.02439024,64.03767053
45658,DPMall,Masa suntop,333,333,320,1.040625,1.040625,67.79661017,40.6097561,55.56252584
45658,DPMall,Milk & cereals loacker,19,19,7,2.714285714,2.714285714,1.483050847,2.317073171,1.858360893
45658,DPMall,Mr Crunch,420,420,108,3.888888889,3.888888889,22.88135593,51.2195122,35.63352625
45658,DPMall,Mr Crunch cheez top,200,200,50,4,4,10.59322034,24.3902439,16.80188094
45658,DPMall,Roshen Chocolate,97,97,34,2.852941176,2.852941176,7.203389831,11.82926829,9.285035138
45658,DPMall,SunTop Saudi,396,396,396,1,1,83.89830508,48.29268293,67.87577511
45658,DPMall,Takis,820,820,46,17.82608696,17.82608696,9.745762712,100,50.36016949
45658,DPMall,Tiger Medium 16,77,77,19,4.052631579,4.052631579,4.025423729,9.390243902,6.439592807
45658,DPMall,Tiger Small,6,6,2,3,3,0.4237288136,0.7317073171,0.5623191401
45658,DPMall,Tiger excellence *10,430,430,88,4.886363636,4.886363636,18.6440678,52.43902439,33.85179826
45658,DPMall,Wafe up extra,146,146,71,2.056338028,2.056338028,15.04237288,17.80487805,16.28550021
45658,DPMall,Wanted chocolate,28,28,14,2,2,2.966101695,3.414634146,3.167941298
45658,DPMall,Water,472,472,472,1,1,100,57.56097561,80.90243902
45658,DPMall,Wild Power Energy 500ml,330,330,66,5,5,13.98305085,40.24390244,25.80043406
45658,DPMall,Wild Power Energy drink,185,185,61,3.032786885,3.032786885,12.92372881,22.56097561,17.26048987
45658,DPMall,X!R,583,583,144,4.048611111,4.048611111,30.50847458,71.09756098,48.77356346
45658,DPMall,X!R 500ml,153,153,24,6.375,6.375,5.084745763,18.65853659,11.19295163
45658,DPMall,drFood Stix,113,113,43,2.627906977,2.627906977,9.110169492,13.7804878,11.21181273
45658,DPMall,festa,6,6,2,3,3,0.4237288136,0.7317073171,0.5623191401
45658,DPMall,kinza,58,58,29,2,2,6.144067797,7.073170732,6.562164117
45658,DPMall,maxxx chips 65g,392,392,79,4.962025316,4.962025316,16.73728814,47.80487805,30.7177036
45658,DPMall,mr bite,93,93,47,1.978723404,1.978723404,9.957627119,11.34146341,10.58035345
45658,DPMall,ono cake,88,88,88,1,1,18.6440678,10.73170732,15.08350558
45658,DPMall,popcorn funday,190,190,38,5,5,8.050847458,23.17073171,14.85479537
45658,DPMall,popcorn pizza funday,15,15,3,5,5,0.6355932203,1.829268293,1.172747003
45658,DPMall,sitos 90g,59,59,10,5.9,5.9,2.118644068,7.195121951,4.403059115
45658,DPMall,tiger chips *12,608,608,152,4,4,32.20338983,74.14634146,51.07771807
45689,DPMall,Al Ain can,57,57,19,3,3,5.23415978,7.421875,6.218631629
45689,DPMall,Boss Energy drink,57,57,19,3,3,5.23415978,7.421875,6.218631629
45689,DPMall,Freez drink,105,105,21,5,5,5.785123967,13.671875,9.334161932
45689,DPMall,Gardena,79,79,18,4.388888889,4.388888889,4.958677686,10.28645833,7.356178977
45689,DPMall,Green,68,68,17,4,4,4.683195592,8.854166667,6.560132576
45689,DPMall,Laviva,80,80,40,2,2,11.01928375,10.41666667,10.74810606
45689,DPMall,Marshmellow sweetBag,27,27,9,3,3,2.479338843,3.515625,2.945667614
45689,DPMall,Masa suntop,218,218,201,1.084577114,1.084577114,55.37190083,28.38541667,43.22798295
45689,DPMall,Milk & cereals loacker,18,18,6,3,3,1.652892562,2.34375,1.963778409
45689,DPMall,Mr Crunch,443,443,107,4.140186916,4.140186916,29.47658402,57.68229167,42.16915246
45689,DPMall,Mr Crunch cheez top,200,200,50,4,4,13.77410468,26.04166667,19.29450758
45689,DPMall,Roshen Chocolate,87,87,29,3,3,7.988980716,11.328125,9.491595644
45689,DPMall,Spuds noraml,41,41,8,5.125,5.125,2.203856749,5.338541667,3.614464962
45689,DPMall,SunTop Saudi,313,313,313,1,1,86.22589532,40.75520833,65.76408617
45689,DPMall,Takis,768,768,40,19.2,19.2,11.01928375,100,51.06060606
45689,DPMall,Tiger Medium 16,93,93,31,3,3,8.539944904,12.109375,10.14618845
45689,DPMall,Tiger excellence *10,268,268,54,4.962962963,4.962962963,14.87603306,34.89583333,23.88494318
45689,DPMall,Tiger excellence super jambo,50,50,10,5,5,2.754820937,6.510416667,4.444839015
45689,DPMall,Wafe up extra,138,138,69,2,2,19.00826446,17.96875,18.54048295
45689,DPMall,Water,334,334,334,1,1,92.01101928,43.48958333,70.17637311
45689,DPMall,Wild Power Energy 500ml,40,40,8,5,5,2.203856749,5.208333333,3.555871212
45689,DPMall,Wild Power Energy drink,138,138,46,3,3,12.67217631,17.96875,15.05563447
45689,DPMall,X!R,578,578,144,4.013888889,4.013888889,39.66942149,75.26041667,55.68536932
45689,DPMall,X!R 500ml,146,146,25,5.84,5.84,6.887052342,19.01041667,12.34256629
45689,DPMall,boba tea,48,48,4,12,12,1.101928375,6.25,3.418560606
45689,DPMall,bonart sour,138,138,34,4.058823529,4.058823529,9.366391185,17.96875,13.23745265
45689,DPMall,drFood Stix,105,105,35,3,3,9.641873278,13.671875,11.45537405
45689,DPMall,festa,21,21,7,3,3,1.928374656,2.734375,2.291074811
45689,DPMall,flik flak,363,363,363,1,1,100,47.265625,76.26953125
45689,DPMall,helo kitty,30,30,5,6,6,1.377410468,3.90625,2.515388258
45689,DPMall,kinder bueno,310,310,62,5,5,17.07988981,40.36458333,27.55800189
45689,DPMall,kinder country,57,57,19,3,3,5.23415978,7.421875,6.218631629
45689,DPMall,kinza,138,138,69,2,2,19.00826446,17.96875,18.54048295
45689,DPMall,m&m's,124,124,31,4,4,8.539944904,16.14583333,11.9625947
45689,DPMall,maxxx chips 65g,55,55,11,5,5,3.03030303,7.161458333,4.889322917
45689,DPMall,monster energy,9,9,1,9,9,0.2754820937,1.171875,0.6788589015
45689,DPMall,mr bite,198,198,95,2.084210526,2.084210526,26.1707989,25.78125,25.99550189
45689,DPMall,ono cake,61,61,61,1,1,16.80440771,7.942708333,12.81664299
45689,DPMall,pattes chips,78,78,13,6,6,3.581267218,10.15625,6.54000947
45689,DPMall,pepsi 500ml,108,108,36,3,3,9.917355372,14.0625,11.78267045
45689,DPMall,popcorn pizza funday,84,84,18,4.666666667,4.666666667,4.958677686,10.9375,7.649147727
45689,DPMall,pringles,6,6,1,6,6,0.2754820937,0.78125,0.5030776515
45689,DPMall,schweppers,24,24,8,3,3,2.203856749,3.125,2.618371212
45689,DPMall,shani 500ml,24,24,8,3,3,2.203856749,3.125,2.618371212
45689,DPMall,skittles,164,164,41,4,4,11.29476584,21.35416667,15.82149621
45689,DPMall,sprite,2,2,1,2,2,0.2754820937,0.2604166667,0.2687026515
45689,DPMall,tiger chips *12,691,691,174,3.971264368,3.971264368,47.9338843,89.97395833,66.85191761
45689,DPMall,vivaldi,44,44,22,2,2,6.060606061,5.729166667,5.911458333
45689,DPMall,xo energy,156,156,31,5.032258065,5.032258065,8.539944904,20.3125,13.8375947
45717,DPMall,Al rihan,90,90,90,1,1,15,7.481296758,11.61658354
45717,DPMall,Barbican,24,24,6,4,4,1,1.995012469,1.447755611
45717,DPMall,Chotos,100,100,28,3.571428571,3.571428571,4.666666667,8.312551953,6.307315046
45717,DPMall,Doritos nacho,1203,1203,302,3.983443709,3.983443709,50.33333333,100,72.68333333
45717,DPMall,Freez drink,40,40,8,5,5,1.333333333,3.325020781,2.229592685
45717,DPMall,Gardena,104,104,26,4,4,4.333333333,8.645054032,6.273607648
45717,DPMall,Green,24,24,6,4,4,1,1.995012469,1.447755611
45717,DPMall,Laviva,105,105,35,3,3,5.833333333,8.728179551,7.136014131
45717,DPMall,Masa suntop,106,106,106,1,1,17.66666667,8.811305071,13.68175395
45717,DPMall,Mr Crunch,145,145,35,4.142857143,4.142857143,5.833333333,12.05320033,8.632273483
45717,DPMall,Mr Crunch cheez top,8,8,2,4,4,0.3333333333,0.6650041563,0.4825852037
45717,DPMall,Spuds noraml,24,24,8,3,3,1.333333333,1.995012469,1.631088944
45717,DPMall,SunTop Saudi,341,341,341,1,1,56.83333333,28.34580216,44.01394431
45717,DPMall,Takis,428,428,23,18.60869565,18.60869565,3.833333333,35.57772236,18.1183084
45717,DPMall,Tiger *12,841,841,211,3.985781991,3.985781991,35.16666667,69.90856193,50.80051953
45717,DPMall,Tiger excellence *10,320,320,64,5,5,10.66666667,26.60016625,17.83674148
45717,DPMall,Wafe up extra,152,152,76,2,2,12.66666667,12.63507897,12.6524522
45717,DPMall,Water,600,600,600,1,1,100,49.87531172,77.44389027
45717,DPMall,Wild Power Energy 500ml,105,105,21,5,5,3.5,8.728179551,5.852680798
45717,DPMall,X!R,708,708,177,4,4,29.5,58.85286783,42.70879052
45717,DPMall,X!R 500ml,172,172,30,5.733333333,5.733333333,5,14.29758936,9.183915212
45717,DPMall,boba tea,96,96,8,12,12,1.333333333,7.980049875,4.324355777
45717,DPMall,bonart sour,275,275,57,4.824561404,4.824561404,9.5,22.85951787,15.51178304
45717,DPMall,flik flak,465,465,465,1,1,77.5,38.65336658,60.01901496
45717,DPMall,helo kitty,195,195,33,5.909090909,5.909090909,5.5,16.20947631,10.31926434
45717,DPMall,jelly candy,79,79,23,3.434782609,3.434782609,3.833333333,6.566916043,5.063445553
45717,DPMall,kinder bones,50,50,10,5,5,1.666666667,4.156275977,2.786990856
45717,DPMall,kinder bueno,475,475,95,5,5,15.83333333,39.48462178,26.47641313
45717,DPMall,kinder country,15,15,5,3,3,0.8333333333,1.246882793,1.01943059
45717,DPMall,kinza,78,78,39,2,2,6.5,6.483790524,6.492705736
45717,DPMall,kitkat,140,140,44,3.181818182,3.181818182,7.333333333,11.63757273,9.270241064
45717,DPMall,m&m's,180,180,45,4,4,7.5,14.96259352,10.85816708
45717,DPMall,maxBrew,6,6,1,6,6,0.1666666667,0.4987531172,0.3161055694
45717,DPMall,maxFly,28,28,7,4,4,1.166666667,2.327514547,1.689048213
45717,DPMall,maxxx chips 65g,28,28,7,4,4,1.166666667,2.327514547,1.689048213
45717,DPMall,monster energy,10,10,2,5,5,0.3333333333,0.8312551953,0.5573981712
45717,DPMall,mr bite,186,186,93,2,2,15.5,15.46134663,15.48260599
45717,DPMall,pattes chips,42,42,8,5.25,5.25,1.333333333,3.49127182,2.304405653
45717,DPMall,pepsi 500ml,144,144,48,3,3,8,11.97007481,9.786533666
45717,DPMall,prigles bugle,176,176,44,4,4,7.333333333,14.63009144,10.61687448
45717,DPMall,pringles,66,66,11,6,6,1.833333333,5.486284289,3.477161264
45717,DPMall,schweppers,72,72,24,3,3,4,5.985037406,4.893266833
45717,DPMall,shani 500ml,3,3,1,3,3,0.1666666667,0.2493765586,0.203886118
45717,DPMall,skittles,240,240,60,4,4,10,19.95012469,14.47755611
45717,DPMall,sprite,20,20,10,2,2,1.666666667,1.662510391,1.664796342
45717,DPMall,xo energy,150,150,30,5,5,5,12.46882793,8.360972569
45748,DPMall,Al rihan,156,156,156,1,1,21.91011236,6.800348736,15.11071873
45748,DPMall,Barbican,8,8,2,4,4,0.2808988764,0.3487358326,0.3114255067
45748,DPMall,Chotos,857,857,216,3.967592593,3.967592593,30.33707865,37.35832607,33.49663999
45748,DPMall,Doritos nacho,1227,1227,252,4.869047619,4.869047619,35.39325843,53.48735833,43.53560338
45748,DPMall,Freez drink,210,210,42,5,5,5.898876404,9.154315606,7.363824045
45748,DPMall,Gardena,40,40,10,4,4,1.404494382,1.743679163,1.557127533
45748,DPMall,Green,68,68,17,4,4,2.387640449,2.964254577,2.647116807
45748,DPMall,Laviva,246,246,82,3,3,11.51685393,10.72362685,11.15990175
45748,DPMall,Maltesers,115,115,23,5,5,3.230337079,5.013077594,4.03257031
45748,DPMall,Marshmellow sweetBag,208,208,57,3.649122807,3.649122807,8.005617978,9.067131648,8.483299129
45748,DPMall,Masa suntop,22,22,22,1,1,3.08988764,0.9590235397,2.130998795
45748,DPMall,Mr Crunch,683,683,170,4.017647059,4.017647059,23.87640449,29.77332171,26.53001724
45748,DPMall,SunTop,447,447,447,1,1,62.78089888,19.48561465,43.29802097
45748,DPMall,Takis,165,165,9,18.33333333,18.33333333,1.264044944,7.192676548,3.931929165
45748,DPMall,Tiger *12,2294,2294,499,4.597194389,4.597194389,70.08426966,100,83.54634831
45748,DPMall,Tiger excellence *10,511,511,109,4.688073394,4.688073394,15.30898876,22.27550131,18.44391941
45748,DPMall,Wafe up extra,263,263,120,2.191666667,2.191666667,16.85393258,11.4646905,14.42877364
45748,DPMall,Water,712,712,712,1,1,100,31.0374891,68.9668701
45748,DPMall,X!R,988,988,247,4,4,34.69101124,43.06887533,38.46105008
45748,DPMall,X!R 500ml,80,80,13,6.153846154,6.153846154,1.825842697,3.487358326,2.57352473
45748,DPMall,boba tea,84,84,7,12,12,0.9831460674,3.661726242,2.188507146
45748,DPMall,bonart sour,457,457,97,4.711340206,4.711340206,13.62359551,19.92153444,16.45766803
45748,DPMall,flik flak,566,566,566,1,1,79.49438202,24.67306016,54.82478718
45748,DPMall,helo kitty,219,219,32,6.84375,6.84375,4.494382022,9.546643418,6.76789965
45748,DPMall,kinder bones,481,481,97,4.958762887,4.958762887,13.62359551,20.96774194,16.9284614
45748,DPMall,kinder bueno,610,610,115,5.304347826,5.304347826,16.15168539,26.59110724,20.84942522
45748,DPMall,kinza,212,212,106,2,2,14.88764045,9.241499564,12.34687705
45748,DPMall,kitkat,148,148,37,4,4,5.196629213,6.451612903,5.761371874
45748,DPMall,m&m's,235,235,53,4.433962264,4.433962264,7.443820225,10.24411508,8.703952911
45748,DPMall,maxBrew,18,18,3,6,6,0.4213483146,0.7846556234,0.5848366035
45748,DPMall,maxFly,72,72,18,4,4,2.528089888,3.138622493,2.80282956
45748,DPMall,mr bite,248,248,124,2,2,17.41573034,10.81081081,14.44351655
45748,DPMall,pepsi 500ml,183,183,62,2.951612903,2.951612903,8.707865169,7.977332171,8.37912532
45748,DPMall,prigles bugle,417,417,101,4.128712871,4.128712871,14.18539326,18.17785527,15.98200117
45748,DPMall,real Doritos,64,64,9,7.111111111,7.111111111,1.264044944,2.789886661,1.950673716
45748,DPMall,schweppers,150,150,50,3,3,7.02247191,6.538796861,6.804818138
45748,DPMall,skittles,391,391,86,4.546511628,4.546511628,12.07865169,17.04446382,14.31326715
45748,DPMall,skittles drink,140,140,20,7,7,2.808988764,6.102877071,4.291238502
45748,DPMall,snickers,75,75,15,5,5,2.106741573,3.269398431,2.629937159
45748,DPMall,vitaGo,24,24,8,3,3,1.123595506,1.046207498,1.088770902
45748,DPMall,xo energy,110,110,22,5,5,3.08988764,4.795117698,3.857241167
45778,DPMall,Barbican,64,64,16,4,4,3.883495146,5.333333333,4.53592233
45778,DPMall,Chotos,98,98,23,4.260869565,4.260869565,5.582524272,8.166666667,6.74538835
45778,DPMall,Doritos Dinamita,96,96,8,12,12,1.941747573,8,4.667961165
45778,DPMall,Doritos nacho,1200,1200,240,5,5,58.25242718,100,77.03883495
45778,DPMall,Freez drink,90,90,18,5,5,4.368932039,7.5,5.777912621
45778,DPMall,Gardena,4,4,1,4,4,0.2427184466,0.3333333333,0.2834951456
45778,DPMall,Green,32,32,8,4,4,1.941747573,2.666666667,2.267961165
45778,DPMall,Laviva,105,105,35,3,3,8.495145631,8.75,8.609830097
45778,DPMall,Maltesers,230,230,46,5,5,11.16504854,19.16666667,14.7657767
45778,DPMall,Marshmellow sweetBag,56,56,16,3.5,3.5,3.883495146,4.666666667,4.23592233
45778,DPMall,Mr Crunch,28,28,7,4,4,1.699029126,2.333333333,1.984466019
45778,DPMall,SunTop,269,269,269,1,1,65.29126214,22.41666667,45.99769417
45778,DPMall,Takis,50,50,2,25,25,0.4854368932,4.166666667,2.141990291
45778,DPMall,Tiger *12,1172,1172,233,5.030042918,5.030042918,56.55339806,97.66666667,75.05436893
45778,DPMall,Wafe up extra,33,33,11,3,3,2.669902913,2.75,2.705946602
45778,DPMall,Water,416,416,412,1.009708738,1.009708738,100,34.66666667,70.6
45778,DPMall,X!R,644,644,161,4,4,39.0776699,53.66666667,45.64271845
45778,DPMall,bonart sour,260,260,52,5,5,12.62135922,21.66666667,16.69174757
45778,DPMall,flik flak,290,290,279,1.039426523,1.039426523,67.7184466,24.16666667,48.12014563
45778,DPMall,helo kitty,56,56,8,7,7,1.941747573,4.666666667,3.167961165
45778,DPMall,ifrui juice,24,24,12,2,2,2.912621359,2,2.501941748
45778,DPMall,kinder bueno,144,144,24,6,6,5.825242718,12,8.603883495
45778,DPMall,kinza,115,115,59,1.949152542,1.949152542,14.32038835,9.583333333,12.18871359
45778,DPMall,kitkat,113,113,35,3.228571429,3.228571429,8.495145631,9.416666667,8.909830097
45778,DPMall,m&m's,155,155,31,5,5,7.524271845,12.91666667,9.950849515
45778,DPMall,mr bite,216,216,108,2,2,26.21359223,18,22.51747573
45778,DPMall,ono cake,74,74,60,1.233333333,1.233333333,14.5631068,6.166666667,10.78470874
45778,DPMall,pepsi 500ml,255,255,85,3,3,20.63106796,21.25,20.90958738
45778,DPMall,schweppers,57,57,19,3,3,4.611650485,4.75,4.673907767
45778,DPMall,skittles,245,245,49,5,5,11.89320388,20.41666667,15.72876214
45778,DPMall,skittles drink,236,236,34,6.941176471,6.941176471,8.252427184,19.66666667,13.38883495
45778,DPMall,snickers,25,25,5,5,5,1.213592233,2.083333333,1.604975728
45778,DPMall,vitaGo,63,63,21,3,3,5.097087379,5.25,5.165898058
45778,DPMall,waffle cones,12,12,3,4,4,0.7281553398,1,0.8504854369
45778,DPMall,xo energy,120,120,24,5,5,5.825242718,10,7.703883495
45809,DPMall,Barbican,168,168,42,4,4,8.624229979,14.11764706,11.09626767
45809,DPMall,Doritos Dinamita,204,204,17,12,12,3.490759754,17.14285714,9.634203579
45809,DPMall,Doritos nacho,1190,1190,238,5,5,48.87063655,100,71.8788501
45809,DPMall,Freez drink,59,59,12,4.916666667,4.916666667,2.464065708,4.957983193,3.586328577
45809,DPMall,Gardena,60,60,15,4,4,3.080082136,5.042016807,3.962952738
45809,DPMall,Green,71,71,35,2.028571429,2.028571429,7.186858316,5.966386555,6.637646024
45809,DPMall,Laviva,90,90,34,2.647058824,2.647058824,6.981519507,7.56302521,7.243197073
45809,DPMall,Maltesers,250,250,50,5,5,10.26694045,21.00840336,15.10059876
45809,DPMall,Marshmellow sweetBag,130,130,26,5,5,5.338809035,10.92436975,7.852311356
45809,DPMall,SunTop,250,250,244,1.024590164,1.024590164,50.1026694,21.00840336,37.01024969
45809,DPMall,Takis,120,120,6,20,20,1.232032854,10.08403361,5.215433196
45809,DPMall,Tiger *12,811,811,161,5.037267081,5.037267081,33.05954825,68.1512605,48.85081877
45809,DPMall,Wafe up extra,117,117,39,3,3,8.008213552,9.831932773,8.828887202
45809,DPMall,Water,496,496,487,1.018480493,1.018480493,100,41.68067227,73.75630252
45809,DPMall,X!R,581,581,141,4.120567376,4.120567376,28.95277207,48.82352941,37.89461288
45809,DPMall,bonart sour,117,117,25,4.68,4.68,5.133470226,9.831932773,7.247778372
45809,DPMall,helo kitty,57,57,11,5.181818182,5.181818182,2.258726899,4.789915966,3.39776198
45809,DPMall,ifrui juice,36,36,19,1.894736842,1.894736842,3.901437372,3.025210084,3.507135092
45809,DPMall,kinder bueno,156,156,26,6,6,5.338809035,13.1092437,8.835504633
45809,DPMall,kinza,97,97,71,1.366197183,1.366197183,14.57905544,8.151260504,11.68654772
45809,DPMall,kitkat,48,48,12,4,4,2.464065708,4.033613445,3.17036219
45809,DPMall,mr bite,152,152,76,2,2,15.60574949,12.77310924,14.33106138
45809,DPMall,ono cake,239,239,239,1,1,49.07597536,20.08403361,36.02960157
45809,DPMall,pepsi 500ml,190,190,63,3.015873016,3.015873016,12.93634497,15.96638655,14.29986368
45809,DPMall,schweppers,46,46,16,2.875,2.875,3.285420945,3.865546218,3.546477318
45809,DPMall,skittles,145,145,29,5,5,5.954825462,12.18487395,8.758347281
45809,DPMall,skittles drink,108,108,13,8.307692308,8.307692308,2.669404517,9.075630252,5.552206098
45809,DPMall,snickers,130,130,26,5,5,5.338809035,10.92436975,7.852311356
45809,DPMall,vitaGo,126,126,42,3,3,8.624229979,10.58823529,9.508032371
45809,DPMall,xo energy,144,144,29,4.965517241,4.965517241,5.954825462,12.10084034,8.720532155
45809,HTMall,Doritos Dinamita,456,190,38,12,5,3.7109375,26.01314348,13.74693019
45809,HTMall,Doritos cool ranc,1660,730.4,332,5,2.2,32.421875,100,62.83203125
45809,HTMall,Freez,165,35.42,38,4.342105263,0.9321052632,3.7109375,4.84939759,4.223244541
45809,HTMall,Kinder Bueno,236,-7.6,42,5.619047619,-0.180952381,4.1015625,-1.040525739,1.787622792
45809,HTMall,Laviva,319,66,115,2.773913043,0.5739130435,11.23046875,9.036144578,10.24302287
45809,HTMall,Maltesers,635,-152.4,127,5,-1.2,12.40234375,-20.8652793,-2.568086622
45809,HTMall,Ono cake,548,164.4,548,1,0.3,53.515625,22.50821468,39.56229035
45809,HTMall,Pepsi 500ml,370,144.91,123,3.008130081,1.178130081,12.01171875,19.8398138,15.53436152
45809,HTMall,Schweppes,138,46,46,3,1,4.4921875,6.297918949,5.304766652
45809,HTMall,Skittles,418,-95.04,88,4.75,-1.08,8.59375,-13.01204819,-1.128859187
45809,HTMall,Skittles Drink,244,111,28,8.714285714,3.964285714,2.734375,15.19715225,8.34262476
45809,HTMall,Skittles drink,149,49.25,21,7.095238095,2.345238095,2.05078125,6.742880613,4.162225964
45809,HTMall,Takies,160,64,8,20,8,0.78125,8.762322015,4.372732407
45809,HTMall,Tiger *12,1368,539.48,269,5.085501859,2.005501859,26.26953125,73.86089814,47.68564635
45809,HTMall,Water,1024,716.8,1024,1,0.7,100,98.13800657,99.16210296
45809,HTMall,X!R,823,119.5,201,4.094527363,0.5945273632,19.62890625,16.36089814,18.1583026
45809,HTMall,Xo Energy,163,42.25,35,4.657142857,1.207142857,3.41796875,5.784501643,4.482908552
45809,HTMall,bonart,311,115.36,67,4.641791045,1.721791045,6.54296875,15.79408543,10.70597126
45809,HTMall,kinza,166,38.18,83,2,0.46,8.10546875,5.227272727,6.81028054
45809,HTMall,m&m,529,115.89,109,4.853211009,1.063211009,10.64453125,15.86664841,12.99448397
45809,HTMall,mr bite,226,90.34,102,2.215686275,0.8856862745,9.9609375,12.36856517,11.04436995
45809,HTMall,sunTop,574,237.4,561,1.023172906,0.4231729055,54.78515625,32.50273823,44.75806814
45809,HTMall,wafe'up,184,141.68,46,4,3.08,4.4921875,19.39759036,11.19961879
45839,DPMall,Doritos Dinamita,192,192,16,12,12,1.84544406,16.08040201,8.251175138
45839,DPMall,Doritos nacho,1194,1194,240,4.975,4.975,27.6816609,100,60.22491349
45839,DPMall,Freez drink,102,102,21,4.857142857,4.857142857,2.422145329,8.542713568,5.176401036
45839,DPMall,Gardena,52,52,13,4,4,1.499423299,4.355108878,2.784481809
45839,DPMall,Green,49,49,12,4.083333333,4.083333333,1.384083045,4.103852596,2.607979343
45839,DPMall,Laviva,138,138,46,3,3,5.305651672,11.55778894,8.119113445
45839,DPMall,Maltesers,235,235,47,5,5,5.420991926,19.68174204,11.83832948
45839,DPMall,Marshmellow sweetBag,95,95,23,4.130434783,4.130434783,2.652825836,7.956448911,5.03945622
45839,DPMall,Takis,120,120,6,20,20,0.6920415225,10.05025126,4.903235903
45839,DPMall,Tiger *12,955,955,191,5,5,22.02998847,79.98324958,48.10895597
45839,DPMall,Wafe up extra,58,58,14,4.142857143,4.142857143,1.614763552,4.857621441,3.074049602
45839,DPMall,Water,867,867,867,1,1,100,72.61306533,87.6758794
45839,DPMall,X!R,843,843,174,4.844827586,4.844827586,20.06920415,70.60301508,42.80941907
45839,DPMall,bonart sour,156,156,41,3.804878049,3.804878049,4.728950404,13.06532663,8.480319707
45839,DPMall,helo kitty,60,60,14,4.285714286,4.285714286,1.614763552,5.025125628,3.149426487
45839,DPMall,ifrui juice,75,75,25,3,3,2.883506344,6.281407035,4.412561655
45839,DPMall,kinder bueno,243,243,48,5.0625,5.0625,5.53633218,20.35175879,12.20327416
45839,DPMall,kinza,176,176,85,2.070588235,2.070588235,9.803921569,14.74036851,12.02532269
45839,DPMall,kitkat,47,47,11,4.272727273,4.272727273,1.268742791,3.936348409,2.469165319
45839,DPMall,mr bite,142,142,71,2,2,8.189158016,11.89279732,9.855795703
45839,DPMall,ono cake,193,193,183,1.054644809,1.054644809,21.10726644,16.1641541,18.88286589
45839,DPMall,pepsi 500ml,54,54,18,3,3,2.076124567,4.522613065,3.177044392
45839,DPMall,schweppers,84,84,41,2.048780488,2.048780488,4.728950404,7.035175879,5.766751868
45839,DPMall,skittles drink,62,62,12,5.166666667,5.166666667,1.384083045,5.192629816,3.097929092
45839,DPMall,snickers,83,83,19,4.368421053,4.368421053,2.191464821,6.951423786,4.333446355
45839,DPMall,sunTop,326,326,225,1.448888889,1.448888889,25.95155709,27.30318258,26.55978856
45839,DPMall,vitaGo,102,102,34,3,3,3.921568627,8.542713568,6.001083851
45839,DPMall,xo energy,215,215,43,5,5,4.959630911,18.00670017,10.83081208
45839,HTMall,Bounty,36,2.25,9,4,0.25,0.6756756757,0.2413127413,0.4802123552
45839,HTMall,Doritos Dinamita,528,220,44,12,5,3.303303303,23.5950236,12.43457743
45839,HTMall,Doritos cool ranc,1040,457.6,208,5,2.2,15.61561562,49.07764908,30.67353067
45839,HTMall,Freez,143,20.24,36,3.972222222,0.5622222222,2.702702703,2.170742171,2.463320463
45839,HTMall,Gardena,16,2.88,4,4,0.72,0.3003003003,0.3088803089,0.3041613042
45839,HTMall,Kinder Bueno,265,-30.8,51,5.196078431,-0.6039215686,3.828828829,-3.303303303,0.6193693694
45839,HTMall,Laviva,129,34.4,43,3,0.8,3.228228228,3.689403689,3.435757186
45839,HTMall,Maltesers,465,-111.6,93,5,-1.2,6.981981982,-11.96911197,-1.546010296
45839,HTMall,Ono cake,77,28.7,69,1.115942029,0.415942029,5.18018018,3.078078078,4.234234234
45839,HTMall,Pepsi,75,18.75,25,3,0.75,1.876876877,2.010939511,1.937205062
45839,HTMall,Pepsi 500ml,124,47.14,42,2.952380952,1.122380952,3.153153153,5.055770056,4.009330759
45839,HTMall,Schweppes,111,41,35,3.171428571,1.171428571,2.627627628,4.397254397,3.423959674
45839,HTMall,Sirma,12,3,3,4,1,0.2252252252,0.3217503218,0.2686615187
45839,HTMall,Skittles,14,2.34,2,7,1.17,0.1501501502,0.250965251,0.1955169455
45839,HTMall,Skittles Drink,131,64.5,14,9.357142857,4.607142857,1.051051051,6.917631918,3.691012441
45839,HTMall,Skittles drink,104,-19.5,26,4,-0.75,1.951951952,-2.091377091,0.1324538825
45839,HTMall,Snickers,84,-10.5,21,4,-0.5,1.576576577,-1.126126126,0.3603603604
45839,HTMall,Takies,190,22,14,13.57142857,1.571428571,1.051051051,2.35950236,1.63985414
45839,HTMall,Tiger *12,972,377.56,193,5.03626943,1.95626943,14.48948949,40.49335049,26.19122694
45839,HTMall,Twix,35,10.5,7,5,1.5,0.5255255255,1.126126126,0.7957957958
45839,HTMall,Water,1332,932.4,1332,1,0.7,100,100,100
45839,HTMall,X!R,515,28.5,139,3.705035971,0.2050359712,10.43543544,3.056628057,7.114972115
45839,HTMall,Xo Energy,92,23,20,4.6,1.15,1.501501502,2.466752467,1.935864436
45839,HTMall,bonart,385,57.96,112,3.4375,0.5175,8.408408408,6.216216216,7.421921922
45839,HTMall,kinder delice,75,15,25,3,0.6,1.876876877,1.608751609,1.756220506
45839,HTMall,kinza,369,107.2,170,2.170588235,0.6305882353,12.76276276,11.4972115,12.19326469
45839,HTMall,m&m,135,-92.4,60,2.25,-1.54,4.504504505,-9.90990991,-1.981981982
45839,HTMall,mr bite,167,59.27,81,2.061728395,0.7317283951,6.081081081,6.356713857,6.20511583
45839,HTMall,sunTop,492,257.4,391,1.25831202,0.6583120205,29.35435435,27.60617761,28.56767482
45839,HTMall,wafe'up,42,30.04,13,3.230769231,2.310769231,0.975975976,3.221793222,1.986593737
45839,HospAlmoa,Almarai Chocolate,24,2,11,2.181818182,0.1818181818,5.140186916,1.335113485,3.427903872
45839,HospAlmoa,Bounty,40,2.5,10,4,0.25,4.672897196,1.668891856,3.321094793
45839,HospAlmoa,Corissant Karuzo,78,43.42,26,3,1.67,12.14953271,28.98531375,19.72563418
45839,HospAlmoa,Digestive,26,9.62,26,1,0.37,12.14953271,6.421895861,9.572096128
45839,HospAlmoa,Doritos nacho,201,83.4,42,4.785714286,1.985714286,19.62616822,55.67423231,35.84779706
45839,HospAlmoa,Freez,115,36.57,23,5,1.59,10.74766355,24.41255007,16.89686248
45839,HospAlmoa,Gardena,8,1.44,2,4,0.72,0.9345794393,0.9612817089,0.9465954606
45839,HospAlmoa,Kinder Bueno,310,-49.6,62,5,-0.8,28.97196262,-33.11081442,1.034712951
45839,HospAlmoa,KitKat,52,4.81,13,4,0.37,6.074766355,3.210947931,4.786048064
45839,HospAlmoa,Kunuz Juice,75,37,19,3.947368421,1.947368421,8.878504673,24.69959947,15.99799733
45839,HospAlmoa,Laviva,36,9.6,12,3,0.8,5.607476636,6.408544726,5.967957276
45839,HospAlmoa,Lovita cookies,101,18.12,16,6.3125,1.1325,7.476635514,12.09612817,9.55540721
45839,HospAlmoa,Maltesers,130,-31.2,26,5,-1.2,12.14953271,-20.82777036,-2.690253672
45839,HospAlmoa,Mars,24,2.4,6,4,0.4,2.803738318,1.602136182,2.263017356
45839,HospAlmoa,Pepsi,75,18.75,25,3,0.75,11.68224299,12.51668892,12.05774366
45839,HospAlmoa,Pretzels,50,17.5,10,5,1.75,4.672897196,11.68224299,7.827102804
45839,HospAlmoa,Rauch Drink,63,5.25,7,9,0.75,3.271028037,3.504672897,3.376168224
45839,HospAlmoa,Schweppes,55,25,15,3.666666667,1.666666667,7.009345794,16.68891856,11.36515354
45839,HospAlmoa,Sirma,24,6,6,4,1,2.803738318,4.005340454,3.344459279
45839,HospAlmoa,Snickers,44,-5.5,11,4,-0.5,5.140186916,-3.671562083,1.174899866
45839,HospAlmoa,Tiger *12,254,100,50,5.08,2,23.36448598,66.75567423,42.89052069
45839,HospAlmoa,Twix,45,13.5,9,5,1.5,4.205607477,9.012016021,6.368491322
45839,HospAlmoa,Water,214,149.8,214,1,0.7,100,100,100
45839,HospAlmoa,X!R,296,37,74,4,0.5,34.57943925,24.69959947,30.13351135
45839,HospAlmoa,kinza,34,10.9,15,2.266666667,0.7266666667,7.009345794,7.276368491,7.129506008
45839,HospAlmoa,mr bite,60,20.1,30,2,0.67,14.01869159,13.41789052,13.74833111
45839,HospAlmoa,sunTop,40,16,40,1,0.4,18.69158879,10.68090788,15.08678238
45870,DPMall,Doritos Dinamita,144,144,12,12,12,1.411764706,16.94117647,8.4
45870,DPMall,Doritos cool ranc,823,823,166,4.957831325,4.957831325,19.52941176,96.82352941,54.31176471
45870,DPMall,Freez drink,125,125,25,5,5,2.941176471,14.70588235,8.235294118
45870,DPMall,Gardena,91,91,15,6.066666667,6.066666667,1.764705882,10.70588235,5.788235294
45870,DPMall,Green,87,87,29,3,3,3.411764706,10.23529412,6.482352941
45870,DPMall,Laviva,105,105,35,3,3,4.117647059,12.35294118,7.823529412
45870,DPMall,Maltesers,165,165,31,5.322580645,5.322580645,3.647058824,19.41176471,10.74117647
45870,DPMall,Marshmellow sweetBag,45,45,9,5,5,1.058823529,5.294117647,2.964705882
45870,DPMall,Tiger *12,830,830,166,5,5,19.52941176,97.64705882,54.68235294
45870,DPMall,Wafe up extra,95,95,19,5,5,2.235294118,11.17647059,6.258823529
45870,DPMall,Water,850,850,850,1,1,100,100,100
45870,DPMall,X!R,635,635,131,4.847328244,4.847328244,15.41176471,74.70588235,42.09411765
45870,DPMall,bonart sour,208,208,42,4.952380952,4.952380952,4.941176471,24.47058824,13.72941176
45870,DPMall,helo kitty,104,104,29,3.586206897,3.586206897,3.411764706,12.23529412,7.382352941
45870,DPMall,ifrui juice,93,93,31,3,3,3.647058824,10.94117647,6.929411765
45870,DPMall,kinder bueno,90,90,15,6,6,1.764705882,10.58823529,5.735294118
45870,DPMall,kinza,223,223,90,2.477777778,2.477777778,10.58823529,26.23529412,17.62941176
45870,DPMall,kitkat,60,60,12,5,5,1.411764706,7.058823529,3.952941176
45870,DPMall,mr bite,80,80,26,3.076923077,3.076923077,3.058823529,9.411764706,5.917647059
45870,DPMall,ono cake,222,222,210,1.057142857,1.057142857,24.70588235,26.11764706,25.34117647
45870,DPMall,pepsi 500ml,3,3,1,3,3,0.1176470588,0.3529411765,0.2235294118
45870,DPMall,schweppers,68,68,34,2,2,4,8,5.8
45870,DPMall,snickers,136,136,54,2.518518519,2.518518519,6.352941176,16,10.69411765
45870,DPMall,sunTop,337,337,279,1.207885305,1.207885305,32.82352941,39.64705882,35.89411765
45870,DPMall,vitaGo,84,84,26,3.230769231,3.230769231,3.058823529,9.882352941,6.129411765
45870,DPMall,xo energy,120,120,9,13.33333333,13.33333333,1.058823529,14.11764706,6.935294118
45870,HTMall,Bounty,38,8,8,4.75,1,0.5177993528,0.7397133611,0.6176606565
45870,HTMall,Doritos Dinamita,276,115,23,12,5,1.488673139,10.63337957,5.603791031
45870,HTMall,Doritos nacho,905,398.2,181,5,2.2,11.71521036,36.81923255,23.01202034
45870,HTMall,Freez,131,25.29,31,4.225806452,0.8158064516,2.006472492,2.338418863,2.155848359
45870,HTMall,Gardena,22,-0.96,7,3.142857143,-0.1371428571,0.4530744337,-0.08876560333,0.209246417
45870,HTMall,Green,16,4.16,4,4,1.04,0.2588996764,0.3846509478,0.3154877485
45870,HTMall,Haribo,102,42.5,34,3,1.25,2.200647249,3.929727231,2.978733241
45870,HTMall,Kinder Bueno,108,3.6,18,6,0.2,1.165048544,0.3328710125,0.7905686546
45870,HTMall,Kinder bueno1stick,40,10,10,4,1,0.6472491909,0.9246417013,0.7720758206
45870,HTMall,Laviva,134,37.2,44,3.045454545,0.8454545455,2.84789644,3.439667129,3.11419325
45870,HTMall,Maltesers,266,-50.2,51,5.215686275,-0.9843137255,3.300970874,-4.641701341,-0.2732316227
45870,HTMall,Ono cake,193,57.9,193,1,0.3,12.49190939,5.353675451,9.279704115
45870,HTMall,Pepsi,291,72.75,97,3,0.75,6.278317152,6.726768377,6.480120203
45870,HTMall,Schweppes,117,39,39,3,1,2.524271845,3.606102635,3.0110957
45870,HTMall,Sirma,52,13,13,4,1,0.8414239482,1.202034212,1.003698567
45870,HTMall,Skittles,161,26.91,23,7,1.17,1.488673139,2.488210818,1.938465095
45870,HTMall,Snickers,108,4.5,23,4.695652174,0.1956521739,1.488673139,0.4160887656,1.006010171
45870,HTMall,Takies,20,-28,4,5,-7,0.2588996764,-2.588996764,-1.022653722
45870,HTMall,Tiger *12,1130,433.92,226,5,1.92,14.62783172,40.1220527,26.10023116
45870,HTMall,Twix,95,28.5,19,5,1.5,1.229773463,2.635228849,1.862228387
45870,HTMall,Water,1545,1081.5,1545,1,0.7,100,100,100
45870,HTMall,X!R,487,102,110,4.427272727,0.9272727273,7.1197411,9.431345354,8.159963014
45870,HTMall,Xo Energy,80,24.8,16,5,1.55,1.035598706,2.293111419,1.601479427
45870,HTMall,bonart,916,256.08,226,4.053097345,1.133097345,14.62783172,23.67822469,18.70050855
45870,HTMall,kinza,386,88.78,193,2,0.46,12.49190939,8.208969025,10.56458622
45870,HTMall,mr bite,254,85.09,127,2,0.67,8.220064725,7.867776237,8.061534905
45870,HTMall,sunTop,437,177.2,433,1.009237875,0.4092378753,28.02588997,16.38465095,22.78733241
45870,HTMall,wafe'up,46,24.84,23,2,1.08,1.488673139,2.296809986,1.85233472
45870,HospAlmoa,Almarai Chocolate,84,28,28,3,1,6.306306306,9.009009009,7.522522523
45870,HospAlmoa,Bounty,96,9.75,23,4.173913043,0.4239130435,5.18018018,3.137065637,4.260778636
45870,HospAlmoa,Caser Juice,105,18.27,21,5,0.87,4.72972973,5.878378378,5.246621622
45870,HospAlmoa,Corissant Karuzo,105,58.45,35,3,1.67,7.882882883,18.80630631,12.79842342
45870,HospAlmoa,Digestive,64,23.68,64,1,0.37,14.41441441,7.619047619,11.35649936
45870,HospAlmoa,Doritos cool ranc,440,193.6,88,5,2.2,19.81981982,62.29086229,38.93178893
45870,HospAlmoa,Freez,165,52.47,33,5,1.59,7.432432432,16.88223938,11.68484556
45870,HospAlmoa,Gardena,55,9.08,14,3.928571429,0.6485714286,3.153153153,2.921492921,3.048906049
45870,HospAlmoa,Green,34,7.36,9,3.777777778,0.8177777778,2.027027027,2.368082368,2.180501931
45870,HospAlmoa,Justo Drink,8,4,4,2,1,0.9009009009,1.287001287,1.074646075
45870,HospAlmoa,Kinder Bueno,438,14.6,73,6,0.2,16.44144144,4.697554698,11.15669241
45870,HospAlmoa,Kinder bueno1stick,108,27,27,4,1,6.081081081,8.687258687,7.253861004
45870,HospAlmoa,KitKat,64,5.92,16,4,0.37,3.603603604,1.904761905,2.839124839
45870,HospAlmoa,Kunuz Juice,62,22,20,3.1,1.1,4.504504505,7.078507079,5.662805663
45870,HospAlmoa,Laviva,144,38.4,48,3,0.8,10.81081081,12.35521236,11.50579151
45870,HospAlmoa,Lovita cookies,382,66.02,61,6.262295082,1.082295082,13.73873874,21.24195624,17.11518662
45870,HospAlmoa,Maltesers,255,-42.6,48,5.3125,-0.8875,10.81081081,-13.70656371,-0.222007722
45870,HospAlmoa,Mars,140,17.6,34,4.117647059,0.5176470588,7.657657658,5.662805663,6.75997426
45870,HospAlmoa,MrCrunch,48,24.7,10,4.8,2.47,2.252252252,7.947232947,4.814993565
45870,HospAlmoa,MrCrunch Normal,24,11.7,6,4,1.95,1.351351351,3.764478764,2.437258687
45870,HospAlmoa,Natural Grape,33,8.5,7,4.714285714,1.214285714,1.576576577,2.734877735,2.097812098
45870,HospAlmoa,Pepsi,267,66.75,89,3,0.75,20.04504505,21.47683398,20.68935006
45870,HospAlmoa,Pretzels,170,59.5,34,5,1.75,7.657657658,19.14414414,12.82657658
45870,HospAlmoa,Rauch Drink,66,8.25,7,9.428571429,1.178571429,1.576576577,2.654440154,2.061615187
45870,HospAlmoa,Schweppes,84,28,28,3,1,6.306306306,9.009009009,7.522522523
45870,HospAlmoa,Sirma,20,5,5,4,1,1.126126126,1.608751609,1.343307593
45870,HospAlmoa,Snickers,134,-10,32,4.1875,-0.3125,7.207207207,-3.217503218,2.516087516
45870,HospAlmoa,Tiger *12,580,222.72,116,5,1.92,26.12612613,71.66023166,46.61647362
45870,HospAlmoa,Twix,180,54,36,5,1.5,8.108108108,17.37451737,12.27799228
45870,HospAlmoa,Water,444,310.8,444,1,0.7,100,100,100
45870,HospAlmoa,X!R,605,122,138,4.384057971,0.884057971,31.08108108,39.25353925,34.75868726
45870,HospAlmoa,kinza,26,5.98,13,2,0.46,2.927927928,1.924066924,2.476190476
45870,HospAlmoa,mr bite,198,66.33,99,2,0.67,22.2972973,21.34169884,21.86727799
45870,HospAlmoa,sunTop,160,68.2,153,1.045751634,0.445751634,34.45945946,21.94337194,28.82722008
45901,DPMall,Doritos Dinamita,87,87,9,9.666666667,9.666666667,1.679104478,15.70397112,7.990294466
45901,DPMall,Doritos nacho,535,535,107,5,5,19.96268657,96.57039711,54.43615631
45901,DPMall,Freez drink,60,60,12,5,5,2.23880597,10.83032491,6.104989493
45901,DPMall,Gardena,35,35,7,5,5,1.305970149,6.317689531,3.561243871
45901,DPMall,Green,57,57,19,3,3,3.544776119,10.28880866,6.579590765
45901,DPMall,Laviva,93,93,31,3,3,5.78358209,16.78700361,10.73512177
45901,DPMall,Maltesers,120,120,20,6,6,3.731343284,21.66064982,11.79953122
45901,DPMall,Marshmellow sweetBag,15,15,3,5,5,0.5597014925,2.707581227,1.526247373
45901,DPMall,Tiger *12,440,440,88,5,5,16.41791045,79.42238267,44.76992295
45901,DPMall,Wafe up extra,65,65,13,5,5,2.425373134,11.73285199,6.613738617
45901,DPMall,Water,554,554,536,1.03358209,1.03358209,100,100,100
45901,DPMall,X!R,470,470,94,5,5,17.53731343,84.83754513,47.82241769
45901,DPMall,bonart sour,135,135,27,5,5,5.037313433,24.36823105,13.73622636
45901,DPMall,helo kitty,114,114,38,3,3,7.089552239,20.57761733,13.15918153
45901,DPMall,ifrui juice,57,57,19,3,3,3.544776119,10.28880866,6.579590765
45901,DPMall,kinder bueno,78,78,13,6,6,2.425373134,14.07942238,7.669695296
45901,DPMall,kinza,188,188,83,2.265060241,2.265060241,15.48507463,33.93501805,23.78754917
45901,DPMall,kitkat,42,42,6,7,7,1.119402985,7.581227437,4.027223988
45901,DPMall,mr bite,62,62,27,2.296296296,2.296296296,5.037313433,11.19133574,7.806623471
45901,DPMall,ono cake,34,34,14,2.428571429,2.428571429,2.611940299,6.137184116,4.198300016
45901,DPMall,pepsi 500ml,48,48,16,3,3,2.985074627,8.664259928,5.540708012
45901,DPMall,schweppers,8,8,4,2,2,0.7462686567,1.444043321,1.060267256
45901,DPMall,snickers,62,62,31,2,2,5.78358209,11.19133574,8.217071232
45901,DPMall,sunTop,243,243,226,1.075221239,1.075221239,42.1641791,43.86281588,42.92856566
45901,DPMall,vitaGo,48,48,12,4,4,2.23880597,8.664259928,5.130260251
45901,DPMall,xo energy,57,57,19,3,3,3.544776119,10.28880866,6.579590765
45901,HTMall,7up,81,20.25,27,3,0.75,2.573879886,2.713386038,2.636657654
45901,HTMall,Bounty,50,12.5,10,5,1.25,0.9532888465,1.674929653,1.278027209
45901,HTMall,Doritos Dinamita,10,-4,2,5,-2,0.1906577693,-0.5359774889,-0.1363280969
45901,HTMall,Doritos cool ranc,600,264,120,5,2.2,11.43946616,35.37451427,22.21023781
45901,HTMall,Freez,73,21.85,15,4.866666667,1.456666667,1.42993327,2.927777033,2.103962963
45901,HTMall,Haribo,159,66.25,53,3,1.25,5.052430887,8.877127161,6.77354421
45901,HTMall,Kinder Bueno,108,3.6,18,6,0.2,1.715919924,0.4823797401,1.160826841
45901,HTMall,Kinder bueno1stick,80,20,20,4,1,1.906577693,2.679887445,2.254567081
45901,HTMall,KitKat,33,7.59,7,4.714285714,1.084285714,0.6673021926,1.017017285,0.8246739843
45901,HTMall,Laviva,117,31.2,39,3,0.8,3.717826501,4.180624414,3.926085562
45901,HTMall,Maltesers,186,-6.2,31,6,-0.2,2.955195424,-0.8307651079,1.251513185
45901,HTMall,Mars,40,11.2,8,5,1.4,0.7626310772,1.500736969,1.094778729
45901,HTMall,Mirinda,81,20.25,27,3,0.75,2.573879886,2.713386038,2.636657654
45901,HTMall,MrCrunch,145,77.43,29,5,2.67,2.764537655,10.37518424,6.189328619
45901,HTMall,Pepsi,252,63,84,3,0.75,8.007626311,8.441645451,8.202934924
45901,HTMall,Pepsi 500ml,39,15.21,13,3,1.17,1.2392755,2.038054402,1.598726006
45901,HTMall,Schweppes,2,0,1,2,0,0.09532888465,0,0.05243088656
45901,HTMall,Skittles,126,21.06,18,7,1.17,1.715919924,2.821921479,2.213620624
45901,HTMall,Snickers,65,6.5,13,5,0.5,1.2392755,0.8709634195,1.073535064
45901,HTMall,Tiger *12,870,334.08,174,5,1.92,16.58722593,44.76483988,29.26715221
45901,HTMall,Twix,65,19.5,13,5,1.5,1.2392755,2.612890259,1.857402142
45901,HTMall,Water,1061,746.3,1049,1.011439466,0.7114394662,100,100,100
45901,HTMall,X!R,275,82.5,55,5,1.5,5.243088656,11.05453571,7.85823983
45901,HTMall,bonart,671,5.24,228,2.942982456,0.02298245614,21.7349857,0.7021305105,12.27020087
45901,HTMall,kinza,478,109.94,239,2,0.46,22.78360343,14.73134128,19.16008547
45901,HTMall,mr bite,216,72.36,108,2,0.67,10.29551954,9.695832775,10.0256605
45901,HTMall,sunTop,333,133.2,333,1,0.4,31.74451859,17.84805038,25.4911079
45901,HospAlmoa,7up,30,7.5,10,3,0.75,2.923976608,3.13283208,3.017961571
45901,HospAlmoa,Almarai Chocolate,153,51,51,3,1,14.9122807,21.30325815,17.78822055
45901,HospAlmoa,Bourbon biscuit,37,8.8,6,6.166666667,1.466666667,1.754385965,3.675856307,2.619047619
45901,HospAlmoa,Caser Juice,170,29.58,34,5,0.87,9.941520468,12.35588972,11.02798663
45901,HospAlmoa,Corissant Karuzo,33,18.37,11,3,1.67,3.216374269,7.673350042,5.222013367
45901,HospAlmoa,Digestive,70,25.9,70,1,0.37,20.46783626,10.81871345,16.12573099
45901,HospAlmoa,Doritos cool ranc,171,75.8,34,5.029411765,2.229411765,9.941520468,31.66248956,19.71595656
45901,HospAlmoa,Freez,95,30.21,19,5,1.59,5.555555556,12.61904762,8.734126984
45901,HospAlmoa,Green,8,2.08,2,4,1.04,0.5847953216,0.8688387636,0.7126148705
45901,HospAlmoa,Ivsar water,8,2.76,2,4,1.38,0.5847953216,1.152882206,0.8404344194
45901,HospAlmoa,Justo Drink,8,4,4,2,1,1.169590643,1.670843776,1.395154553
45901,HospAlmoa,Kinder Bueno,306,10.2,51,6,0.2,14.9122807,4.260651629,10.11904762
45901,HospAlmoa,Kinder bueno1stick,92,23,23,4,1,6.725146199,9.607351713,8.02213868
45901,HospAlmoa,KitKat,110,26.51,23,4.782608696,1.152608696,6.725146199,11.07351713,8.681913116
45901,HospAlmoa,Kunuz Juice,39,13,13,3,1,3.801169591,5.430242272,4.534252297
45901,HospAlmoa,Laviva,75,20,25,3,0.8,7.30994152,8.354218881,7.779866332
45901,HospAlmoa,Lovita cookies,182,47.32,26,7,1.82,7.602339181,19.76608187,13.07602339
45901,HospAlmoa,Maltesers,108,-3.6,18,6,-0.2,5.263157895,-1.503759398,2.218045113
45901,HospAlmoa,Mars,105,29.4,21,5,1.4,6.140350877,12.28070175,8.903508772
45901,HospAlmoa,Mirinda,42,10.5,14,3,0.75,4.093567251,4.385964912,4.225146199
45901,HospAlmoa,MrCrunch,230,122.82,46,5,2.67,13.4502924,51.30325815,30.48412698
45901,HospAlmoa,Pepsi,192,48,64,3,0.75,18.71345029,20.05012531,19.31495405
45901,HospAlmoa,Pretzels,155,54.25,31,5,1.75,9.064327485,22.66081871,15.18274854
45901,HospAlmoa,Schweppes,29,11,9,3.222222222,1.222222222,2.631578947,4.594820384,3.515037594
45901,HospAlmoa,Snickers,225,22.5,45,5,0.5,13.15789474,9.398496241,11.46616541
45901,HospAlmoa,Tiger *12,475,182.4,95,5,1.92,27.77777778,76.19047619,49.56349206
45901,HospAlmoa,Tropia,30,10.5,6,5,1.75,1.754385965,4.385964912,2.938596491
45901,HospAlmoa,Twix,240,72,48,5,1.5,14.03508772,30.07518797,21.25313283
45901,HospAlmoa,Water,342,239.4,342,1,0.7,100,100,100
45901,HospAlmoa,X!R,330,99,66,5,1.5,19.29824561,41.35338346,29.22305764
45901,HospAlmoa,mr bite,154,51.59,77,2,0.67,22.51461988,21.5497076,22.08040936
45901,HospAlmoa,sunTop,75,30,75,1,0.4,21.92982456,12.53132832,17.70050125
45901,SeaCost,Almarai Strawberry,6,1.84,2,3,0.92,8.695652174,5.867346939,7.422914818
45901,SeaCost,Doritos Dinamita,6,-1,1,6,-1,4.347826087,-3.18877551,0.9563553682
45901,SeaCost,Ono cake,12,9.2,4,3,2.3,17.39130435,29.33673469,22.766748
45901,SeaCost,Pepsi 500ml,6,4.17,1,6,4.17,4.347826087,13.29719388,8.375041593
45901,SeaCost,Schweppes,15,5,5,3,1,21.73913043,15.94387755,19.13126664
45901,SeaCost,Skittles drink,15,-8.75,5,3,-1.75,21.73913043,-27.90178571,-0.5992818323
45901,SeaCost,Tiger *12,56,31.36,8,7,3.92,34.7826087,100,64.13043478
45901,SeaCost,Toren Dark Chocolate,2,1.09,1,2,1.09,4.347826087,3.475765306,3.955398736
45901,SeaCost,Water,23,16.1,23,1,0.7,100,51.33928571,78.10267857
45901,SeaCost,bonart,6,0.16,2,3,0.08,8.695652174,0.5102040816,5.012200532
45901,SeaCost,kinza,12,7.38,3,4,2.46,13.04347826,23.53316327,17.76383651
45901,SeaCost,m&m,12,8.21,1,12,8.21,4.347826087,26.17984694,14.17223547
45901,SeaCost,mr bite,2,0.67,1,2,0.67,4.347826087,2.136479592,3.352720164
45901,SeaCost,sunTop,15,10.2,8,1.875,1.275,34.7826087,32.5255102,33.76691437
45901,SeaCost,zigi marinated peanuts,12,5,2,6,2.5,8.695652174,15.94387755,11.95735359
45931,DPMall,Doritos nacho,765,765,153,5,5,30.2970297,100,61.66336634
45931,DPMall,Freez drink,45,45,14,3.214285714,3.214285714,2.772277228,5.882352941,4.171811299
45931,DPMall,Gardena,63,63,15,4.2,4.2,2.97029703,8.235294118,5.339545719
45931,DPMall,Green,72,72,24,3,3,4.752475248,9.411764706,6.849155504
45931,DPMall,Laviva,102,102,34,3,3,6.732673267,13.33333333,9.702970297
45931,DPMall,Maltesers,144,144,24,6,6,4.752475248,18.82352941,11.08444962
45931,DPMall,Marshmellow sweetBag,78,78,22,3.545454545,3.545454545,4.356435644,10.19607843,6.984274898
45931,DPMall,Tiger *12,715,715,143,5,5,28.31683168,93.46405229,57.63308096
45931,DPMall,Wafe up extra,84,84,17,4.941176471,4.941176471,3.366336634,10.98039216,6.792661619
45931,DPMall,Water,505,505,505,1,1,100,66.0130719,84.70588235
45931,DPMall,X!R,660,660,132,5,5,26.13861386,86.2745098,53.19976704
45931,DPMall,bonart sour,100,100,20,5,5,3.96039604,13.07189542,8.060570763
45931,DPMall,helo kitty,46,46,12,3.833333333,3.833333333,2.376237624,6.013071895,4.012813046
45931,DPMall,ifrui juice,81,81,27,3,3,5.346534653,10.58823529,7.705299942
45931,DPMall,kinder bueno,96,96,16,6,6,3.168316832,12.54901961,7.389633081
45931,DPMall,kinza,124,124,54,2.296296296,2.296296296,10.69306931,16.20915033,13.17530577
45931,DPMall,kitkat,64,64,10,6.4,6.4,1.98019802,8.366013072,4.853814793
45931,DPMall,mr bite,126,126,63,2,2,12.47524752,16.47058824,14.27315084
45931,DPMall,ono cake,126,126,42,3,3,8.316831683,16.47058824,11.98602213
45931,DPMall,pepsi 500ml,54,54,18,3,3,3.564356436,7.058823529,5.136866628
45931,DPMall,snickers,30,30,6,5,5,1.188118812,3.921568627,2.418171229
45931,DPMall,sunTop,93,93,93,1,1,18.41584158,12.15686275,15.59930111
45931,DPMall,vitaGo,66,66,22,3,3,4.356435644,8.62745098,6.278392545
45931,DPMall,xo energy,78,78,26,3,3,5.148514851,10.19607843,7.419918462
45931,HTMall,7up,87,21.75,29,3,0.75,3.344867359,3.548702888,3.436593347
45931,HTMall,Almarai Chocolate,72,24,24,3,1,2.76816609,3.915810083,3.284605887
45931,HTMall,Almarai Strawberry,117,35.88,39,3,0.92,4.498269896,5.854136074,5.108409676
45931,HTMall,Bounty,40,10,8,5,1.25,0.92272203,1.631587535,1.241711507
45931,HTMall,Doritos cool ranc,589,258.6,118,4.991525424,2.191525424,13.61014994,42.19285365,26.47236661
45931,HTMall,Doritos real,21,3,3,7,1,0.3460207612,0.4894762604,0.4105757359
45931,HTMall,Freez,31,7.13,7,4.428571429,1.018571429,0.8073817762,1.163321912,0.9675548374
45931,HTMall,Green,16,4.16,4,4,1.04,0.461361015,0.6787404144,0.5591817447
45931,HTMall,Haribo,9,3.75,3,3,1.25,0.3460207612,0.6118453255,0.4656418152
45931,HTMall,Kinder Bueno,210,7,35,6,0.2,4.036908881,1.142111274,2.734249958
45931,HTMall,Kinder bueno1stick,56,14,14,4,1,1.614763552,2.284222549,1.916020101
45931,HTMall,Laviva,288,76.8,96,3,0.8,11.07266436,12.53059227,11.72873192
45931,HTMall,Maltesers,186,-6.2,31,6,-0.2,3.575547866,-1.011584271,1.511338404
45931,HTMall,Mars,50,14,10,5,1.4,1.153402537,2.284222549,1.662271542
45931,HTMall,Mirinda,120,30,40,3,0.75,4.61361015,4.894762604,4.740128754
45931,HTMall,MrCrunch,170,90.78,34,5,2.67,3.921568627,14.81155164,8.822060983
45931,HTMall,MrCrunch Normal,155,91.45,31,5,2.95,3.575547866,14.920868,8.680941928
45931,HTMall,Pepsi,219,54.75,73,3,0.75,8.419838524,8.932941752,8.650734977
45931,HTMall,Pepsi 500ml,72,28.08,24,3,1.17,2.76816609,4.581497797,3.584165358
45931,HTMall,Rani,36,9.96,12,3,0.83,1.384083045,1.625061185,1.492523208
45931,HTMall,Schweppes,6,2,2,3,1,0.2306805075,0.3263175069,0.2737171572
45931,HTMall,Skittles,161,26.91,23,7,1.17,2.652825836,4.390602056,3.434825135
45931,HTMall,Snickers,154,1,34,4.529411765,0.02941176471,3.921568627,0.1631587535,2.230284184
45931,HTMall,Tiger *12,1325,508.8,265,5,1.92,30.56516724,83.01517376,54.16767018
45931,HTMall,Twix,50,15,10,5,1.5,1.153402537,2.447381302,1.735692982
45931,HTMall,Twix ex,40,22.5,10,4,2.25,1.153402537,3.671071953,2.286353774
45931,HTMall,Water,873,612.9,867,1.006920415,0.7069204152,100,100,100
45931,HTMall,X!R,345,103.5,69,5,1.5,7.958477509,16.88693098,11.97628157
45931,HTMall,bonart,427,126.24,103,4.145631068,1.225631068,11.88004614,20.59716104,15.80274784
45931,HTMall,ex mars,4,1.4,1,4,1.4,0.1153402537,0.2284222549,0.1662271542
45931,HTMall,kinza,272,81.04,124,2.193548387,0.6535483871,14.30219146,13.22238538,13.81627873
45931,HTMall,mr bite,286,95.81,143,2,0.67,16.49365629,15.63224017,16.10601903
45931,HTMall,sunTop,423,196.8,377,1.122015915,0.5220159151,43.48327566,32.10964268,38.36514082
45931,HospAlmoa,7up,9,2.25,3,3,0.75,1.01010101,0.9227362205,0.9707868548
45931,HospAlmoa,Almarai Chocolate,171,57,57,3,1,19.19191919,23.37598425,21.07474847
45931,HospAlmoa,Almarai Strawberry,105,32.2,35,3,0.92,11.78451178,13.20538058,12.42390274
45931,HospAlmoa,Bourbon biscuit,24,5.2,4,6,1.3,1.346801347,2.132545932,1.70038641
45931,HospAlmoa,Caser Juice,261,46.24,52,5.019230769,0.8892307692,17.50841751,18.96325459,18.1630942
45931,HospAlmoa,Corissant Karuzo,24,16.02,6,4,2.67,2.02020202,6.56988189,4.067557962
45931,HospAlmoa,Digestive,107,38.33,109,0.9816513761,0.3516513761,36.7003367,15.71932415,27.25888105
45931,HospAlmoa,Doritos cool ranc,144,68.4,27,5.333333333,2.533333333,9.090909091,28.0511811,17.6230315
45931,HospAlmoa,Freez,44,9.9,10,4.4,0.99,3.367003367,4.06003937,3.678869568
45931,HospAlmoa,Green,8,2.08,2,4,1.04,0.6734006734,0.8530183727,0.7542286381
45931,HospAlmoa,Indomie,50,21.7,10,5,2.17,3.367003367,8.899278215,5.856527049
45931,HospAlmoa,Kinder Bueno,450,-14,80,5.625,-0.175,26.93602694,-5.741469816,12.2311534
45931,HospAlmoa,Kinder bueno1stick,152,26,42,3.619047619,0.619047619,14.14141414,10.66272966,12.57600612
45931,HospAlmoa,KitKat,25,-22.19,13,1.923076923,-1.706923077,4.377104377,-9.100229659,-1.687695939
45931,HospAlmoa,Kunuz Juice,18,-2,10,1.8,-0.2,3.367003367,-0.8202099738,1.482757364
45931,HospAlmoa,Laviva,249,29,100,2.49,0.29,33.67003367,11.89304462,23.8703886
45931,HospAlmoa,Lovita cookies,185,50.32,26,7.115384615,1.935384615,8.754208754,20.63648294,14.10123214
45931,HospAlmoa,MR Crunch,74,37.4,15,4.933333333,2.493333333,5.050505051,15.33792651,9.679844707
45931,HospAlmoa,Maltesers,174,-12,30,5.8,-0.4,10.1010101,-4.921259843,3.340988626
45931,HospAlmoa,Mars,130,-21.2,42,3.095238095,-0.5047619048,14.14141414,-8.694225722,3.865376203
45931,HospAlmoa,Mirinda,48,12,16,3,0.75,5.387205387,4.921259843,5.177529892
45931,HospAlmoa,MrCrunch,164,87.11,33,4.96969697,2.63969697,11.11111111,35.72424541,22.18702154
45931,HospAlmoa,MrCrunch-RingGo,105,71.4,21,5,3.4,7.070707071,29.28149606,17.06556212
45931,HospAlmoa,Pepsi,240,60,80,3,0.75,26.93602694,24.60629921,25.88764946
45931,HospAlmoa,Pretzels,140,49,28,5,1.75,9.427609428,20.09514436,14.22800015
45931,HospAlmoa,Rani,27,7.47,9,3,0.83,3.03030303,3.063484252,3.04523458
45931,HospAlmoa,Schweppes,28,16,6,4.666666667,2.666666667,2.02020202,6.56167979,4.063867017
45931,HospAlmoa,Snickers,205,11.5,43,4.76744186,0.2674418605,14.47811448,4.716207349,10.08525627
45931,HospAlmoa,Tiger *12,635,243.84,127,5,1.92,42.76094276,100,68.51851852
45931,HospAlmoa,Tropia,4,0.75,1,4,0.75,0.3367003367,0.3075787402,0.3235956183
45931,HospAlmoa,Twix,125,27,28,4.464285714,0.9642857143,9.427609428,11.07283465,10.16796078
45931,HospAlmoa,Twix ex,60,14.5,26,2.307692308,0.5576923077,8.754208754,5.94652231,7.490749854
45931,HospAlmoa,Water,297,207.9,297,1,0.7,100,85.26082677,93.36737205
45931,HospAlmoa,X!R,275,82.5,55,5,1.5,18.51851852,33.83366142,25.41033282
45931,HospAlmoa,kinza,4,0.92,2,2,0.46,0.6734006734,0.3772965879,0.5401538349
45931,HospAlmoa,koren Indomie,40,6,4,10,1.5,1.346801347,2.460629921,1.848024205
45931,HospAlmoa,mr bite,204,86.96,88,2.318181818,0.9881818182,29.62962963,35.66272966,32.34452464
45931,HospAlmoa,sunTop,72,31.2,68,1.058823529,0.4588235294,22.8956229,12.79527559,18.35046661
45931,HospAlmoa,wafe'up,42,20.84,23,1.826086957,0.9060869565,7.744107744,8.546587927,8.105223826
45931,SeaCost,Almarai Chocolate,201,67,67,3,1,15.02242152,18.33205647,16.51175725
45931,SeaCost,Almarai Strawberry,90,27.6,30,3,0.92,6.726457399,7.551712816,7.097822337
45931,SeaCost,Caser Juice,66,8.18,14,4.714285714,0.5842857143,3.139013453,2.238152566,2.733626054
45931,SeaCost,Dallas juice,522,365.48,172,3.034883721,2.124883721,38.56502242,100,66.21076233
45931,SeaCost,HiPro,50,3.36,8,6.25,0.42,1.793721973,0.9193389515,1.400249613
45931,SeaCost,Jannaty,93,32.25,27,3.444444444,1.194444444,6.053811659,8.824012258,7.300401929
45931,SeaCost,L suntop,18,9.45,9,2,1.05,2.01793722,2.585640801,2.273403831
45931,SeaCost,Lovita cookies,40,14.1,5,8,2.82,1.121076233,3.857940243,2.352665038
45931,SeaCost,Mulino Cookis,98,30.94,14,7,2.21,3.139013453,8.465579512,5.535968179
45931,SeaCost,Nuts,25,6.68,4,6.25,1.67,0.8968609865,1.827733392,1.315753569
45931,SeaCost,PopCorn Chocolate,280,80,40,7,2,8.968609865,21.88902266,14.78279562
45931,SeaCost,Pretzels,112,53.5,18,6.222222222,2.972222222,4.035874439,14.6382839,8.806958697
45931,SeaCost,Prime,420,122.64,21,20,5.84,4.708520179,33.55587173,17.68982838
45931,SeaCost,Prime Ex,160,88,8,20,11,1.793721973,24.07792492,11.8216133
45931,SeaCost,Rani,48,21.96,12,4,1.83,2.69058296,6.008536719,4.183662151
45931,SeaCost,Roshetto,60,32.8,20,3,1.64,4.484304933,8.974499289,6.504892393
45931,SeaCost,Saminsa,84,56,28,3,2,6.278026906,15.32231586,10.34795693
45931,SeaCost,Smsm,18,4.8,3,6,1.6,0.6726457399,1.313341359,0.9609587686
45931,SeaCost,Tiger *12,16,9.84,2,8,4.92,0.4484304933,2.692349787,1.458194175
45931,SeaCost,Today Chocolate,179,-41.75,25,7.16,-1.67,5.605381166,-11.4233337,-2.057540523
45931,SeaCost,Toren Dark Chocolate,380,208.01,189,2.010582011,1.100582011,42.37668161,56.91419503,48.91856265
45931,SeaCost,Water,446,312.2,446,1,0.7,100,85.42191091,93.43985991
45931,SeaCost,Yasmin Penuts,3,1.2,1,3,1.2,0.2242152466,0.3283353398,0.2710692886
45931,SeaCost,Yipy Juice,45,16.26,3,15,5.42,0.6726457399,4.448943855,2.371979892
45931,SeaCost,ifruit juice,32,8.72,8,4,1.09,1.793721973,2.385903469,2.060203646
45931,SeaCost,kinza,18,8.76,6,3,1.46,1.34529148,2.396847981,1.818491905
45931,SeaCost,sunTop,273,121.2,253,1.079051383,0.4790513834,56.7264574,33.16186932,46.12239276
45931,SeaCost,zigi marinated peanuts,84,35,14,6,2.5,3.139013453,9.576447412,6.035858734
45962,DPMall,7up,36,36,12,3,3,2.985074627,6.315789474,4.483896308
45962,DPMall,Doritos nacho,190,190,38,5,5,9.452736318,33.33333333,20.19900498
45962,DPMall,Doritos real,133,133,19,7,7,4.726368159,23.33333333,13.09950249
45962,DPMall,Freez drink,9,9,3,3,3,0.7462686567,1.578947368,1.120974077
45962,DPMall,Gardena,58,58,20,2.9,2.9,4.975124378,10.1754386,7.315265776
45962,DPMall,Green,69,69,20,3.45,3.45,4.975124378,12.10526316,8.183686829
45962,DPMall,Laviva,81,81,27,3,3,6.71641791,14.21052632,10.08876669
45962,DPMall,Maltesers,105,105,19,5.526315789,5.526315789,4.726368159,18.42105263,10.88897617
45962,DPMall,Marshmellow sweetBag,135,135,45,3,3,11.19402985,23.68421053,16.81461115
45962,DPMall,Mirinda,15,15,5,3,3,1.243781095,2.631578947,1.868290128
45962,DPMall,Mr Crunch,45,45,10,4.5,4.5,2.487562189,7.894736842,4.920790783
45962,DPMall,Mr Crunch cheez top,186,186,40,4.65,4.65,9.950248756,32.63157895,20.15684734
45962,DPMall,Mr Crunch normal,128,128,30,4.266666667,4.266666667,7.462686567,22.45614035,14.20974077
45962,DPMall,Pepsi,129,129,43,3,3,10.69651741,22.63157895,16.0672951
45962,DPMall,Tiger *12,493,493,97,5.082474227,5.082474227,24.12935323,86.49122807,52.19219691
45962,DPMall,Wafe up extra,131,131,32,4.09375,4.09375,7.960199005,22.98245614,14.72021472
45962,DPMall,Water,402,402,402,1,1,100,70.52631579,86.73684211
45962,DPMall,X!R,570,570,114,5,5,28.35820896,100,60.59701493
45962,DPMall,bonart sour,55,55,13,4.230769231,4.230769231,3.233830846,9.649122807,6.120712228
45962,DPMall,bueno 1 stick,24,24,6,4,4,1.492537313,4.210526316,2.715632364
45962,DPMall,helo kitty,39,39,13,3,3,3.233830846,6.842105263,4.857554334
45962,DPMall,ifrui juice,39,39,13,3,3,3.233830846,6.842105263,4.857554334
45962,DPMall,kinder bueno,66,66,11,6,6,2.736318408,11.57894737,6.71550144
45962,DPMall,kinza,120,120,40,3,3,9.950248756,21.05263158,14.94632103
45962,DPMall,kitkat,12,12,3,4,4,0.7462686567,2.105263158,1.357816182
45962,DPMall,mr bite,173,173,85,2.035294118,2.035294118,21.14427861,30.35087719,25.28724797
45962,DPMall,ono cake,14,14,4,3.5,3.5,0.9950248756,2.456140351,1.652526839
45962,DPMall,snickers,85,85,17,5,5,4.228855721,14.9122807,9.036396963
45962,DPMall,sunTop,194,194,194,1,1,48.25870647,34.03508772,41.85807803
45962,DPMall,vitaGo,15,15,5,3,3,1.243781095,2.631578947,1.868290128
45962,DPMall,xo energy,9,9,3,3,3,0.7462686567,1.578947368,1.120974077
45962,HTMall,7up,39,9.75,13,3,0.75,2.350813743,2.518729011,2.426375614
45962,HTMall,Almarai Chocolate,122,10,56,2.178571429,0.1785714286,10.12658228,2.583311806,6.732110566
45962,HTMall,Almarai Strawberry,117,35.88,39,3,0.92,7.05244123,9.268922759,8.049857918
45962,HTMall,Bounty,50,12.5,10,5,1.25,1.808318264,3.229139757,2.447687936
45962,HTMall,Doritos cool ranc,163,70.6,33,4.939393939,2.139393939,5.967450271,18.23818135,11.48927926
45962,HTMall,Doritos real,285,39,41,6.951219512,0.9512195122,7.414104882,10.07491604,8.611469904
45962,HTMall,Green,32,8.32,8,4,1.04,1.446654611,2.149315422,1.762851976
45962,HTMall,Haribo,156,65,52,3,1.25,9.403254973,16.79152674,12.72797727
45962,HTMall,HiPro,4,-1.83,1,4,-1.83,0.1808318264,-0.4727460604,-0.1132782227
45962,HTMall,Kinder Bueno,210,7,35,6,0.2,6.329113924,1.808318264,4.294755877
45962,HTMall,Kinder bueno1stick,72,18,18,4,1,3.254972875,4.64996125,3.882717644
45962,HTMall,Laviva,156,41.6,52,3,0.8,9.403254973,10.74657711,10.00774994
45962,HTMall,Maltesers,126,-4.2,21,6,-0.2,3.797468354,-1.084990958,1.600361664
45962,HTMall,Mirinda,123,30.75,41,3,0.75,7.414104882,7.943683803,7.652415397
45962,HTMall,MrCrunch,55,29.37,11,5,2.67,1.98915009,7.587186773,4.508266598
45962,HTMall,MrCrunch Normal,120,70.8,24,5,2.95,4.339963834,18.28984758,10.61741152
45962,HTMall,MrCrunch-RingGo,55,37.4,11,5,3.4,1.98915009,9.661586153,5.441746319
45962,HTMall,Pepsi,183,45.75,61,3,0.75,11.03074141,11.81865151,11.38530096
45962,HTMall,Rani,48,13.28,16,3,0.83,2.893309222,3.430638078,3.135107207
45962,HTMall,Schweppes,60,20,20,3,1,3.616636528,5.166623611,4.314130716
45962,HTMall,Snickers,125,12.5,25,5,0.5,4.52079566,3.229139757,3.939550504
45962,HTMall,Tiger *12,885,339.84,177,5,1.92,32.00723327,87.79126841,57.11004908
45962,HTMall,Twix,107,16,26,4.115384615,0.6153846154,4.701627486,4.133298889,4.445879618
45962,HTMall,Twix ex,46,25,12,3.833333333,2.083333333,2.169981917,6.458279514,4.099715836
45962,HTMall,Water,553,387.1,553,1,0.7,100,100,100
45962,HTMall,X!R,400,120,80,5,1.5,14.46654611,30.99974167,21.90648411
45962,HTMall,bonart,68,12.52,19,3.578947368,0.6589473684,3.435804702,3.234306381,3.345130457
45962,HTMall,ex mars,166,54.2,43,3.860465116,1.260465116,7.775768535,14.00154999,10.57737019
45962,HTMall,mr bite,222,74.37,111,2,0.67,20.07233273,19.2120899,19.68522346
45962,HTMall,sunTop,344,146,330,1.042424242,0.4424242424,59.67450271,37.71635236,49.79333506
45962,HospAlmoa,Almarai Chocolate,124,20,52,2.384615385,0.3846153846,19.47565543,10.70090958,15.5270198
45962,HospAlmoa,Almarai Strawberry,129,39.56,43,3,0.92,16.10486891,21.16639914,18.38255752
45962,HospAlmoa,Caser Juice,189,27.93,39,4.846153846,0.7161538462,14.60674157,14.94382022,14.75842697
45962,HospAlmoa,Corissant Karuzo,60,40.05,15,4,2.67,5.617977528,21.42857143,12.73274478
45962,HospAlmoa,Digestive,117,28.8,140,0.8357142857,0.2057142857,52.43445693,15.40930979,35.77314072
45962,HospAlmoa,Doritos real,154,22,22,7,1,8.239700375,11.77100054,9.828785447
45962,HospAlmoa,Green,52,10.56,14,3.714285714,0.7542857143,5.243445693,5.650080257,5.426431247
45962,HospAlmoa,HiPro,12,-5.49,3,4,-1.83,1.123595506,-2.937399679,-0.7038523274
45962,HospAlmoa,Indomie,60,26.04,12,5,2.17,4.494382022,13.93258427,8.741573034
45962,HospAlmoa,Kinder Bueno,234,-9.6,42,5.571428571,-0.2285714286,15.73033708,-5.136436597,6.340288925
45962,HospAlmoa,Kinder bueno1stick,112,-11,41,2.731707317,-0.2682926829,15.35580524,-5.885500268,5.797217764
45962,HospAlmoa,KitKat,35,9.59,7,5,1.37,2.621722846,5.131086142,3.75093633
45962,HospAlmoa,Laviva,153,25.4,58,2.637931034,0.4379310345,21.72284644,13.59015516,18.06313537
45962,HospAlmoa,Lovita cookies,98,20.3,15,6.533333333,1.353333333,5.617977528,10.86142322,7.97752809
45962,HospAlmoa,Maltesers,96,-21.8,19,5.052631579,-1.147368421,7.116104869,-11.66399144,-1.33493847
45962,HospAlmoa,Mars,24,2.4,6,4,0.4,2.247191011,1.284109149,1.813804173
45962,HospAlmoa,Mirinda,72,18,24,3,0.75,8.988764045,9.63081862,9.277688604
45962,HospAlmoa,MrCrunch,55,29.37,11,5,2.67,4.119850187,15.71428571,9.337346174
45962,HospAlmoa,MrCrunch Normal,65,38.35,13,5,2.95,4.868913858,20.51899411,11.91144997
45962,HospAlmoa,MrCrunch-RingGo,155,105.4,31,5,3.4,11.61048689,56.39379347,31.76297485
45962,HospAlmoa,Pepsi,171,42.75,57,3,0.75,21.34831461,22.87319422,22.03451043
45962,HospAlmoa,Pretzels,75,26.25,15,5,1.75,5.617977528,14.04494382,9.41011236
45962,HospAlmoa,Rani,7,2.66,2,3.5,1.33,0.7490636704,1.423220974,1.052434457
45962,HospAlmoa,Schweppes,51,17,17,3,1,6.367041199,9.095773141,7.594970572
45962,HospAlmoa,Snickers,200,6.5,43,4.651162791,0.1511627907,16.10486891,3.477795613,10.42268593
45962,HospAlmoa,Tiger *12,420,158.2,85,4.941176471,1.861176471,31.83520599,84.64419476,55.59925094
45962,HospAlmoa,Twix,125,27,28,4.464285714,0.9642857143,10.48689139,14.44622793,12.26859283
45962,HospAlmoa,Twix ex,12,-12.5,14,0.8571428571,-0.8928571429,5.243445693,-6.688068486,-0.1257356875
45962,HospAlmoa,Water,267,186.9,267,1,0.7,100,100,100
45962,HospAlmoa,X!R,310,93,62,5,1.5,23.22097378,49.75922953,35.16318887
45962,HospAlmoa,ex mars,140,49,35,4,1.4,13.10861423,26.21722846,19.00749064
45962,HospAlmoa,kinza,4,2.46,1,4,2.46,0.3745318352,1.316211878,0.7982878545
45962,HospAlmoa,koren Indomie,60,9,6,10,1.5,2.247191011,4.81540931,3.402889246
45962,HospAlmoa,mr bite,222,67.72,116,1.913793103,0.5837931034,43.44569288,36.23327983,40.20010701
45962,HospAlmoa,sunTop,121,48.4,121,1,0.4,45.31835206,25.89620118,36.57838416
45962,SeaCost,Almarai Chocolate,117,39,39,3,1,10.18276762,12.05564142,11.02556083
45962,SeaCost,Almarai Strawberry,72,22.08,24,3,0.92,6.266318538,6.825347759,6.517881687
45962,SeaCost,Caser Juice,46,4.7,10,4.6,0.47,2.610966057,1.452859351,2.089818039
45962,SeaCost,Dallas juice,460,323.5,150,3.066666667,2.156666667,39.16449086,100,66.54046997
45962,SeaCost,HiPro,60,-21.62,14,4.285714286,-1.544285714,3.65535248,-6.683153014,-0.996974992
45962,SeaCost,Jannaty,141,51,40,3.525,1.275,10.44386423,15.76506955,12.83840662
45962,SeaCost,L suntop,121,63.05,61,1.983606557,1.033606557,15.92689295,19.48995363,17.53027026
45962,SeaCost,Lovita cookies,8,2.82,1,8,2.82,0.2610966057,0.8717156105,0.5358751579
45962,SeaCost,Mulino Cookis,364,114.92,52,7,2.21,13.5770235,35.52395672,23.45314345
45962,SeaCost,Nuts,120,28.4,20,6,1.42,5.221932115,8.778979907,6.822603621
45962,SeaCost,PopCorn Chocolate,35,10,5,7,2,1.305483029,3.091190108,2.109051214
45962,SeaCost,Pretzels,138,63.25,23,6,2.75,6.005221932,19.55177743,12.10117191
45962,SeaCost,Prime,100,29.2,5,20,5.84,1.305483029,9.026275116,4.779839468
45962,SeaCost,Prime Ex,100,55,5,20,11,1.305483029,17.0015456,8.368711184
45962,SeaCost,Rani,24,6.64,8,3,0.83,2.088772846,2.052550232,2.07247267
45962,SeaCost,Roshetto,24,13.12,8,3,1.64,2.088772846,4.055641422,2.973863705
45962,SeaCost,Saminsa,162,106,56,2.892857143,1.892857143,14.62140992,32.76661515,22.78675227
45962,SeaCost,Smsm,30,8,5,6,1.6,1.305483029,2.472952087,1.830844105
45962,SeaCost,Today Chocolate,48,12.68,4,12,3.17,1.044386423,3.919629057,2.338245608
45962,SeaCost,Toren Dark Chocolate,310,168.95,155,2,1.09,40.46997389,52.22565688,45.76003123
45962,SeaCost,Water,398,283.1,383,1.039164491,0.7391644909,100,87.51159196,94.38021638
45962,SeaCost,Yasmin Almonds,15,4.2,3,5,1.4,0.7832898172,1.298299845,1.01504433
45962,SeaCost,Yasmin Penuts,21,8.4,7,3,1.2,1.82767624,2.596599691,2.173691793
45962,SeaCost,Yipy Juice,30,10.84,2,15,5.42,0.5221932115,3.350850077,1.795088801
45962,SeaCost,ifruit juice,54,21.99,11,4.909090909,1.999090909,2.872062663,6.797527048,4.638521636
45962,SeaCost,sunTop,254,105.8,247,1.028340081,0.428340081,64.49086162,32.70479134,50.18713
45962,SeaCost,zigi marinated peanuts,95,35.5,17,5.588235294,2.088235294,4.438642298,10.97372488,7.379429462
45992,DPMall,7up,39,39,13,3,3,2.466793169,7.400379507,4.686907021
45992,DPMall,Doritos cool ranc,110,110,22,5,5,4.174573055,20.87286528,11.68880455
45992,DPMall,Gardena,55,55,11,5,5,2.087286528,10.43643264,5.844402277
45992,DPMall,Laviva,174,174,58,3,3,11.0056926,33.0170778,20.91081594
45992,DPMall,Maltesers,82,82,12,6.833333333,6.833333333,2.277039848,15.5597723,8.25426945
45992,DPMall,Marshmellow sweetBag,156,156,52,3,3,9.867172676,29.60151803,18.74762808
45992,DPMall,Mirinda,21,21,7,3,3,1.328273245,3.984819734,2.523719165
45992,DPMall,Mr Crunch,55,55,11,5,5,2.087286528,10.43643264,5.844402277
45992,DPMall,Mr Crunch cheez top,366,366,76,4.815789474,4.815789474,14.42125237,69.44971537,39.18406072
45992,DPMall,Mr Crunch normal,305,305,61,5,5,11.57495256,57.87476281,32.40986717
45992,DPMall,Pepsi,114,114,38,3,3,7.210626186,21.63187856,13.70018975
45992,DPMall,SunTop Saudi,216,216,216,1,1,40.98671727,40.98671727,40.98671727
45992,DPMall,Wafe up extra,61,61,17,3.588235294,3.588235294,3.225806452,11.57495256,6.982922201
45992,DPMall,Water,527,527,527,1,1,100,100,100
45992,DPMall,X!R,490,490,98,5,5,18.59582543,92.97912713,52.0683112
45992,DPMall,bonart sour,63,63,19,3.315789474,3.315789474,3.605313093,11.9544592,7.362428843
45992,DPMall,bueno 1 stick,46,46,10,4.6,4.6,1.897533207,8.728652751,4.971537002
45992,DPMall,helo kitty,81,81,27,3,3,5.123339658,15.37001898,9.734345351
45992,DPMall,ifrui juice,52,52,52,1,1,9.867172676,9.867172676,9.867172676
45992,DPMall,kinder bueno,66,66,10,6.6,6.6,1.897533207,12.52371917,6.679316888
45992,DPMall,kinza,150,150,50,3,3,9.487666034,28.4629981,18.02656546
45992,DPMall,mars,12,12,3,4,4,0.569259962,2.277039848,1.337760911
45992,DPMall,mr bite,250,250,125,2,2,23.71916509,47.43833017,34.39278937
45992,DPMall,real Doritos,277,277,53,5.226415094,5.226415094,10.056926,52.56166983,29.18406072
45992,DPMall,schweppers,6,6,2,3,3,0.3795066414,1.138519924,0.7210626186
45992,DPMall,snickers,66,66,13,5.076923077,5.076923077,2.466793169,12.52371917,6.992409867
45992,DPMall,tiger chips *12,430,430,86,5,5,16.31878558,81.59392789,45.69259962
45992,HTMall,7up,132,33,44,3,0.75,5.182567727,5.552751136,5.349150261
45992,HTMall,Almarai Chocolate,150,50,50,3,1,5.889281508,8.413259297,7.025071513
45992,HTMall,Almarai Strawberry,105,32.2,35,3,0.92,4.122497055,5.418138987,4.705535925
45992,HTMall,Bounty,120,30,24,5,1.25,2.826855124,5.047955578,3.826350328
45992,HTMall,Doritos cool ranc,1007,444.2,201,5.009950249,2.209950249,23.67491166,74.74339559,46.65572943
45992,HTMall,Doritos real,140,8,22,6.363636364,0.3636363636,2.591283863,1.346121487,2.030960794
45992,HTMall,Green,24,6.24,6,4,1.04,0.7067137809,1.04997476,0.8611812216
45992,HTMall,Haribo,270,112.5,90,3,1.25,10.60070671,18.92983342,14.34881373
45992,HTMall,Kinder Bueno,247,38.2,36,6.861111111,1.061111111,4.240282686,6.427730103,5.224634023
45992,HTMall,Kinder bueno1stick,122,32,30,4.066666667,1.066666667,3.533568905,5.38448595,4.366481575
45992,HTMall,Laviva,273,72.8,91,3,0.8,10.71849234,12.24970554,11.40753828
45992,HTMall,Maltesers,112,12.8,16,7,0.8,1.884570082,2.15379438,2.005721016
45992,HTMall,Mirinda,147,36.75,49,3,0.75,5.771495878,6.183745583,5.957008245
45992,HTMall,MrCrunch Normal,170,100.3,34,5,2.95,4.004711425,16.87699815,9.797240451
45992,HTMall,MrCrunch-RingGo,155,105.4,31,5,3.4,3.651354535,17.7351506,9.989062763
45992,HTMall,Mrbeast,710,366.9,73,9.726027397,5.026027397,8.598351001,61.73649672,32.51051657
45992,HTMall,Pepsi,300,75,100,3,0.75,11.77856302,12.61988894,12.15715968
45992,HTMall,Rani,48,13.28,16,3,0.83,1.884570082,2.234561669,2.042066296
45992,HTMall,Schweppes,56,20,18,3.111111111,1.111111111,2.120141343,3.365303719,2.680464412
45992,HTMall,Skittles,144,39.06,18,8,2.17,2.120141343,6.572438163,4.123674912
45992,HTMall,Snickers,130,17.5,25,5.2,0.7,2.944640754,2.944640754,2.944640754
45992,HTMall,Tiger *12,1295,497.28,259,5,1.92,30.50647821,83.67491166,54.43227326
45992,HTMall,Twix,12,5,2,6,2.5,0.2355712603,0.8413259297,0.5081608615
45992,HTMall,Water,849,594.3,849,1,0.7,100,100,100
45992,HTMall,X!R,435,130.5,87,5,1.5,10.24734982,21.95860676,15.51741545
45992,HTMall,ex mars,77,17.2,23,3.347826087,0.747826087,2.709069494,2.894161198,2.792360761
45992,HTMall,mr bite,386,129.31,193,2,0.67,22.73262662,21.75837119,22.29421168
45992,HTMall,sunTop,512,204.8,512,1,0.4,60.30624264,34.46071008,48.67575299
45992,HospAlmoa,Almarai Chocolate,51,17,17,3,1,4.218362283,6.026231833,5.03190358
45992,HospAlmoa,Almarai Strawberry,180,55.2,60,3,0.92,14.88833747,19.56752924,16.99397377
45992,HospAlmoa,Caser Juice,67,5.05,15,4.466666667,0.3366666667,3.722084367,1.790145339,2.852711804
45992,HospAlmoa,Corissant Karuzo,115,76.43,29,3.965517241,2.635517241,7.196029777,27.09322935,16.14976959
45992,HospAlmoa,Digestive,103,38.11,103,1,0.37,25.55831266,13.50939383,20.13629918
45992,HospAlmoa,Doritos cool ranc,370,162.8,74,5,2.2,18.36228288,57.7100319,36.06876994
45992,HospAlmoa,Doritos real,82,4,13,6.307692308,0.3076923077,3.225806452,1.417936902,2.412265154
45992,HospAlmoa,Indomie,100,43.4,20,5,2.17,4.962779156,15.38461538,9.652605459
45992,HospAlmoa,Kinder Bueno,475,69,70,6.785714286,0.9857142857,17.36972705,24.45941156,20.56008508
45992,HospAlmoa,Kinder bueno1stick,140,20,40,3.5,0.5,9.925558313,7.089684509,8.649415101
45992,HospAlmoa,Kunuz Juice,44,22,11,4,2,2.729528536,7.79865296,5.010634527
45992,HospAlmoa,Laviva,237,63.2,79,3,0.8,19.60297767,22.40340305,20.86316909
45992,HospAlmoa,Lovita cookies,15,-0.54,3,5,-0.18,0.7444168734,-0.1914214817,0.3232896136
45992,HospAlmoa,Maltesers,61,5.2,9,6.777777778,0.5777777778,2.23325062,1.843317972,2.057780929
45992,HospAlmoa,Mars,6,2.4,1,6,2.4,0.2481389578,0.8507621411,0.5193193903
45992,HospAlmoa,Mirinda,78,19.5,26,3,0.75,6.451612903,6.912442396,6.658986175
45992,HospAlmoa,MrCrunch,50,26.7,10,5,2.67,2.481389578,9.46472882,5.623892237
45992,HospAlmoa,MrCrunch Normal,30,17.7,6,5,2.95,1.488833747,6.27437079,3.642325417
45992,HospAlmoa,MrCrunch-RingGo,70,47.6,14,5,3.4,3.473945409,16.87344913,9.503722084
45992,HospAlmoa,Pepsi,192,48,64,3,0.75,15.8808933,17.01524282,16.39135058
45992,HospAlmoa,Pretzels,150,52.5,30,5,1.75,7.444168734,18.61042184,12.46898263
45992,HospAlmoa,Rani,60,16.6,20,3,0.83,4.962779156,5.884438143,5.3775257
45992,HospAlmoa,Schweppes,90,30,30,3,1,7.444168734,10.63452676,8.879829848
45992,HospAlmoa,Snickers,196,25,38,5.157894737,0.6578947368,9.429280397,8.862105636,9.174051755
45992,HospAlmoa,Tiger *12,615,236.16,123,5,1.92,30.52109181,83.71499468,54.4583481
45992,HospAlmoa,Twix,66,27.5,11,6,2.5,2.729528536,9.7483162,5.887982985
45992,HospAlmoa,Water,403,282.1,403,1,0.7,100,100,100
45992,HospAlmoa,X!R,430,129,86,5,1.5,21.33995037,45.72846508,32.31478199
45992,HospAlmoa,ex mars,108,37.8,27,4,1.4,6.699751861,13.39950372,9.714640199
45992,HospAlmoa,koren Indomie,90,13.5,9,10,1.5,2.23325062,4.785537044,3.381779511
45992,HospAlmoa,mr bite,398,133.33,199,2,0.67,49.37965261,47.26338178,48.42733073
45992,HospAlmoa,sunTop,150,60,150,1,0.4,37.22084367,21.26905353,30.04253811
45992,SeaCost,Almarai Chocolate,102,34,34,3,1,12.27436823,6.351578554,9.609112876
45992,SeaCost,Almarai Strawberry,117,35.88,39,3,0.92,14.07942238,6.702783486,10.75993488
45992,SeaCost,Caser Juice,26,1.22,6,4.333333333,0.2033333333,2.166064982,0.2279095834,1.293895053
45992,SeaCost,Chico,15,8.49,3,5,2.83,1.083032491,1.586026527,1.309379807
45992,SeaCost,Corissant Karuzo,90,66.06,18,5,3.67,6.498194946,12.34074351,9.127341799
45992,SeaCost,Dallas juice,297,206.91,99,3,2.09,35.7400722,38.65309172,37.05093099
45992,SeaCost,Haribo,135,87.75,27,5,3.25,9.747292419,16.392677,12.73771548
45992,SeaCost,HiPro,12,-11.32,4,3,-2.83,1.444043321,-2.114702036,-0.1573920896
45992,SeaCost,Jannaty,73,25.75,21,3.476190476,1.226190476,7.581227437,4.810386699,6.334349105
45992,SeaCost,Kunuz Juice,12,6,3,4,2,1.083032491,1.120866804,1.100057932
45992,SeaCost,L suntop,54,28.35,27,2,1.05,9.747292419,5.296095647,7.744253872
45992,SeaCost,Lovita cookies,120,42.3,15,8,2.82,5.415162455,7.902110966,6.534289285
45992,SeaCost,Mrbeast,1010,535.3,101,10,5.3,36.46209386,100,65.05415162
45992,SeaCost,Mulino Cookis,154,48.62,22,7,2.21,7.942238267,9.082757332,8.455471846
45992,SeaCost,Nuts,6,1.42,1,6,1.42,0.3610108303,0.2652718102,0.3179282713
45992,SeaCost,Pretzels,102,46.75,17,6,2.75,6.137184116,8.733420512,7.305490494
45992,SeaCost,Prime,40,11.68,2,20,5.84,0.7220216606,2.181954044,1.378991233
45992,SeaCost,Prime Ex,40,22,2,20,11,0.7220216606,4.109844947,2.246542139
45992,SeaCost,Roshetto,21,11.48,7,3,1.64,2.527075812,2.144591818,2.354958015
45992,SeaCost,Skittles,302,80.46,38,7.947368421,2.117368421,13.71841155,15.03082384,14.30899708
45992,SeaCost,Today Chocolate,12,3.17,1,12,3.17,0.3610108303,0.5921912946,0.4650420392
45992,SeaCost,Toren Dark Chocolate,74,43.97,33,2.242424242,1.332424242,11.9133574,8.214085559,10.24868507
45992,SeaCost,Water,277,193.9,277,1,0.7,100,36.22267887,71.30020549
45992,SeaCost,Yasmin Almonds,15,4.2,3,5,1.4,1.083032491,0.7846067626,0.9487409132
45992,SeaCost,Yasmin Penuts,9,3.6,3,3,1.2,1.083032491,0.6725200822,0.898301907
45992,SeaCost,Yipy Juice,15,5.42,1,15,5.42,0.3610108303,1.012516346,0.6541883124
45992,SeaCost,brownies moulin,105,59.5,35,3,1.7,12.63537906,11.11526247,11.9513266
45992,SeaCost,ifruit juice,48,18.9,10,4.8,1.89,3.610108303,3.530730432,3.574388261
45992,SeaCost,mr bite,45,25.05,15,3,1.67,5.415162455,4.679618905,5.084167858
45992,SeaCost,mr.bite strike,32,17.04,8,4,2.13,2.888086643,3.183261722,3.020915429
45992,SeaCost,sunTop,191,76.4,191,1,0.4,68.95306859,14.27237063,44.34675451
45992,SeaCost,zigi marinated peanuts,40,12,8,5,1.5,2.888086643,2.241733607,2.597227777
46023,DPMall,7up,48,12,16,3,0.75,4.90797546,5.18448112,5.032403007
46023,DPMall,Almarai Strawberry,57,17.48,19,,,,,
46023,DPMall,Doritos cool ranc,347,163.46,69,,,,,
46023,DPMall,Gardena,30,21.75,3,,,,,
46023,DPMall,Haribo,51,21.25,17,,,,,
46023,DPMall,Laviva,72,22.08,24,,,,,
46023,DPMall,Maltesers,78,15.3,11,,,,,
46023,DPMall,Marshmellow sweetBag,93,36.27,31,,,,,
46023,DPMall,Mirinda,39,9.75,13,,,,,
46023,DPMall,Mr Crunch cheez top,84,53,20,,,,,
46023,DPMall,Mr Crunch normal,35,19.6,7,,,,,
46023,DPMall,Pepsi,111,27.75,37,,,,,
46023,DPMall,SunTop Saudi,119,50.52,107,,,,,
46023,DPMall,Water,326,231.46,326,,,,,
46023,DPMall,X!R,399,132.51,81,,,,,
46023,DPMall,bueno 1 stick,18,9,3,,,,,
46023,DPMall,ifrui juice,1,-0.33,1,,,,,
46023,DPMall,kinder bueno,70,10,10,,,,,
46023,DPMall,kinza,27,15.66,9,,,,,
46023,DPMall,mars,16,7.6,3,,,,,
46023,DPMall,mr bite,158,59.25,79,,,,,
46023,DPMall,schweppers,51,17,17,,,,,
46023,DPMall,snickers,6,1,1,,,,,
46023,DPMall,tiger 12,524,224,100,,,,,
46023,HTMall,7up,69,17.25,23,,,,,
46023,HTMall,Almarai Chocolate,240,80,80,,,,,
46023,HTMall,Almarai Strawberry,198,60.72,66,,,,,
46023,HTMall,Barbican,35,12.81,7,,,,,
46023,HTMall,Buldak,165,77,11,,,,,
46023,HTMall,Chotso,30,13.98,6,,,,,
46023,HTMall,Coach Suntop,17,9.35,17,,,,,
46023,HTMall,Doritos cool ranc,525,251.02,103,,,,,
46023,HTMall,Doritos green hot,830,388.44,166,,,,,
46023,HTMall,Doritos nacho,165,49.5,33,,,,,
46023,HTMall,Green,16,-1.76,6,,,,,
46023,HTMall,Haribo,531,221.25,177,,,,,
46023,HTMall,Haribo bears,66,35.86,22,,,,,
46023,HTMall,Kinder Bueno,170,36.6,23,,,,,
46023,HTMall,Kinder bueno1stick,24,3,7,,,,,
46023,HTMall,L suntop,85,53.65,33,,,,,
46023,HTMall,Laviva,399,99.75,133,,,,,
46023,HTMall,Lolo,15,7.8,3,,,,,
46023,HTMall,MR Crunch,350,156.1,70,,,,,
46023,HTMall,Maltesers,63,7.2,9,,,,,
46023,HTMall,Mars,12,1.6,2,,,,,
46023,HTMall,Mirinda,213,53.25,71,,,,,
46023,HTMall,MrCrunch,65,34.71,13,,,,,
46023,HTMall,MrCrunch Normal,30,17.7,6,,,,,
46023,HTMall,MrCrunch-RingGo,30,20.4,6,,,,,
46023,HTMall,Mrbeast,620,328.6,62,,,,,
46023,HTMall,Ono cake,42,27.3,21,,,,,
46023,HTMall,Pepsi,306,76.5,102,,,,,
46023,HTMall,Rayhan suntop,12,3.84,12,,,,,
46023,HTMall,Schweppes,120,40,40,,,,,
46023,HTMall,Shani,99,24.75,33,,,,,
46023,HTMall,Skittles,256,69.44,32,,,,,
46023,HTMall,Snickers,72,9.6,12,,,,,
46023,HTMall,Takis,365,50.79,13,,,,,
46023,HTMall,Tiger *12,235,70.5,47,,,,,
46023,HTMall,Tiger *12 Cheese,225,78,42,,,,,
46023,HTMall,Tiger *12 kebab,74,28.5,13,,,,,
46023,HTMall,Tiger *12 tomato,117,36.5,23,,,,,
46023,HTMall,Tiger *16 kebab,140,78.96,28,,,,,
46023,HTMall,Tiger *16 tomato,50,28.2,10,,,,,
46023,HTMall,Tiger 12 chili and lemon,111,37.5,21,,,,,
46023,HTMall,Tiger 12 paprika,75,22.5,15,,,,,
46023,HTMall,Tiger 12 sweet chili,27,9.5,5,,,,,
46023,HTMall,Tiger excellence,165,90.75,33,,,,,
46023,HTMall,Turbo strips,235,86.48,47,,,,,
46023,HTMall,Twix,42,7,7,,,,,
46023,HTMall,Twix ex,8,4.5,2,,,,,
46023,HTMall,Twix single,12,4.95,3,,,,,
46023,HTMall,Water,1082,757.4,1082,,,,,
46023,HTMall,X!R,575,143.75,115,,,,,
46023,HTMall,kinza,146,33.58,73,,,,,
46023,HTMall,mr bite,476,159.46,238,,,,,
46023,HTMall,sunTop,245,102.8,237,,,,,
46023,HospAlmoa,Almarai Chocolate,111,37,37,,,,,
46023,HospAlmoa,Almarai Strawberry,108,33.12,36,,,,,
46023,HospAlmoa,Barbican,65,23.79,13,,,,,
46023,HospAlmoa,Caser Juice,85,14.79,17,,,,,
46023,HospAlmoa,Corissant Karuzo,60,13.05,15,,,,,
46023,HospAlmoa,Digestive,23,8.51,23,,,,,
46023,HospAlmoa,Doritos cool ranc,130,60.84,26,,,,,
46023,HospAlmoa,Doritos green hot,120,56.16,24,,,,,
46023,HospAlmoa,Doritos nacho,15,4.5,3,,,,,
46023,HospAlmoa,Gardena,78,2,20,,,,,
46023,HospAlmoa,Indomie,60,26.04,12,,,,,
46023,HospAlmoa,Kinder Bueno,323,67.8,44,,,,,
46023,HospAlmoa,Kinder bueno1stick,3,0,1,,,,,
46023,HospAlmoa,Kunuz Juice,48,24,12,,,,,
46023,HospAlmoa,Laviva,339,78,116,,,,,
46023,HospAlmoa,Lexus,45,10.8,9,,,,,
46023,HospAlmoa,Lovita cookies,130,47.12,16,,,,,
46023,HospAlmoa,MR Crunch,280,124.88,56,,,,,
46023,HospAlmoa,Maltesers,99,18.4,13,,,,,
46023,HospAlmoa,Marie biscuit,1,0.53,1,,,,,
46023,HospAlmoa,Mars,156,20.8,26,,,,,
46023,HospAlmoa,Mirinda,72,18,24,,,,,
46023,HospAlmoa,MrCrunch-RingGo,5,3.4,1,,,,,
46023,HospAlmoa,Pepsi,159,39.75,53,,,,,
46023,HospAlmoa,Pretzels,60,21,12,,,,,
46023,HospAlmoa,Rani,6,1.66,2,,,,,
46023,HospAlmoa,Rayhan suntop,21,6.72,21,,,,,
46023,HospAlmoa,Savi stix,40,11.2,8,,,,,
46023,HospAlmoa,Schweppes,98,38,30,,,,,
46023,HospAlmoa,Shani,57,14.25,19,,,,,
46023,HospAlmoa,Snickers,126,11.6,22,,,,,
46023,HospAlmoa,Tiger *12,50,15,10,,,,,
46023,HospAlmoa,Tiger *12 Cheese,185,55.5,37,,,,,
46023,HospAlmoa,Tiger *12 kebab,100,30,20,,,,,
46023,HospAlmoa,Tiger *12 tomato,40,12,8,,,,,
46023,HospAlmoa,Tiger *16 kebab,30,16.92,6,,,,,
46023,HospAlmoa,Tiger *16 tomato,28,12.74,7,,,,,
46023,HospAlmoa,Tiger 12 chili and lemon,50,15,10,,,,,
46023,HospAlmoa,Tiger 12 paprika,55,16.5,11,,,,,
46023,HospAlmoa,Tiger excellence,70,38.5,14,,,,,
46023,HospAlmoa,Toblerone,84,26.52,12,,,,,
46023,HospAlmoa,Twix,186,-14,40,,,,,
46023,HospAlmoa,Water,334,233.8,334,,,,,
46023,HospAlmoa,X!R,365,91.25,73,,,,,
46023,HospAlmoa,mr bite,246,81.08,124,,,,,
46023,HospAlmoa,mr.bite strike,119,47.94,38,,,,,
46023,HospAlmoa,sunTop,127,50.8,127,,,,,
46023,Istiklal,Almarai Chocolate,48,16,16,,,,,
46023,Istiklal,Almarai Strawberry,63,19.32,21,,,,,
46023,Istiklal,Barbican,35,12.81,7,,,,,
46023,Istiklal,Caser Juice,75.5,13.55,15,,,,,
46023,Istiklal,Corissant Karuzo,40,8.7,10,,,,,
46023,Istiklal,Doritos cool ranc,40,18.72,8,,,,,
46023,Istiklal,Doritos green hot,70,32.76,14,,,,,
46023,Istiklal,Freez,11,4.18,2,,,,,
46023,Istiklal,Gardena,145,12,35,,,,,
46023,Istiklal,Kinder Bueno,203,46.4,27,,,,,
46023,Istiklal,KitKat,55,18.7,10,,,,,
46023,Istiklal,Kunuz Juice,16,8,4,,,,,
46023,Istiklal,Lavazza,6,1.5,1,,,,,
46023,Istiklal,Laviva,138,25.5,50,,,,,
46023,Istiklal,Lexus,50,12,10,,,,,
46023,Istiklal,Lovita cookies,52.5,16.24,7,,,,,
46023,Istiklal,MR Crunch,315,140.49,63,,,,,
46023,Istiklal,Maltesers,112,12.8,16,,,,,
46023,Istiklal,Mars,11.75,1.35,2,,,,,
46023,Istiklal,Mirinda,33,8.25,11,,,,,
46023,Istiklal,MrCrunch-RingGo,50,34,10,,,,,
46023,Istiklal,Pepsi,99,24.75,33,,,,,
46023,Istiklal,Rayhan suntop,22,7.04,22,,,,,
46023,Istiklal,Savi stix,10,2.8,2,,,,,
46023,Istiklal,Schweppes,27,9,9,,,,,
46023,Istiklal,Shada up,42.25,12.64,21,,,,,
46023,Istiklal,Shani,69,17.25,23,,,,,
46023,Istiklal,Snickers,18,2.4,3,,,,,
46023,Istiklal,Tiger *12 Cheese,71.5,26,13,,,,,
46023,Istiklal,Tiger *12 kebab,38.5,14,7,,,,,
46023,Istiklal,Tiger *16 kebab,31.5,16.24,7,,,,,
46023,Istiklal,Tiger excellence,67.5,33.75,15,,,,,
46023,Istiklal,Toblerone,63,19.89,9,,,,,
46023,Istiklal,Twix,48,3,9,,,,,
46023,Istiklal,Twix ex,4,2.25,1,,,,,
46023,Istiklal,Water,209,146.3,209,,,,,
46023,Istiklal,X!R,290,72.5,58,,,,,
46023,Istiklal,mr bite,92.5,43.29,37,,,,,
46023,Istiklal,mr.bite strike,15,5.65,5,,,,,
46023,Istiklal,sunTop,65,26,65,,,,,
46023,Istiklal,æœªè®¾ç½®,66,66,15,,,,,
46023,SeaCost,Almarai Chocolate,109,51,29,,,,,
46023,SeaCost,Almarai Strawberry,62,24.56,18,,,,,
46023,SeaCost,Be happy kids,50,16.7,10,,,,,
46023,SeaCost,Caser Juice,18,5.61,3,,,,,
46023,SeaCost,Chico,223,125.35,45,,,,,
46023,SeaCost,Chillax chips,161,80.5,23,,,,,
46023,SeaCost,Corissant Karuzo,80,29.92,16,,,,,
46023,SeaCost,Dallas juice,291,202.73,97,,,,,
46023,SeaCost,Duplo,8,1.8,1,,,,,
46023,SeaCost,Goftime,24,18.84,12,,,,,
46023,SeaCost,Haribo,11,5.75,3,,,,,
46023,SeaCost,HiPro,15,-14.15,5,,,,,
46023,SeaCost,Kunuz Juice,12,6,3,,,,,
46023,SeaCost,L suntop,16,8.4,8,,,,,
46023,SeaCost,Laviva,404,176.75,101,,,,,
46023,SeaCost,Lovita cookies,136,47.94,17,,,,,
46023,SeaCost,Mr Cruch veggy's,1038,615.88,173,,,,,
46023,SeaCost,Mrbeast,190,100.7,19,,,,,
46023,SeaCost,Mulino Cookis,45,11.47,7,,,,,
46023,SeaCost,Pretzels,24,11,4,,,,,
46023,SeaCost,Prime,20,5.84,1,,,,,
46023,SeaCost,Rayhan suntop,86,56.76,43,,,,,
46023,SeaCost,Shada up,10,2.95,5,,,,,
46023,SeaCost,Skittles,224,72.42,26,,,,,
46023,SeaCost,Souffle,120,56.8,40,,,,,
46023,SeaCost,Toblerone,153,57.2,20,,,,,
46023,SeaCost,Today Chocolate,24,6.34,2,,,,,
46023,SeaCost,Wafer Laviva,52,26.65,13,,,,,
46023,SeaCost,Waffi,22,17.65,5,,,,,
46023,SeaCost,Water,387,270.9,387,,,,,
46023,SeaCost,Yasmin Almonds,82,38.8,12,,,,,
46023,SeaCost,Yasmin Penuts,2,0.2,1,,,,,
46023,SeaCost,brownies moulin,90,51,30,,,,,
46023,SeaCost,ifruit juice,29,11.54,6,,,,,
46023,SeaCost,m&m,60,24.24,6,,,,,
46023,SeaCost,mr bite,150,83.5,50,,,,,
46023,SeaCost,mr.bite strike,16,8.52,4,,,,,
46023,SeaCost,sunTop,83,53,50,,,,,
46023,SeaCost,vita go,165,68.75,55,,,,,
46023,SeaCost,æœªè®¾ç½®,6,6,2,,,,,
46054,Attahadi Universty,Activ chips,60,18,12,,,,,
46054,Attahadi Universty,Almarai Banana,31.5,8.6,10,,,,,
46054,Attahadi Universty,Almarai Chocolate,212,72.31,61,,,,,
46054,Attahadi Universty,Almarai Strawberry,203,10.64,84,,,,,
46054,Attahadi Universty,Barbican,16.5,3.82,4,,,,,
46054,Attahadi Universty,Buldak,30,14,2,,,,,
46054,Attahadi Universty,Chillax chips,71,22,14,,,,,
46054,Attahadi Universty,Corissant Karuzo,12,2.61,3,,,,,
46054,Attahadi Universty,Doritos cool ranc,243,108.22,46,,,,,
46054,Attahadi Universty,Doritos green hot,175,75.38,34,,,,,
46054,Attahadi Universty,Doritos nacho,158,67.17,31,,,,,
46054,Attahadi Universty,Doritos real,50,-10,10,,,,,
46054,Attahadi Universty,EXO,10,2.76,2,,,,,
46054,Attahadi Universty,Freez,16.5,6.27,3,,,,,
46054,Attahadi Universty,Haribo,54,17.28,18,,,,,
46054,Attahadi Universty,Haribo bears,81,26.2,40,,,,,
46054,Attahadi Universty,Kinder Bueno,67,-38,15,,,,,
46054,Attahadi Universty,Kitkat 2 fingers,27,9.5,10,,,,,
46054,Attahadi Universty,Kunuz Juice,4,2.4,1,,,,,
46054,Attahadi Universty,L suntop,16,8.4,8,,,,,
46054,Attahadi Universty,Lavazza,18,-4.5,5,,,,,
46054,Attahadi Universty,Laviva,66,14.25,23,,,,,
46054,Attahadi Universty,Lexus,12,4.4,2,,,,,
46054,Attahadi Universty,Lovita cookies,69,22.38,9,,,,,
46054,Attahadi Universty,MR Crunch,710,275,145,,,,,
46054,Attahadi Universty,Maltesers,104,-1,14,,,,,
46054,Attahadi Universty,Mirinda,33,3.75,13,,,,,
46054,Attahadi Universty,Mrbeast,122,77,15,,,,,
46054,Attahadi Universty,Pepsi,36,9,12,,,,,
46054,Attahadi Universty,Schweppes bullet,93,38.75,31,,,,,
46054,Attahadi Universty,Shani,34,11.5,10,,,,,
46054,Attahadi Universty,Skittles,41,11.85,5,,,,,
46054,Attahadi Universty,Takis,105,60,3,,,,,
46054,Attahadi Universty,Tiger *12 kebab,16.5,6,3,,,,,
46054,Attahadi Universty,Tiger excellence,65,35.75,13,,,,,
46054,Attahadi Universty,Toblerone,94,26.94,14,,,,,
46054,Attahadi Universty,Turbo strips,280,-34.16,77,,,,,
46054,Attahadi Universty,Twix single,36,14.85,9,,,,,
46054,Attahadi Universty,Water,295,203.44,327,,,,,
46054,Attahadi Universty,X!R,305,13.28,68,,,,,
46054,Attahadi Universty,Xo Energy,20,6.2,4,,,,,
46054,Attahadi Universty,Yumi Zak,126,40.5,19,,,,,
46054,Attahadi Universty,Yumi zak,85,26.5,13,,,,,
46054,Attahadi Universty,m&m,21.5,3.62,3,,,,,
46054,Attahadi Universty,mr bite,24,4.31,11,,,,,
46054,Attahadi Universty,未设置,9,9,23,,,,,
46054,DPMall,7up,51,12.75,17,,,,,
46054,DPMall,Almarai Strawberry,89,32.84,27,,,,,
46054,DPMall,Doritos cool ranc,264,128.34,51,,,,,
46054,DPMall,Gardena,106,75.75,11,,,,,
46054,DPMall,Haribo,65,31.75,19,,,,,
46054,DPMall,Laviva,61,19.4,20,,,,,
46054,DPMall,Maltesers,99,30.6,12,,,,,
46054,DPMall,Marshmellow sweetBag,18,7.02,6,,,,,
46054,DPMall,Mirinda,42,10.5,14,,,,,
46054,DPMall,Mr Crunch cheez top,105,72.45,21,,,,,
46054,DPMall,Mr Crunch normal,110,61.6,22,,,,,
46054,DPMall,Pepsi,111,18.75,41,,,,,
46054,DPMall,SunTop Saudi,127,66.2,95,,,,,
46054,DPMall,Water,181,128.51,181,,,,,
46054,DPMall,X!R,260,79.05,55,,,,,
46054,DPMall,bueno 1 stick,36,18,6,,,,,
46054,DPMall,kinder bueno,49,13,6,,,,,
46054,DPMall,kinza,48,27.84,16,,,,,
46054,DPMall,mars,54,26,10,,,,,
46054,DPMall,mr bite,38,21.75,13,,,,,
46054,DPMall,schweppers,83,37,23,,,,,
46054,DPMall,snickers,24,4,4,,,,,
46054,DPMall,tiger 12,230,92,46,,,,,
46054,HTLand,7up,12,3,4,,,,,
46054,HTLand,Almarai Chocolate,207,48.99,69,,,,,
46054,HTLand,Almarai Strawberry,138,32.66,46,,,,,
46054,HTLand,Buldak,45,21,3,,,,,
46054,HTLand,Chotso,5,2.33,1,,,,,
46054,HTLand,Coach Suntop,186,102.3,186,,,,,
46054,HTLand,Doritos cool ranc,480,198.72,96,,,,,
46054,HTLand,Doritos green hot,565,233.91,113,,,,,
46054,HTLand,Doritos nacho,260,107.64,52,,,,,
46054,HTLand,Haribo,351,112.32,117,,,,,
46054,HTLand,Haribo 80g,40,11.2,4,,,,,
46054,HTLand,Haribo bears,51,27.71,17,,,,,
46054,HTLand,Kinder Bueno,120,15,15,,,,,
46054,HTLand,Laviva,210,59.25,67,,,,,
46054,HTLand,MR Crunch,425,170,85,,,,,
46054,HTLand,Maltesers,24,1.5,3,,,,,
46054,HTLand,Mars,45,-15.5,11,,,,,
46054,HTLand,Mirinda,72,18,24,,,,,
46054,HTLand,Mr Cruch veggy's,5,2.56,1,,,,,
46054,HTLand,MrCrunch Normal,25,14.75,5,,,,,
46054,HTLand,Mrbeast,940,658,94,,,,,
46054,HTLand,Pepsi,225,56.25,75,,,,,
46054,HTLand,Rayhan suntop,30,9.6,30,,,,,
46054,HTLand,Schweppes bullet,42,17.5,14,,,,,
46054,HTLand,Shani,78,19.5,26,,,,,
46054,HTLand,Skittles,152,41.23,19,,,,,
46054,HTLand,Snickers,60,8,10,,,,,
46054,HTLand,Tiger *12 Cheese,54,22.5,9,,,,,
46054,HTLand,Tiger *12 kebab,23,9,4,,,,,
46054,HTLand,Tiger *12 tomato,60,25,10,,,,,
46054,HTLand,Tiger *16 kebab,10,5.64,2,,,,,
46054,HTLand,Tiger 12 chili and lemon,90,37.5,15,,,,,
46054,HTLand,Tiger 12 sweet chili,36,15,6,,,,,
46054,HTLand,Tiger excellence,225,123.75,45,,,,,
46054,HTLand,Turbo strips,585,107.64,117,,,,,
46054,HTLand,Twix,42,7,7,,,,,
46054,HTLand,Twix single,16,6.6,4,,,,,
46054,HTLand,Water,624,449.28,624,,,,,
46054,HTLand,X!R,520,73.84,104,,,,,
46054,HTLand,Xo Energy,55,17.05,11,,,,,
46054,HTLand,Yupi,36,14.52,12,,,,,
46054,HTLand,kinza,138,31.74,69,,,,,
46054,HTLand,mr bite,114,45.98,38,,,,,
46054,HTMall,Almarai Chocolate,87,20.59,29,,,,,
46054,HTMall,Almarai Strawberry,51,12.07,17,,,,,
46054,HTMall,Coach Suntop,91,50.05,91,,,,,
46054,HTMall,Doritos cool ranc,270,111.78,54,,,,,
46054,HTMall,Doritos green hot,620,256.68,124,,,,,
46054,HTMall,Doritos nacho,25,10.35,5,,,,,
46054,HTMall,EXO,20,5.52,4,,,,,
46054,HTMall,Gardena,30,2.5,5,,,,,
46054,HTMall,Haribo,111,35.52,37,,,,,
46054,HTMall,Kinder Bueno,25.5,4.5,3,,,,,
46054,HTMall,Laviva,157,44.5,50,,,,,
46054,HTMall,MR Crunch,360,144,72,,,,,
46054,HTMall,Mars,45,-10,10,,,,,
46054,HTMall,Mirinda,57,14.25,19,,,,,
46054,HTMall,Mrbeast,190,133,19,,,,,
46054,HTMall,Pepsi,174,43.5,58,,,,,
46054,HTMall,Rayhan suntop,24,0.88,34,,,,,
46054,HTMall,Schweppes bullet,39,16.25,13,,,,,
46054,HTMall,Shani,54,13.5,18,,,,,
46054,HTMall,Snickers,24,3.2,4,,,,,
46054,HTMall,Tiger *12 tomato,6,2.5,1,,,,,
46054,HTMall,Tiger excellence,120,66,24,,,,,
46054,HTMall,Toblerone,24,4.84,4,,,,,
46054,HTMall,Turbo strips,245,45.08,49,,,,,
46054,HTMall,Twix single,28,11.55,7,,,,,
46054,HTMall,Water,538,387.36,538,,,,,
46054,HTMall,X!R,444,53.61,91,,,,,
46054,HTMall,Xo Energy,95,29.45,19,,,,,
46054,HTMall,Yupi,36,14.52,12,,,,,
46054,HTMall,kinza,26,5.98,13,,,,,
46054,HTMall,mr bite,45,18.15,15,,,,,
46054,HTMall,未设置,88,88,54,,,,,
46054,HospAlmoa,Almarai Chocolate,69,16.33,23,,,,,
46054,HospAlmoa,Almarai Strawberry,111,26.27,37,,,,,
46054,HospAlmoa,Barbican,25,9.15,5,,,,,
46054,HospAlmoa,Caser Juice,100,17.4,20,,,,,
46054,HospAlmoa,Corissant Karuzo,101,32.14,22,,,,,
46054,HospAlmoa,Digestive,76,57.73,29,,,,,
46054,HospAlmoa,Doritos cool ranc,185,76.59,37,,,,,
46054,HospAlmoa,Doritos green hot,90,37.26,18,,,,,
46054,HospAlmoa,Doritos nacho,65,23.98,14,,,,,
46054,HospAlmoa,Freez,6,2.59,1,,,,,
46054,HospAlmoa,Gardena,75,-2,14,,,,,
46054,HospAlmoa,Indomie,10,4.34,2,,,,,
46054,HospAlmoa,Kinder Bueno,354,46,44,,,,,
46054,HospAlmoa,Kitkat 2 fingers,45,18.75,15,,,,,
46054,HospAlmoa,Kunuz Juice,100,61.6,24,,,,,
46054,HospAlmoa,Laviva,130,37.75,41,,,,,
46054,HospAlmoa,Lexus,125,30,25,,,,,
46054,HospAlmoa,Lovita cookies,80,28.2,10,,,,,
46054,HospAlmoa,MR Crunch,545,218,109,,,,,
46054,HospAlmoa,Maltesers,107,9.5,13,,,,,
46054,HospAlmoa,Mars,108,-2,20,,,,,
46054,HospAlmoa,Mirinda,33,8.25,11,,,,,
46054,HospAlmoa,Pepsi,168,42,56,,,,,
46054,HospAlmoa,Rayhan suntop,113,36.16,113,,,,,
46054,HospAlmoa,Savi stix,65,14.6,14,,,,,
46054,HospAlmoa,Schweppes,36,12,12,,,,,
46054,HospAlmoa,Schweppes bullet,48,20,16,,,,,
46054,HospAlmoa,Shani,45,11.25,15,,,,,
46054,HospAlmoa,Snickers,54,7.2,9,,,,,
46054,HospAlmoa,Tiger excellence,105,57.75,21,,,,,
46054,HospAlmoa,Toblerone,214,55.93,33,,,,,
46054,HospAlmoa,Twix,54,9,9,,,,,
46054,HospAlmoa,Water,303,218.16,303,,,,,
46054,HospAlmoa,X!R,280,39.76,56,,,,,
46054,HospAlmoa,Xo Energy,15,4.65,3,,,,,
46054,HospAlmoa,mr bite,204,82.28,68,,,,,
46054,Istiklal,Almarai Chocolate,84,19.88,28,,,,,
46054,Istiklal,Almarai Strawberry,78,18.46,26,,,,,
46054,Istiklal,Barbican,30,4.64,8,,,,,
46054,Istiklal,Caser Juice,33,8.22,6,,,,,
46054,Istiklal,Corissant Karuzo,84,18.27,21,,,,,
46054,Istiklal,Doritos cool ranc,160,66.24,32,,,,,
46054,Istiklal,Doritos green hot,75,31.05,15,,,,,
46054,Istiklal,Doritos nacho,70,28.98,14,,,,,
46054,Istiklal,Freez,11,4.18,2,,,,,
46054,Istiklal,Gardena,42.5,4,7,,,,,
46054,Istiklal,Kinder Bueno,294.5,42.5,36,,,,,
46054,Istiklal,Kunuz Juice,50,34,10,,,,,
46054,Istiklal,Lavazza,12,3,2,,,,,
46054,Istiklal,Laviva,193,53.5,62,,,,,
46054,Istiklal,Lexus,90,14,20,,,,,
46054,Istiklal,Lovita cookies,45,13.92,6,,,,,
46054,Istiklal,MR Crunch,295,115,60,,,,,
46054,Istiklal,Maltesers,138.5,11,17,,,,,
46054,Istiklal,Mars,42,3.5,7,,,,,
46054,Istiklal,Mirinda,39,9.75,13,,,,,
46054,Istiklal,Pepsi,258,64.5,86,,,,,
46054,Istiklal,Rayhan suntop,106,33.92,106,,,,,
46054,Istiklal,Savi stix,15,4.2,3,,,,,
46054,Istiklal,Schweppes,9,3,3,,,,,
46054,Istiklal,Schweppes bullet,30,12.5,10,,,,,
46054,Istiklal,Shada up,34.5,13.35,15,,,,,
46054,Istiklal,Shani,105,26.25,35,,,,,
46054,Istiklal,Snickers,48,6.4,8,,,,,
46054,Istiklal,Tiger 12 sweet chili,18,7.5,3,,,,,
46054,Istiklal,Tiger excellence,90,49.5,18,,,,,
46054,Istiklal,Toblerone,64,1.73,13,,,,,
46054,Istiklal,Twix,72,12,12,,,,,
46054,Istiklal,Twix single,28,11.55,7,,,,,
46054,Istiklal,Water,263,189.08,264,,,,,
46054,Istiklal,X!R,175,24.85,35,,,,,
46054,Istiklal,Xo Energy,25,7.75,5,,,,,
46054,Istiklal,Yumi zak,21,7.5,3,,,,,
46054,Istiklal,kinza,24,5.52,12,,,,,
46054,Istiklal,mr bite,104.5,34.69,39,,,,,
46054,Istiklal,mr.bite strike,27,10.17,9,,,,,
46054,Istiklal,sunTop,9,3.6,9,,,,,
46054,SeaCost,Almarai Chocolate,48,20.52,12,,,,,
46054,SeaCost,Almarai Strawberry,32,13.68,8,,,,,
46054,SeaCost,Be happy kids,40,13.36,8,,,,,
46054,SeaCost,Chico,75,31.6,20,,,,,
46054,SeaCost,Chillax chips,301,150.5,43,,,,,
46054,SeaCost,Coach Suntop,6,4.65,3,,,,,
46054,SeaCost,Corissant Karuzo,10,3.74,2,,,,,
46054,SeaCost,Dallas juice,216,150.48,72,,,,,
46054,SeaCost,Doritos cool ranc,637,370.37,91,,,,,
46054,SeaCost,Doritos green hot,371,215.71,53,,,,,
46054,SeaCost,Doritos nacho,231,134.31,33,,,,,
46054,SeaCost,Doritos real,105,15,15,,,,,
46054,SeaCost,Goftime,32,25.12,16,,,,,
46054,SeaCost,Kunuz Juice,20,12,5,,,,,
46054,SeaCost,Laviva,288,126,72,,,,,
46054,SeaCost,Lexus,5,1.2,1,,,,,
46054,SeaCost,Lovita cookies,16,5.64,2,,,,,
46054,SeaCost,MR Crunch,678,339,113,,,,,
46054,SeaCost,Mr Cruch veggy's,113,69.08,18,,,,,
46054,SeaCost,Mrbeast,250,175,25,,,,,
46054,SeaCost,Mulino Cookis,10,0.42,2,,,,,
46054,SeaCost,Prime,60,17.52,3,,,,,
46054,SeaCost,Rayhan suntop,94,62.04,47,,,,,
46054,SeaCost,Shada up,40,11.8,20,,,,,
46054,SeaCost,Skittles,10,4.17,1,,,,,
46054,SeaCost,Tiger excellence,174,108.75,29,,,,,
46054,SeaCost,Toblerone,69,25.89,9,,,,,
46054,SeaCost,Wafer Laviva,12,6.15,3,,,,,
46054,SeaCost,Waffi,21,14.91,7,,,,,
46054,SeaCost,Water,273,196.56,273,,,,,
46054,SeaCost,brownies moulin,21,8.4,7,,,,,
46054,SeaCost,mr bite,99,39.93,33,,,,,
46054,SeaCost,sunTop,24,16.8,12,,,,,
46054,SeaCost,vita go,111,46.25,37,,,,,
46054,SeaCost2,Almarai Chocolate,16,6.84,4,,,,,
46054,SeaCost2,Almarai Strawberry,16,6.84,4,,,,,
46054,SeaCost2,Coach Suntop,24,18.6,12,,,,,
46054,SeaCost2,Dallas juice,30,20.9,10,,,,,
46054,SeaCost2,Doritos cool ranc,224,130.24,32,,,,,
46054,SeaCost2,Doritos green hot,203,118.03,29,,,,,
46054,SeaCost2,Kunuz Juice,10,6.8,2,,,,,
46054,SeaCost2,Lovita cookies,42,5.74,7,,,,,
46054,SeaCost2,MR Crunch,145,73,24,,,,,
46054,SeaCost2,Mirinda,32,14,8,,,,,
46054,SeaCost2,Mr Cruch veggy's,84,49.84,14,,,,,
46054,SeaCost2,Pepsi,48,21,12,,,,,
46054,SeaCost2,Schweppes bullet,20,11.25,5,,,,,
46054,SeaCost2,Shada up,6,3.18,2,,,,,
46054,SeaCost2,Shani,24,10.5,6,,,,,
46054,SeaCost2,Water,41,29.52,41,,,,,
46054,SeaCost2,mr bite,15,6.05,5,,,,,
46054,SeaCost2,未设置,40,40,10,,,,,
46082,Attahadi Universty,Almarai Banana,8,3.42,2,,,,,
46082,Attahadi Universty,Almarai Chocolate,44,18.81,11,,,,,
46082,Attahadi Universty,Almarai Strawberry,51.5,21.73,13,,,,,
46082,Attahadi Universty,Bounty wafer roll,4,1.84,2,,,,,
46082,Attahadi Universty,Corissant Karuzo,20,4.35,5,,,,,
46082,Attahadi Universty,Doritos cool ranc,66,27.91,13,,,,,
46082,Attahadi Universty,Doritos green hot,50,23.63,9,,,,,
46082,Attahadi Universty,Doritos nacho,47,20.63,9,,,,,
46082,Attahadi Universty,Doritos red hot,35,14.49,7,,,,,
46082,Attahadi Universty,Freez,11,4.18,2,,,,,
46082,Attahadi Universty,Galaxy wafer roll,6,2.76,3,,,,,
46082,Attahadi Universty,Gardena,18.5,2,3,,,,,
46082,Attahadi Universty,Haribo,10,3.88,3,,,,,
46082,Attahadi Universty,Haribo bears,15,8.15,5,,,,,
46082,Attahadi Universty,Kinder Bueno,42.5,7.5,5,,,,,
46082,Attahadi Universty,Laviva,28,12.25,7,,,,,
46082,Attahadi Universty,Lovita cookies,25.5,9.96,3,,,,,
46082,Attahadi Universty,MR Crunch,119,53,22,,,,,
46082,Attahadi Universty,Maltesers,25.5,3,3,,,,,
46082,Attahadi Universty,Mrbeast,10,7,1,,,,,
46082,Attahadi Universty,Pepsi,24,6,8,,,,,
46082,Attahadi Universty,Schweppes bullet,9,3.75,3,,,,,
46082,Attahadi Universty,Skittles,8,2.17,1,,,,,
46082,Attahadi Universty,Snickers wafer roll,12,5.28,6,,,,,
46082,Attahadi Universty,Sweeto jelly,25,6.7,5,,,,,
46082,Attahadi Universty,Takis,35,20,1,,,,,
46082,Attahadi Universty,Tiger excellence,81,45,16,,,,,
46082,Attahadi Universty,Turbo strips,42,13.44,7,,,,,
46082,Attahadi Universty,Twix single,6,3.65,1,,,,,
46082,Attahadi Universty,Water,53,38.16,53,,,,,
46082,Attahadi Universty,X!R,105,14.91,21,,,,,
46082,Attahadi Universty,Yumi Zak,31,13,4,,,,,
46082,Attahadi Universty,kinder delice,30,15.6,6,,,,,
46082,Attahadi Universty,mr bite,3,1.21,1,,,,,
46082,DPMall,7up,114,28.5,38,,,,,
46082,DPMall,Almarai Chocolate,67,23.32,21,,,,,
46082,DPMall,Almarai Strawberry,287,122.68,79,,,,,
46082,DPMall,Doritos cool ranc,1902,915.14,371,,,,,
46082,DPMall,Gardena,188,127.5,22,,,,,
46082,DPMall,Haribo,484,251.25,133,,,,,
46082,DPMall,Laviva,120,57.6,30,,,,,
46082,DPMall,Maltesers,265,,71,,,,,
46082,DPMall,Marshmellow sweetBag,18,7.02,6,,,,,
46082,DPMall,Mirinda,105,26.25,35,,,,,
46082,DPMall,Mr Crunch cheez top,15,10.35,3,,,,,
46082,DPMall,Mr Crunch normal,20,11.2,4,,,,,
46082,DPMall,Pepsi,243,60.75,81,,,,,
46082,DPMall,SunTop Saudi,375,218.84,244,,,,,
46082,DPMall,Water,541,384.11,541,,,,,
46082,DPMall,X!R,865,295.83,173,,,,,
46082,DPMall,bueno 1 stick,86,-43,43,,,,,
46082,DPMall,kinder bueno,710,284,71,,,,,
46082,DPMall,kinza,15,8.7,5,,,,,
46082,DPMall,mars,75,-11.8,31,,,,,
46082,DPMall,mr bite,180,105,60,,,,,
46082,DPMall,schweppers,98,54,22,,,,,
46082,DPMall,snickers,130,,45,,,,,
46082,DPMall,tiger 12,1235,512,241,,,,,
46082,HTLand,7up,45,11.25,15,,,,,
46082,HTLand,Almarai Chocolate,173,53.92,52,,,,,
46082,HTLand,Almarai Strawberry,33,7.81,11,,,,,
46082,HTLand,BeBeto marshmello,75,46.35,15,,,,,
46082,HTLand,Bounty wafer roll,82,37.72,41,,,,,
46082,HTLand,Chillax chips,35,10.5,7,,,,,
46082,HTLand,Coach Suntop,200,110,200,,,,,
46082,HTLand,Doritos BBQ,75,31.05,15,,,,,
46082,HTLand,Doritos cool ranc,698,314.17,131,,,,,
46082,HTLand,Doritos green hot,340,140.76,68,,,,,
46082,HTLand,Doritos nacho,514,229.79,97,,,,,
46082,HTLand,Doritos red hot,85,35.19,17,,,,,
46082,HTLand,Galaxy wafer roll,98,45.08,49,,,,,
46082,HTLand,Haribo,123,39.36,41,,,,,
46082,HTLand,Haribo 80g,120,33.6,12,,,,,
46082,HTLand,Kinder Bueno,4,-3,1,,,,,
46082,HTLand,Laviva,292,127.75,73,,,,,
46082,HTLand,MR Crunch,591,261,110,,,,,
46082,HTLand,Mirinda,90,22.5,30,,,,,
46082,HTLand,Mr Cruch veggy's,125,64,25,,,,,
46082,HTLand,Pepsi,192,48,64,,,,,
46082,HTLand,Prime Ex,30,3,3,,,,,
46082,HTLand,Schweppes bullet,96,40,32,,,,,
46082,HTLand,Shani,69,17.25,23,,,,,
46082,HTLand,Skittles,72,19.53,9,,,,,
46082,HTLand,Snickers,24,-38.4,12,,,,,
46082,HTLand,Snickers wafer roll,8,3.52,4,,,,,
46082,HTLand,Sweeto jelly,195,52.26,39,,,,,
46082,HTLand,Tiger *12 Cheese,48,16.5,9,,,,,
46082,HTLand,Tiger 12 chili and lemon,24,10,4,,,,,
46082,HTLand,Tiger excellence,100,55,20,,,,,
46082,HTLand,Turbo strips,174,55.68,29,,,,,
46082,HTLand,Twix wafer roll,168,98.88,64,,,,,
46082,HTLand,Water,486,357.48,459,,,,,
46082,HTLand,X!R,660,93.72,132,,,,,
46082,HTLand,Xo Energy,30,9.3,6,,,,,
46082,HTLand,mr bite,315,127.05,105,,,,,
46082,HTMall,7up,78,19.5,26,,,,,
46082,HTMall,Almarai Chocolate,363.5,125.34,104,,,,,
46082,HTMall,Almarai Strawberry,168,58.08,48,,,,,
46082,HTMall,Balls,206,166,100,,,,,
46082,HTMall,BeBeto marshmello,154,85.24,36,,,,,
46082,HTMall,Bounty wafer roll,138,63.48,69,,,,,
46082,HTMall,Chillax chips,102,42.5,17,,,,,
46082,HTMall,Coach Suntop,209,116.75,205,,,,,
46082,HTMall,Dallas juice,102,71.06,34,,,,,
46082,HTMall,Doritos BBQ,210,86.94,42,,,,,
46082,HTMall,Doritos cool ranc,1545,666,300,,,,,
46082,HTMall,Doritos green hot,400,165.6,80,,,,,
46082,HTMall,Doritos nacho,827,358.2,160,,,,,
46082,HTMall,Doritos red hot,310,128.34,62,,,,,
46082,HTMall,Galaxy wafer roll,300,138,150,,,,,
46082,HTMall,Gardena,81.5,-12,17,,,,,
46082,HTMall,Haribo,369,118.08,123,,,,,
46082,HTMall,Kinder Bueno,34,6,4,,,,,
46082,HTMall,Laviva,451,163,128,,,,,
46082,HTMall,MR Crunch,975,408,189,,,,,
46082,HTMall,Mars,2,-3.5,1,,,,,
46082,HTMall,Mirinda,300,75,100,,,,,
46082,HTMall,Mrbeast,1720,1204,172,,,,,
46082,HTMall,Pepsi,588,147,196,,,,,
46082,HTMall,Schweppes,21,7,7,,,,,
46082,HTMall,Schweppes bullet,108,45,36,,,,,
46082,HTMall,Shani,228,57,76,,,,,
46082,HTMall,Snickers,27,6.2,4,,,,,
46082,HTMall,Snickers wafer roll,198,87.12,99,,,,,
46082,HTMall,Sweeto jelly,832,228.1,165,,,,,
46082,HTMall,Tiger excellence,301,168.25,59,,,,,
46082,HTMall,Turbo strips,429,86.28,84,,,,,
46082,HTMall,Twix,28,8,4,,,,,
46082,HTMall,Twix wafer roll,166,76.36,83,,,,,
46082,HTMall,Water,1096,789.12,1096,,,,,
46082,HTMall,X!R,1380,195.96,276,,,,,
46082,HTMall,Yupi,114,45.98,38,,,,,
46082,HTMall,mr bite,234,94.38,78,,,,,
46082,HTMall,未设置,114,114,57,,,,,
46082,HospAlmoa,7up,9,2.25,3,,,,,
46082,HospAlmoa,Almarai Chocolate,64,15.91,21,,,,,
46082,HospAlmoa,Almarai Strawberry,98,27.01,31,,,,,
46082,HospAlmoa,Barbican,4,0.83,1,,,,,
46082,HospAlmoa,Caser Juice,55,9.57,11,,,,,
46082,HospAlmoa,Corissant Karuzo,104,19.49,27,,,,,
46082,HospAlmoa,Doritos cool ranc,405,167.67,81,,,,,
46082,HospAlmoa,Doritos green hot,75,31.05,15,,,,,
46082,HospAlmoa,Doritos nacho,260,107.64,52,,,,,
46082,HospAlmoa,Doritos red hot,145,60.03,29,,,,,
46082,HospAlmoa,Freez,24,10.36,4,,,,,
46082,HospAlmoa,Galaxy wafer roll,54,24.84,27,,,,,
46082,HospAlmoa,Gardena,294,24.5,49,,,,,
46082,HospAlmoa,Kinder Bueno,396,88,44,,,,,
46082,HospAlmoa,Kunuz Juice,32,19.2,8,,,,,
46082,HospAlmoa,Laviva,268,117.25,67,,,,,
46082,HospAlmoa,Lovita cookies,64,22.56,8,,,,,
46082,HospAlmoa,MR Crunch,320,128,64,,,,,
46082,HospAlmoa,Maltesers,72,12,8,,,,,
46082,HospAlmoa,Mirinda,78,19.5,26,,,,,
46082,HospAlmoa,Pepsi,171,42.75,57,,,,,
46082,HospAlmoa,Rayhan suntop,144,46.08,144,,,,,
46082,HospAlmoa,Savi stix,110,30.8,22,,,,,
46082,HospAlmoa,Schweppes,3,1,1,,,,,
46082,HospAlmoa,Schweppes bullet,36,15,12,,,,,
46082,HospAlmoa,Shani,30,7.5,10,,,,,
46082,HospAlmoa,Snickers,21,5.4,3,,,,,
46082,HospAlmoa,Snickers wafer roll,32,14.08,16,,,,,
46082,HospAlmoa,Sweeto jelly,30,8.04,6,,,,,
46082,HospAlmoa,Tiger excellence,195,107.25,39,,,,,
46082,HospAlmoa,Twix,90,20,14,,,,,
46082,HospAlmoa,Twix wafer roll,24,11.04,12,,,,,
46082,HospAlmoa,Water,297,213.84,297,,,,,
46082,HospAlmoa,X!R,385,54.67,77,,,,,
46082,HospAlmoa,brownies moulin,30,12,10,,,,,
46082,HospAlmoa,mr bite,156,62.92,52,,,,,
46082,HospAlmoa,vitrac,98,56.4,26,,,,,
46082,HospAlmoa,wafe'up,39,9.75,13,,,,,
46082,Istiklal,7up,90,22.5,30,,,,,
46082,Istiklal,Almarai Chocolate,52.5,18.15,15,,,,,
46082,Istiklal,Almarai Strawberry,87.5,30.25,25,,,,,
46082,Istiklal,Barbican,70,25.62,14,,,,,
46082,Istiklal,Bounty wafer roll,28,12.88,14,,,,,
46082,Istiklal,Caser Juice,77,19.18,14,,,,,
46082,Istiklal,Corissant Karuzo,76,16.53,19,,,,,
46082,Istiklal,Doritos cool ranc,260,107.64,52,,,,,
46082,Istiklal,Doritos green hot,75,31.05,15,,,,,
46082,Istiklal,Doritos nacho,195,80.73,39,,,,,
46082,Istiklal,Doritos red hot,70,28.98,14,,,,,
46082,Istiklal,Freez,11,4.18,2,,,,,
46082,Istiklal,Galaxy wafer roll,96,44.16,48,,,,,
46082,Istiklal,Gardena,104,16,16,,,,,
46082,Istiklal,Kinder Bueno,212,30,26,,,,,
46082,Istiklal,Kunuz Juice,25,17,5,,,,,
46082,Istiklal,Lavazza,36,9,6,,,,,
46082,Istiklal,Laviva,186.5,69.5,52,,,,,
46082,Istiklal,Lovita cookies,98.5,31.16,13,,,,,
46082,Istiklal,MR Crunch,360,144,72,,,,,
46082,Istiklal,Maltesers,68,8,8,,,,,
46082,Istiklal,Mars,36,3,6,,,,,
46082,Istiklal,Mirinda,78,19.5,26,,,,,
46082,Istiklal,Pepsi,252,63,84,,,,,
46082,Istiklal,Rayhan suntop,117,37.44,117,,,,,
46082,Istiklal,Savi stix,45,12.6,9,,,,,
46082,Istiklal,Schweppes bullet,51,21.25,17,,,,,
46082,Istiklal,Shada up,12.5,5.45,5,,,,,
46082,Istiklal,Shani,147,36.75,49,,,,,
46082,Istiklal,Snickers wafer roll,26,11.44,13,,,,,
46082,Istiklal,Sweeto jelly,15,4.02,3,,,,,
46082,Istiklal,Tiger excellence,65,35.75,13,,,,,
46082,Istiklal,Toblerone,20,-3.95,5,,,,,
46082,Istiklal,Twix,42,7,7,,,,,
46082,Istiklal,Twix wafer roll,60,27.6,30,,,,,
46082,Istiklal,Water,329,236.88,329,,,,,
46082,Istiklal,X!R,305,43.31,61,,,,,
46082,Istiklal,Yumi zak,21,7.5,3,,,,,
46082,Istiklal,kinza,4,0.92,2,,,,,
46082,Istiklal,mr bite,105,42.35,35,,,,,
46082,Istiklal,mr.bite strike,3,1.13,1,,,,,
46082,Istiklal,vitrac,90,61.2,18,,,,,
46082,Istiklal,wafe'up,21,5.25,7,,,,,
46082,SeaCost2,Almarai Chocolate,4,1.71,1,,,,,
46082,SeaCost2,Almarai Strawberry,8,3.42,2,,,,,
46082,SeaCost2,Caser Juice,12,3.74,2,,,,,
46082,SeaCost2,Chillax chips,96,54,12,,,,,
46082,SeaCost2,Coach Suntop,14,10.85,7,,,,,
46082,SeaCost2,Dallas juice,21,14.63,7,,,,,
46082,SeaCost2,Doritos cool ranc,182,105.82,26,,,,,
46082,SeaCost2,Doritos nacho,133,77.33,19,,,,,
46082,SeaCost2,Doritos red hot,63,36.63,9,,,,,
46082,SeaCost2,Laviva,64,28,16,,,,,
46082,SeaCost2,Lovita cookies,8,2.82,1,,,,,
46082,SeaCost2,Mirinda,12,5.25,3,,,,,
46082,SeaCost2,Mr Cruch veggy's,42,24.92,7,,,,,
46082,SeaCost2,Pepsi,36,15.75,9,,,,,
46082,SeaCost2,Schweppes bullet,4,2.25,1,,,,,
46082,SeaCost2,Shani,4,1.75,1,,,,,
46082,SeaCost2,Water,31,22.32,31,,,,,
46082,SeaCost2,brownies moulin,36,19.8,9,,,,,
46082,SeaCost2,mr bite,33,13.31,11,,,,,
46082,SeaCost2,wafe'up,8,3.5,2,,,,,
